:020000040800F2
:1000000000430124E503000851F20008B9E50008A7
:1000100049F2000889090008416301080000000056
:10002000000000000000000000000000E9000108DE
:10003000C11800080000000069F6000881010108ED
:10004000FF030008FF030008FF030008FF03000888
:10005000FF030008FF030008FF030008FF03000878
:10006000FF030008FF030008FF030008E10C00087D
:10007000F10C0008010D0008110D0008210D000809
:10008000310D0008410D0008FF030008F1180008B9
:1000900001190008FF030008FF030008FF03000820
:1000A000FF030008FF030008FF030008FF03000828
:1000B000FF030008FF030008A1030108FF03000875
:1000C000FF030008FF030008FF030008FF03000808
:1000D000B9FC0008B1280108C1280108FF03000885
:1000E000C9180008FF03000800000000FF03000813
:1000F000FF030008FF030008FF030008510D00087C
:10010000FF030008FF030008B1030108FF03000814
:10011000FF030008C1110108FF030008FF030008E6
:10012000610D0008710D0008810D0008910D000897
:10013000FF030008FF030008FF030008FF03000897
:1001400000000000000000000000000000000000AF
:10015000FF030008FF030008FF030008FF03000877
:10016000FF030008FF030008FF030008FF03000867
:10017000FF030008C9F20008FF03000800000000A8
:10018000FF030008FF030008D1110108E111010875
:10019000FF030008FF030008FF030008FF03000837
:1001A000FF030008FF030008FF0300080000000031
:1001B000FF030008FF030008FF030008FF03000817
:1001C000FF030008FF03000800000000000000001B
:1001D0000000000000000000FF0300080000000015
:1001E000000000000000000000000000000000000F
:1001F0000000000000000000FF030008FF030008EB
:10020000FF030008FF03000800000000FF030008D0
:10021000FF030008FF030008FF030008FF030008B6
:10022000FF03000800000000FF03000800000000BA
:10023000FF030008FF03000800000000FF030008A0
:10024000FF030008FF030008FF030008FF03000886
:10025000FF030008FF030008FF030008FF03000876
:10026000FF030008FF030008FF030008FF03000866
:10027000FF030008FF030008FF0300080000000060
:10028000FF030008FF030008FF030008FF03000846
:1002900000000000FF030008FF030008000000004A
:1002A00000000000FF030008FF030008F11101082F
:1002B000A1280108FF030008FF0300081119000826
:1002C000FF030008FF030008FF03000800F002F826
:1002D00000F078F814A696E8000CB244B344DA456E
:1002E00001D100F06FF8BAE80F000FA696E83000D1
:1002F000A5EB040504EB0607AAEB0704A7F1010729
:100300004FEA15154FEA3414A4F10104AC4201D3AD
:1003100000F058F813F0010F18BFFB1A43F0010367
:1003200000F001F8DBE7184734160200541602000B
:100330000A444FF0000C10F8013B13F0070408BF0B
:1003400010F8014B1D1108BF10F8015B641E05D0A9
:1003500010F8016B641E01F8016BF9D113F0080F5E
:100360001EBF10F8014BAD1C0C1B09D16D1E58BFF0
:1003700001F801CBFAD505E014F8016B01F8016B27
:100380006D1EF9D59142D6D370470000704700002A
:100390000023002400250026103A28BF78C1FBD88E
:1003A000520728BF30C148BF0B6070471FB521F00E
:1003B000EEF89DE8030000F0F9F900F0C5F91FBD63
:1003C00010B510BD00F05CFA1146FFF7EFFF1FF00B
:1003D0008FFF00F07AFA03B4FFF7F2FF03BC00F0DE
:1003E000ABFA00000948804709480047FEE7FEE7EE
:1003F000FEE7FEE7FEE7FEE7FEE7FEE7FEE7FEE7D5
:1004000004480549054A064B70470000610201088F
:10041000CD020008006300240043012400C300242F
:1004200000C3002470B5064600F0A4F9056806F183
:100430000B0020F00704B4429CBF002070BD2B4687
:100440006A68BAB11068A04210D304F1080188426A
:100450003CBF5068586007D351681019416011685B
:10046000091B016058601460101D70BD134652686E
:10047000002AE7D12146284600F084F90028DED181
:1004800070BD70B50446051F00F074F90068002CBB
:1004900014BF446870BD002C18BFAC423CBF20465E
:1004A0006468F8D301680A18AA4218BF456003D1EE
:1004B0002A6805461144016028684119A1421CBF01
:1004C0006C6070BD6168696021680844286070BD17
:1004D00053EA020C00F069802DE9F04B4FF0000662
:1004E000002B1FBFB3FA83F503FA05F424FA05F6CF
:1004F0005E4012BF1643B2FA82F502FA05F4C5F166
:1005000020051EBF22FA05FC44EA0C04203556EAF9
:10051000044C4FEA144418BF641C4FF000084FF01D
:100520000009904271EB030C39D3002919BFB1FACD
:1005300081F701FA07F6B0FA80F700FA07F6C7F17B
:1005400020071EBF20FA07FC46EA0C062037B6FB40
:10055000F4FCA7EB0507103F07F01F0BCBF12006BB
:100560002CFA06F60CFA0BFB44BFB3460026202FEC
:10057000A4BF5E464FF0000B5BEA060C08BF4FF0CD
:10058000010B19EB0B0948EB0608ABFB027C06FBE1
:1005900002CC0BFB03CCC01B71EB0C01C1E70B467B
:1005A000024641464846BDE8F08B13B5084318BFE4
:1005B0004FF0FF300146AFF30080BDE81C407047AC
:1005C000032A40F2308010F0030C00F0158011F87F
:1005D000013BBCF1020F624498BF11F801CB00F857
:1005E000013B38BF11F8013BA2F1040298BF00F8AB
:1005F00001CB38BF00F8013B11F0030300F0258068
:10060000083AC0F0088051F8043B083A51F804CB8E
:10061000A0E80810F5E7121D5CBF51F8043B40F854
:10062000043BAFF30080D20724BF11F8013B11F85F
:1006300001CB48BF11F8012B24BF00F8013B00F8A3
:1006400001CB48BF00F8012B704710B5203AC0F02D
:100650000B80B1E81850A0E81850B1E81850A0E895
:100660001850203ABFF4F5AF5FEA027C24BFB1E82E
:100670001850A0E8185044BF18C918C0BDE8104071
:100680005FEA827C24BF51F8043B40F8043B08BF7A
:100690007047D20728BF31F8023B48BF11F8012B41
:1006A00028BF20F8023B48BF00F8012B70474FF0ED
:1006B00000020429C0F0128010F0030C00F01B802F
:1006C000CCF1040CBCF1020F18BF00F8012BA8BF3D
:1006D00020F8022BA1EB0C0100F00DB85FEAC17C01
:1006E00024BF00F8012B00F8012B48BF00F8012BB4
:1006F00070474FF0000200B51346944696462039E5
:1007000022BFA0E80C50A0E80C50B1F12001BFF4CA
:10071000F7AF090728BFA0E80C5048BF0CC05DF830
:1007200004EB890028BF40F8042B08BF704748BF7E
:1007300020F8022B11F0804F18BF00F8012B7047F2
:10074000704770477047000008487CB578440090B7
:1007500007487844009C0546019004E02046016863
:1007600008448047241DAC42F8D17CBD2C12020005
:100770003E1202000048704728020024704770476C
:100780007047704738B504460A4600206946AFF303
:100790000080002808BF38BD02460099204600F0BE
:1007A0004DF8012038BD012000F062B8F8B5AFF374
:1007B0000080054600200C460C2000BF0646A81904
:1007C000A0420DD9324669460020AFF300800700F1
:1007D00008BF00F04DF80098A04218BF0546C419A4
:1007E000FFF7C8FF05600746F01D20F00700461917
:1007F000284600F00AF8B44208BFF8BDA21B3146F3
:100800003868BDE8F84000F019B800210160416087
:1008100070470C20704710B500F00CF8006810BD50
:1008200010B5044600F006F8046010BD004870479B
:10083000200200240048704720020024034640683C
:100840008C46002818BF88423CBF03464068F8D356
:1008500018681844884207D00CF1030020F0070004
:10086000001D411A521A0146081D0A60FFF709BE11
:1008700010B500F039F8BDE8104000F02FB870470F
:100880007546FFF7D3FFAE4605006946534620F094
:100890000700854618B020B5FFF7B2FDBDE820403F
:1008A0004FF000064FF000074FF000084FF0000B2C
:1008B000AC46ACE8C009ACE8C009ACE8C009ACE89B
:1008C000C00921F007018D46704710B50446AFF30B
:1008D00000802046BDE81040FFF77DBD002801D014
:1008E00000F02AB87047000010B5012805D000219B
:1008F00003A000F027F8012010BD09A1F8E70000CF
:1009000053494752544D454D3A204F7574206F66F8
:100910002068656170206D656D6F72790000000060
:100920003A2048656170206D656D6F727920636F44
:10093000727275707465640001491820ABBEFEE7E1
:100940002600020070B505460C460A2000E06D1C2A
:1009500000F011F835B128780028F8D102E0641CC5
:1009600000F009F814B120780028F8D1BDE87040F3
:100970000A20AFF3008008B569468DF80000032017
:10098000ABBE08BD00000000FFE7FEE7000000006E
:1009900080B594B013901291139800684AF2000148
:1009A000C4F20001884221D1FFE7139840F2982158
:1009B000C2F20041086012984863002008900A9033
:1009C0000B9002210C91012107910D910E900F9037
:1009D00045F22C50C2F2004009900AA904F028FC0C
:1009E0000799089A099804F0DFFA61E01398006803
:1009F0004AF20041C4F2000188421FD1FFE7139878
:100A000040F2E821C2F200410860129848630020D9
:100A100005900A900B9002210C910D910E900F9071
:100A200045F2CC50C2F2004006900AA904F000FC46
:100A3000059A0698102104F0B7FA38E01398006878
:100A40004DF20041C4F2000188422FD1FFE7139814
:100A500040F27431C2F200410860129848630020ED
:100A600003900A900B90022101910C9101210291B7
:100A70000D910E900F9045F26C60C2F20040049010
:100A80000AA904F0D5FB019A029B049869460B6001
:100A9000114604F059FC029A0498114604F074FBC4
:100AA0000299039A049804F07FFAFFE7FFE7FFE753
:100AB000139805F0D1FC14B080BD000000000000C8
:100AC00080B58EB00D90ADF832100B92ADF82A3093
:100AD000BDF832000190002002900390BDF82A007A
:100AE000082804DCFFE7BDF82A000490FFE7BDF802
:100AF0002A000C2803D1FFE709200490FFE7BDF886
:100B00002A00102803D1FFE70A200490FFE7BDF870
:100B10002A00142803D1FFE70B200490FFE7BDF85B
:100B20002A00182803D1FFE70C200490FFE7BDF846
:100B30002A00202803D1FFE70D200490FFE7BDF82D
:100B40002A00302803D1FFE70E200490FFE7BDF80C
:100B50002A00402803D1FFE70F200490FFE7002080
:100B6000059006900790089009900D980B9A01A99E
:100B700004F09AFA0EB080BD84B08DF80F00029197
:100B8000ADF806209DF80F000146009123281DD8DE
:100B90000099DFE801F012131415161B1B1B1B1B19
:100BA0001B1B1B1B1B1B1B1B1B1B1B1B1B1B1B1B95
:100BB0001B1B1B1B1B1B1718191A08E007E006E07C
:100BC00005E004E003E002E001E000E0FFE70020D0
:100BD00004B07047000000000020704700000000D3
:100BE00080B582B044F6AC40C2F20040009042F2C0
:100BF0003011C2F200410022019212F011FA009865
:100C000041F63011C2F2004112F0EAF9019802B047
:100C100080BD00000000000080B584B00390029108
:100C2000039944F6AC40C2F20040009012F0D8F9AB
:100C3000009812F079F903990298026840F288400E
:100C4000C2F2004001903030FFF7BAFC01980299DF
:100C50000968A0F86010426E0398029909689047ED
:100C6000002004B080BD000083B0029001918DF897
:100C7000032000208DF802009DF9020003B07047A8
:100C800080B586B00490ADF80E1000208DF80D00F0
:100C900044F6AC40C2F20040D0F8BC020290029888
:100CA000D0F8140220B1FFE701208DF8170013E0FF
:100CB0000499BDF80E2044F6AC40C2F20040019009
:100CC00012F0AEF9019812F0B7FA8DF80D009DF808
:100CD0000D008DF81700FFE79DF8170006B080BDE6
:100CE00080B545F27800C2F2004002F025F880BDE0
:100CF00080B545F20000C2F2004002F01DF880BD50
:100D000080B544F68870C2F2004002F015F880BD4C
:100D100080B545F24830C2F2004002F00DF880BDC7
:100D200080B545F2C030C2F2004002F005F880BD47
:100D300080B545F2F000C2F2004001F0FDFF80BD39
:100D400080B545F26810C2F2004001F0F5FF80BDA9
:100D500080B545F2E010C2F2004001F0EDFF80BD29
:100D600080B545F25820C2F2004001F0E5FF80BD99
:100D700080B545F2D020C2F2004001F0DDFF80BD19
:100D800080B545F23840C2F2004001F0D5FF80BD89
:100D900080B545F2B040C2F2004001F0CDFF80BD09
:100DA00083B002900298016801201022C4F202026E
:100DB0009142009000F0A380FFE7029801680120B3
:100DC0002822C4F202029142009000F09880FFE7CE
:100DD0000298016801204022C4F202029142009070
:100DE00000F08D80FFE70298016801205822C4F2CC
:100DF00002029142009000F08280FFE702980168B1
:100E000001207022C4F202029142009077D0FFE7E5
:100E10000298016801208822C4F2020291420090E7
:100E20006DD0FFE7029801680120A022C4F20202FF
:100E30009142009063D0FFE7029801680120B82238
:100E4000C4F202029142009059D0FFE70298016873
:100E5000012040F21042C4F20202914200904ED0B2
:100E6000FFE702980168012040F22842C4F2020222
:100E70009142009043D0FFE702980168012040F2C0
:100E80004042C4F202029142009038D0FFE702983B
:100E90000168012040F25842C4F2020291420090DF
:100EA0002DD0FFE702980168012040F27042C4F2A1
:100EB00002029142009022D0FFE7029801680120CF
:100EC00040F28842C4F202029142009017D0FFE73C
:100ED00002980168012040F2A042C4F2020291424D
:100EE00000900CD0FFE7029800684FF64831CBF62F
:100EF000FD710844B0FA80F040090090FFE70098C7
:100F0000C00740B3FFE70298007810384AF6AB21DB
:100F1000CAF6AA21A0FB011000090190019800F077
:100F2000070141F24060C0F60200405C0299C865CA
:100F30000198042807D3FFE702990868042262F3A6
:100F40000900886506E00299086840F2FF32904384
:100F50008865FFE705E00299086820F0FF008865D2
:100F6000FFE70298806D03B07047000000000000AA
:100F700084B00390039800680190039801680120F1
:100F800045F20842C5F60202914200904ED0FFE7BA
:100F900003980168012045F21C42C5F60202914205
:100FA000009043D0FFE703980168012045F23042EA
:100FB000C5F602029142009038D0FFE7039801681D
:100FC000012045F24442C5F60202914200902DD024
:100FD000FFE703980168012045F25842C5F6020276
:100FE0009142009022D0FFE703980168012045F26A
:100FF0006C42C5F602029142009017D0FFE70398B9
:101000000168012045F28042C5F60202914200903B
:101010000CD0FFE7039800684AF66C31CAF2FD7104
:101020000844B0FA80F040090090FFE70098C0073C
:1010300010B3FFE70398007808384CF6CD41CCF6A2
:10104000CC41A0FB011000090290029945F6000076
:10105000C5F6020000EB810003990866039945F686
:101060008000C5F602004866029800F01F010120CA
:1010700088400399886635E00398007810384AF66E
:10108000AB21CAF6AA21A0FB011000090290019829
:1010900040F2B841C4F2020188420CD8FFE701983F
:1010A00040F21041C4F20201884204D3FFE70298E3
:1010B00008300290FFE7029940F60000C4F20200F7
:1010C00000EB810003990866039940F68000C4F2A2
:1010D00002004866029800F01F0101208840039931
:1010E0008866FFE704B0704783B0029002980079E9
:1010F00001900198002800F08A80FFE701980828F5
:1011000000F28580FFE702980168012045F208425D
:10111000C5F60202914200904ED0FFE702980168A6
:10112000012045F21C42C5F602029142009043D0D4
:10113000FFE702980168012045F23042C5F602023D
:101140009142009038D0FFE702980168012045F2F3
:101150004442C5F60202914200902DD0FFE702986A
:101160000168012045F25842C5F602029142009002
:1011700022D0FFE702980168012045F26C42C5F6D3
:1011800002029142009017D0FFE702980168012007
:1011900045F28042C5F60202914200900CD0FFE772
:1011A000029800684AF66C31CAF2FD710844B0FA40
:1011B00080F040090090FFE70098C00780B1FFE78A
:1011C000019945F6FC00C5F6020000EB810002998A
:1011D000C866029945F64010C5F6020008670FE0A0
:1011E000019940F6FC00C4F2020000EB8100029974
:1011F000C866029940F64010C4F202000867FFE793
:101200000198411E0120884002994867FFE703B01A
:10121000704700000000000085B0049000208DF8A9
:101220000F000498806918BBFFE70498806A029059
:1012300003281BD80299DFE801F0020D0218049878
:1012400090F82F00C00720B1FFE701208DF80F00B4
:10125000FFE70CE00498C06AB0F1C07F04D1FFE75B
:1012600001208DF80F00FFE701E000E0FFE747E015
:1012700004988069B0F5005F26D1FFE70498806A82
:10128000019003281ED80199DFE801F0020602113F
:1012900001208DF80F0016E0049890F82F00C00789
:1012A00020B1FFE701208DF80F00FFE70BE0049865
:1012B000C06AB0F1C07F04D1FFE701208DF80F00B4
:1012C000FFE700E0FFE71AE00498806A0090032837
:1012D00004D3FFE70098032804D00EE001208DF826
:1012E0000F000BE0049890F82F00C00720B1FFE733
:1012F00001208DF80F00FFE700E0FFE7FFE7FFE7C1
:101300009DF80F0005B0704789B0089007910692CC
:1013100005930898806D04900898806D0390089854
:10132000016801201022C4F202029142029000F0F2
:101330000381FFE70898016801202822C4F2020215
:101340009142029000F0F880FFE7089801680120C0
:101350004022C4F202029142029000F0ED80FFE7C9
:101360000898016801205822C4F2020291420290BA
:1013700000F0E280FFE70898016801207022C4F2C3
:1013800002029142029000F0D780FFE708980168BE
:1013900001208822C4F202029142029000F0CC8027
:1013A000FFE7089801680120A022C4F202029142DE
:1013B000029000F0C180FFE7089801680120B82280
:1013C000C4F202029142029000F0B680FFE7089852
:1013D0000168012040F21042C4F2020291420290E0
:1013E00000F0AA80FFE708980168012040F2284237
:1013F000C4F202029142029000F09E80FFE708983A
:101400000168012040F24042C4F20202914202907F
:1014100000F09280FFE708980168012040F25842EE
:10142000C4F202029142029000F08680FFE7089821
:101430000168012040F27042C4F20202914202901F
:101440007AD0FFE708980168012040F28842C4F290
:101450000202914202906FD0FFE7089801680120D4
:1014600040F2A042C4F202029142029064D0FFE72F
:1014700008980168012040F2B842C4F20202914289
:10148000029059D0FFE708980168012045F2084210
:10149000C5F60202914202904ED0FFE7089801681B
:1014A000012045F21C42C5F602029142029043D04F
:1014B000FFE708980168012045F23042C5F60202B4
:1014C0009142029038D0FFE708980168012045F268
:1014D0004442C5F60202914202902DD0FFE70898DF
:1014E0000168012045F25842C5F60202914202907D
:1014F00022D0FFE708980168012045F26C42C5F64A
:1015000002029142029017D0FFE70898016801207B
:1015100045F28042C5F60202914202900CD0FFE7EC
:10152000089800684AF66C31CAF2FD710844B0FAB6
:1015300080F040090290FFE70298C00770B1FFE712
:101540000898416E806E48600898C06E28B1FFE729
:101550000898016F406F4860FFE7FFE7089801684F
:1015600001201022C4F202029142019000F0A380F7
:10157000FFE70898016801202822C4F20202914284
:10158000019000F09880FFE7089801680120402250
:10159000C4F202029142019000F08D80FFE70898AA
:1015A000016801205822C4F202029142019000F029
:1015B0008280FFE70898016801207022C4F20202CD
:1015C0009142019077D0FFE70898016801208822B6
:1015D000C4F20202914201906DD0FFE708980168C1
:1015E0000120A022C4F202029142019063D0FFE7E1
:1015F000089801680120B822C4F2020291420190C9
:1016000059D0FFE708980168012040F21042C4F267
:101610000202914201904ED0FFE708980168012034
:1016200040F22842C4F202029142019043D0FFE707
:1016300008980168012040F24042C4F2020291423F
:10164000019038D0FFE708980168012040F2584225
:10165000C4F20202914201902DD0FFE70898016880
:10166000012040F27042C4F202029142019022D065
:10167000FFE708980168012040F28842C4F20202A4
:101680009142019017D0FFE708980168012040F2CD
:10169000A042C4F20202914201900CD0FFE70898E8
:1016A00000684FF64831CBF6FD710844B0FA80F07F
:1016B00040090190FFE70198C00750B3FFE7089881
:1016C000C06D00F01F013F20884004998860089891
:1016D0000168086820F48020086005980899096866
:1016E000486008988068402809D1FFE70698089963
:1016F00009688860079808990968C86008E0079831
:10170000089909688860069808990968C860FFE721
:1017100082E008980168012045F20842C5F60202FD
:10172000914200904ED0FFE708980168012045F2F1
:101730001C42C5F602029142009043D0FFE7089890
:101740000168012045F23042C5F602029142009044
:1017500038D0FFE708980168012045F24442C5F6F9
:101760000202914200902DD0FFE708980168012005
:1017700045F25842C5F602029142009022D0FFE79E
:1017800008980168012045F26C42C5F602029142B8
:10179000009017D0FFE708980168012045F28042C9
:1017A000C5F60202914200900CD0FFE7089800684D
:1017B0004AF66C31CAF2FD710844B0FA80F0400973
:1017C0000090FFE70098C00720B3FFE70898C06DBE
:1017D00000F01F010120884003994860059808998E
:1017E0000968486008988068402809D1FFE7069892
:1017F000089909688860079808990968C86008E02E
:101800000798089909688860069808990968C86067
:10181000FFE700E0FFE7FFE709B0704700000000C6
:1018200081B000904EF6FC51CEF20001086840F005
:101830008070086041F6B071CEF2000108684CF685
:101840005562CCF2AC521043086041F20401CEF272
:1018500000010020086041F20002CEF2000211688F
:1018600041F001011160009944F24022C0F20F02E0
:101870004A4340F2D431C2F200410A600A6844F699
:10188000D353C1F26203A2FB0332920940F2D83370
:10189000C2F200431A6009684DF68362C4F21B323B
:1018A000A1FB0221890C40F2DC32C2F2004211603D
:1018B00040F2EC31C2F20041086001B07047000014
:1018C000704700000000000080B54FF4806004F015
:1018D0003BFE4FF4805004F037FE80BD0000000056
:1018E00081B0EFF3108072B60090FFE7FEE70000D2
:1018F00080B545F22C50C2F2004003F0E1FE80BDFD
:1019000080B545F2CC50C2F2004003F0D9FE80BD54
:1019100080B545F26C60C2F2004003F0D1FE80BD9C
:1019200084B002900298406B009002980068D0F852
:1019300084004FF6FC718843009940EA81000299C7
:101940000968C1F8840002980068D0F8840020F487
:101950007F00029A1168926B40EA0240C1F884004D
:101960000298816B00980844009002980068D0F8B3
:1019700088006FF38F00009940EA8100029909689E
:10198000C1F8880002980068D0F8880020F4FE00B2
:10199000029A1168D26B40EA0240C1F888000298AE
:1019A000C16B009800EB4100009002980068D0F8ED
:1019B000A0006FF38F00009940EA81000299096846
:1019C000C1F8A00002980068D0F8A00020F4FE0042
:1019D000029A1168126C40EA0240C1F8A000029914
:1019E000086C496C009A00FB012000900298006886
:1019F000D0F8B0006FF38F00009940EA810002999F
:101A00000968C1F8B00002980068D0F8B00020F46E
:101A1000FE00029A1168926C40EA0240C1F8B000E0
:101A20000299886CC96C009A00FB01200090029812
:101A30000068D0F8AC006FF38F00009940EA810095
:101A400002990968C1F8AC000299086D496D009AC5
:101A500000FB0120009002980068D0F8F0006FF3BE
:101A60008F00009940EA810002990968C1F8F000EE
:101A700002980068D0F8F00020F47C10029A1168F7
:101A8000926D40EA0240C1F8F0000298816D009822
:101A900000EB4100009002980068D0F8C0006FF39E
:101AA0008F00009940EA810002990968C1F8C000DE
:101AB00002980068D0F8C00020F47C10029A1168E7
:101AC000D26D40EA0240C1F8C00002980068D0F828
:101AD000C00020F07C50029A1168126E40EA026049
:101AE000C1F8C00002994A6B4AF60040C4F20000F7
:101AF00000EB8200C86602998A6BC86E00EB820018
:101B000008670299CA6B086F00EBC2004867029928
:101B10000A6C4B6C486F5A4300EB8200886702994D
:101B20008A6CCB6C886F5A4300EB8200C8670299BD
:101B30000A6D4B6DC86F5A4300EB8200C1F88000FC
:101B400002998A6DD1F8800000EBC200C1F88400D0
:101B50000299CA6D8B6ED1F884005A4300EB820063
:101B6000C1F8880002990A6E8B6ED1F888005A433A
:101B700000EB8200C1F890000298D0F890004DF27E
:101B8000FD31C4F2000188420FD3FFE70299D1F87A
:101B90009C0040F02000C1F89C000299032081F8CD
:101BA000980001208DF80F0017E00298C06E019098
:101BB000FFE701980299D1F89010884208D2FFE718
:101BC000019900200860FFE7019804300190F0E7D8
:101BD000FFE700208DF80F00FFE79DF80F0004B02D
:101BE000704700000000000088B007900691059241
:101BF00004930698406848B9FFE706980168826830
:101C00000069104340EA8140039009E006980168AA
:101C1000826800691043084340F080400390FFE76A
:101C20000698D0F820C0C16842698369C06940EA5B
:101C30000C601843104340EA014002900798826EFE
:101C4000D0F884000499514300EB8100019003987F
:101C50000199086001980430019002980199086088
:101C600001980430019000200090FFE70098069949
:101C7000CA6841F23061C0F60201895C88420DD227
:101C8000FFE70598009940580199086001980430D1
:101C90000190FFE7009804300090E7E708B0704734
:101CA00080B584B04EF60000C1F6F1700068039074
:101CB0004EF60400C1F6F170006802904EF608007E
:101CC000C1F6F170006801900199039808440390EF
:101CD000039888B1FFE7039840F2C411C2F20041B3
:101CE0000091023108220CF06BFC0099029812312D
:101CF00004220CF065FCFFE704B080BD000000008A
:101D000080B58AB0089004F03BFE0490089828B98A
:101D1000FFE701208DF8270000F0AABC089890F892
:101D2000350002280ED0FFE7089980204865FFE7BC
:101D30000899002081F83400FFE701208DF8270082
:101D400000F096BC0898016801201022C4F202023B
:101D50009142039000F0A380FFE7089801680120FA
:101D60002822C4F202029142039000F09880FFE71B
:101D70000898016801204022C4F2020291420390B7
:101D800000F08D80FFE70898016801205822C4F216
:101D900002029142039000F08280FFE708980168F8
:101DA00001207022C4F202029142039077D0FFE733
:101DB0000898016801208822C4F20202914203902F
:101DC0006DD0FFE7089801680120A022C4F202024A
:101DD0009142039063D0FFE7089801680120B82280
:101DE000C4F202029142039059D0FFE708980168BB
:101DF000012040F21042C4F20202914203904ED000
:101E0000FFE708980168012040F22842C4F202026C
:101E10009142039043D0FFE708980168012040F207
:101E20004042C4F202029142039038D0FFE7089882
:101E30000168012040F25842C4F20202914203902C
:101E40002DD0FFE708980168012040F27042C4F2EB
:101E500002029142039022D0FFE708980168012016
:101E600040F28842C4F202029142039017D0FFE789
:101E700008980168012040F2A042C4F20202914297
:101E800003900CD0FFE7089800684FF64831CBF676
:101E9000FD710844B0FA80F040090390FFE7039811
:101EA000C00780B1FFE708980168086820F01E00AD
:101EB000086008980168486920F080004861089827
:101EC0000068059009E008980168086820F00E0095
:101ED0000860089800680590FFE7089801680120ED
:101EE0001022C4F202029142029000F00381FFE747
:101EF0000898016801202822C4F20202914202904F
:101F000000F0F880FFE70898016801204022C4F241
:101F100002029142029000F0ED80FFE7089801680C
:101F200001205822C4F202029142029000F0E280A5
:101F3000FFE70898016801207022C4F20202914272
:101F4000029000F0D780FFE70898016801208822FE
:101F5000C4F202029142029000F0CC80FFE70898A0
:101F600001680120A022C4F202029142029000F016
:101F7000C180FFE7089801680120B822C4F202027C
:101F80009142029000F0B680FFE7089801680120B6
:101F900040F21042C4F202029142029000F0AA8084
:101FA000FFE708980168012040F22842C4F20202CB
:101FB0009142029000F09E80FFE70898016801209E
:101FC00040F24042C4F202029142029000F092803C
:101FD000FFE708980168012040F25842C4F202026B
:101FE0009142029000F08680FFE708980168012086
:101FF00040F27042C4F20202914202907AD0FFE7AE
:1020000008980168012040F28842C4F2020291421D
:1020100002906FD0FFE708980168012040F2A042CB
:10202000C4F202029142029064D0FFE7089801686E
:10203000012040F2B842C4F202029142029059D00B
:10204000FFE708980168012045F20842C5F6020240
:10205000914202904ED0FFE708980168012045F2B6
:102060001C42C5F602029142029043D0FFE7089855
:102070000168012045F23042C5F602029142029009
:1020800038D0FFE708980168012045F24442C5F6C0
:102090000202914202902DD0FFE7089801680120CA
:1020A00045F25842C5F602029142029022D0FFE763
:1020B00008980168012045F26C42C5F6020291427F
:1020C000029017D0FFE708980168012045F280428E
:1020D000C5F60202914202900CD0FFE70898006812
:1020E0004AF66C31CAF2FD710844B0FA80F040093A
:1020F0000290FFE70298C00738B1FFE70898016E29
:10210000086820F480700860FFE7089800681021D4
:10211000C4F20201884200F08180FFE7089800685D
:102120002821C4F20201884278D0FFE708980068AD
:102130004021C4F20201884270D0FFE7089800688D
:102140005821C4F20201884268D0FFE7089800686D
:102150007021C4F20201884260D0FFE7089800684D
:102160008821C4F20201884258D0FFE7089800682D
:10217000A021C4F20201884250D0FFE7089800680D
:10218000B821C4F20201884248D0FFE708980068ED
:1021900040F21041C4F2020188423FD0FFE70898A4
:1021A000006840F22841C4F20201884236D0FFE7BD
:1021B0000898006840F24041C4F2020188422DD0E4
:1021C000FFE70898006840F25841C4F202018842D3
:1021D00024D0FFE70898006840F27041C4F2020181
:1021E00088421BD0FFE70898006840F28841C4F29B
:1021F0000201884212D0FFE70898006840F2A0412F
:10220000C4F20201884209D0FFE70898006840F252
:10221000B841C4F20201884207D1FFE7089801687B
:10222000086820F00100086006E008980168086866
:1022300020F001000860FFE7FFE705980068C0078D
:10224000C8B1FFE704F09CFB0499401A062811D39B
:10225000FFE70899202048650899032081F8350098
:10226000FFE70899002081F83400FFE701208DF88E
:102270002700FDE1E1E70898016801201022C4F27F
:1022800002029142019000F0A380FFE708980168E4
:1022900001202822C4F202029142019000F09880AD
:1022A000FFE70898016801204022C4F2020291422F
:1022B000019000F08D80FFE7089801680120582206
:1022C000C4F202029142019000F08280FFE7089878
:1022D000016801207022C4F202029142019077D07D
:1022E000FFE70898016801208822C4F202029142A7
:1022F00001906DD0FFE7089801680120A022C4F288
:1023000002029142019063D0FFE708980168012022
:10231000B822C4F202029142019059D0FFE7089816
:102320000168012040F21042C4F202029142019081
:102330004ED0FFE708980168012040F22842C4F21D
:1023400002029142019043D0FFE708980168012002
:1023500040F24042C4F202029142019038D0FFE7BD
:1023600008980168012040F25842C4F202029142EA
:1023700001902DD0FFE708980168012040F27042DB
:10238000C4F202029142019022D0FFE7089801684E
:10239000012040F28842C4F202029142019017D01B
:1023A000FFE708980168012040F2A042C4F202024F
:1023B000914201900CD0FFE7089800684FF6483131
:1023C000CBF6FD710844B0FA80F040090190FFE7B8
:1023D0000198C00760B1FFE70898806D07900898E2
:1023E000C06D00F01F013F208840079988600BE016
:1023F0000898806D06900898C06D00F01F010120BC
:10240000884006994860FFE708980168012010227B
:10241000C4F202029142009000F00381FFE70898A5
:10242000016801202822C4F202029142009000F0CB
:10243000F880FFE70898016801204022C4F20202F8
:102440009142009000F0ED80FFE7089801680120BC
:102450005822C4F202029142009000F0E280FFE7AD
:102460000898016801207022C4F202029142009093
:1024700000F0D780FFE70898016801208822C4F2A5
:1024800002029142009000F0CC80FFE708980168BA
:102490000120A022C4F202029142009000F0C1800B
:1024A000FFE7089801680120B822C4F202029142B5
:1024B000009000F0B680FFE708980168012040F224
:1024C0001042C4F202029142009000F0AA80FFE79D
:1024D00008980168012040F22842C4F202029142A9
:1024E000009000F09E80FFE708980168012040F20C
:1024F0004042C4F202029142009000F09280FFE755
:1025000008980168012040F25842C4F20202914248
:10251000009000F08680FFE708980168012040F2F3
:102520007042C4F20202914200907AD0FFE708980C
:102530000168012040F28842C4F2020291420090F8
:102540006FD0FFE708980168012040F2A042C4F272
:1025500002029142009064D0FFE7089801680120D0
:1025600040F2B842C4F202029142009059D0FFE713
:1025700008980168012045F20842C5F6020291421E
:1025800000904ED0FFE708980168012045F21C42F8
:10259000C5F602029142009043D0FFE70898016817
:1025A000012045F23042C5F602029142009038D037
:1025B000FFE708980168012045F24442C5F602028F
:1025C000914200902DD0FFE708980168012045F264
:1025D0005842C5F602029142009022D0FFE70898C7
:1025E0000168012045F26C42C5F60202914200905A
:1025F00017D0FFE708980168012045F28042C5F630
:102600000202914200900CD0FFE7089800684AF659
:102610006C31CAF2FD710844B0FA80F040090090B4
:10262000FFE70098C007A0B1FFE70898416E806EF1
:1026300048600898C06E58B1FFE70898C16E0868F6
:1026400020F4807008600898016F406F4860FFE7D1
:10265000FFE70899012081F83500FFE7089900207D
:1026600081F83400FFE7FFE700208DF82700FFE73F
:102670009DF827000AB080BD80B586B0049004980C
:1026800020B9FFE701208DF8170046E3049890F881
:102690003500022807D0FFE7049980204865012013
:1026A0008DF8170039E30498016801201022C4F264
:1026B00002029142029000F0A380FFE704980168B3
:1026C00001202822C4F202029142029000F0988078
:1026D000FFE70498016801204022C4F202029142FF
:1026E000029000F08D80FFE70498016801205822D5
:1026F000C4F202029142029000F08280FFE7049847
:10270000016801207022C4F202029142029077D047
:10271000FFE70498016801208822C4F20202914276
:1027200002906DD0FFE7049801680120A022C4F256
:1027300002029142029063D0FFE7049801680120F1
:10274000B822C4F202029142029059D0FFE70498E5
:102750000168012040F21042C4F20202914202904C
:102760004ED0FFE704980168012040F22842C4F2ED
:1027700002029142029043D0FFE7049801680120D1
:1027800040F24042C4F202029142029038D0FFE788
:1027900004980168012040F25842C4F202029142BA
:1027A00002902DD0FFE704980168012040F27042AA
:1027B000C4F202029142029022D0FFE7049801681D
:1027C000012040F28842C4F202029142029017D0E6
:1027D000FFE704980168012040F2A042C4F202021F
:1027E000914202900CD0FFE7049800684FF6483100
:1027F000CBF6FD710844B0FA80F040090290FFE783
:102800000298C007002800F09D80FFE7049904208B
:1028100081F83500049800681021C4F20201884252
:1028200000F08180FFE7049800682821C4F20201CB
:10283000884278D0FFE7049800684021C4F2020182
:10284000884270D0FFE7049800685821C4F2020162
:10285000884268D0FFE7049800687021C4F2020142
:10286000884260D0FFE7049800688821C4F2020122
:10287000884258D0FFE704980068A021C4F2020102
:10288000884250D0FFE704980068B821C4F20201E2
:10289000884248D0FFE70498006840F21041C4F233
:1028A000020188423FD0FFE70498006840F22841C7
:1028B000C4F20201884236D0FFE70498006840F273
:1028C0004041C4F2020188422DD0FFE7049800681D
:1028D00040F25841C4F20201884224D0FFE7049834
:1028E000006840F27041C4F2020188421BD0FFE749
:1028F0000498006840F28841C4F20201884212D074
:10290000FFE70498006840F2A041C4F20201884247
:1029100009D0FFE70498006840F2B841C4F2020110
:10292000884207D1FFE704980168086820F0010099
:10293000086006E004980168086820F0010008605B
:10294000FFE7E5E104980168086820F00E000860E0
:10295000049800681021C4F20201884200F08180CE
:10296000FFE7049800682821C4F20201884278D069
:10297000FFE7049800684021C4F20201884270D049
:10298000FFE7049800685821C4F20201884268D029
:10299000FFE7049800687021C4F20201884260D009
:1029A000FFE7049800688821C4F20201884258D0E9
:1029B000FFE704980068A021C4F20201884250D0C9
:1029C000FFE704980068B821C4F20201884248D0A9
:1029D000FFE70498006840F21041C4F20201884207
:1029E0003FD0FFE70498006840F22841C4F202019A
:1029F000884236D0FFE70498006840F24041C4F2B4
:102A0000020188422DD0FFE70498006840F2584147
:102A1000C4F20201884224D0FFE70498006840F223
:102A20007041C4F2020188421BD0FFE7049800689D
:102A300040F28841C4F20201884212D0FFE70498B4
:102A4000006840F2A041C4F20201884209D0FFE7C9
:102A50000498006840F2B841C4F20201884207D1EC
:102A6000FFE704980168086820F00100086006E0AC
:102A700004980168086820F001000860FFE70498E6
:102A8000016801201022C4F202029142019000F07C
:102A90000381FFE70498016801202822C4F20202A2
:102AA0009142019000F0F880FFE70498016801204E
:102AB0004022C4F202029142019000F0ED80FFE753
:102AC0000498016801205822C4F202029142019048
:102AD00000F0E280FFE70498016801207022C4F250
:102AE00002029142019000F0D780FFE7049801684C
:102AF00001208822C4F202029142019000F0CC80B1
:102B0000FFE7049801680120A022C4F2020291426A
:102B1000019000F0C180FFE7049801680120B8220D
:102B2000C4F202029142019000F0B680FFE70498DF
:102B30000168012040F21042C4F202029142019069
:102B400000F0AA80FFE704980168012040F22842C3
:102B5000C4F202029142019000F09E80FFE70498C7
:102B60000168012040F24042C4F202029142019009
:102B700000F09280FFE704980168012040F258427B
:102B8000C4F202029142019000F08680FFE70498AF
:102B90000168012040F27042C4F2020291420190A9
:102BA0007AD0FFE704980168012040F28842C4F21D
:102BB0000202914201906FD0FFE704980168012062
:102BC00040F2A042C4F202029142019064D0FFE7B9
:102BD00004980168012040F2B842C4F20202914216
:102BE000019059D0FFE704980168012045F208429E
:102BF000C5F60202914201904ED0FFE704980168A9
:102C0000012045F21C42C5F602029142019043D0D8
:102C1000FFE704980168012045F23042C5F6020240
:102C20009142019038D0FFE704980168012045F2F5
:102C30004442C5F60202914201902DD0FFE704986C
:102C40000168012045F25842C5F602029142019006
:102C500022D0FFE704980168012045F26C42C5F6D6
:102C600002029142019017D0FFE704980168012009
:102C700045F28042C5F60202914201900CD0FFE776
:102C8000049800684AF66C31CAF2FD710844B0FA43
:102C900080F040090190FFE70198C00728B3FFE7E3
:102CA0000498016E086820F4807008600498806DB4
:102CB00003900498C06D00F01F0101208840039923
:102CC00048600498416E806E48600498C06E58B1A8
:102CD000FFE70498C16E086820F4807008600498CB
:102CE000016F406F4860FFE7FFE70499012081F81A
:102CF0003500FFE70499002081F83400FFE70498CD
:102D0000006D20B1FFE70498016D8847FFE7FFE7FA
:102D1000FFE700208DF81700FFE79DF8170006B0C9
:102D200080BD00000000000081B000900098406D60
:102D300001B070470000000080B590B00F900020F7
:102D40000B9040F20810C2F20040006848F2B51142
:102D5000C1F64E31A0FB0110800A0A900F98806DD9
:102D600009900F98806D0890099800680E90089857
:102D700000680D900F98016801201022C4F2020231
:102D80009142079000F0A380FFE70F9801680120AF
:102D90002822C4F202029142079000F09880FFE7D7
:102DA0000F98016801204022C4F20202914207906C
:102DB00000F08D80FFE70F98016801205822C4F2CF
:102DC00002029142079000F08280FFE70F980168AD
:102DD00001207022C4F202029142079077D0FFE7EF
:102DE0000F98016801208822C4F2020291420790E4
:102DF0006DD0FFE70F9801680120A022C4F2020203
:102E00009142079063D0FFE70F9801680120B82234
:102E1000C4F202029142079059D0FFE70F9801686F
:102E2000012040F21042C4F20202914207904ED0BB
:102E3000FFE70F980168012040F22842C4F2020225
:102E40009142079043D0FFE70F980168012040F2BC
:102E50004042C4F202029142079038D0FFE70F9837
:102E60000168012040F25842C4F2020291420790E8
:102E70002DD0FFE70F980168012040F27042C4F2A4
:102E800002029142079022D0FFE70F9801680120CB
:102E900040F28842C4F202029142079017D0FFE745
:102EA0000F980168012040F2A042C4F20202914250
:102EB00007900CD0FFE70F9800684FF64831CBF62B
:102EC000FD710844B0FA80F040090790FFE70798C9
:102ED000C007002800F01385FFE70E980F99C96D11
:102EE00001F01F01C8400007002840F1B080FFE753
:102EF0000F9800681021C4F20201884200F081801E
:102F0000FFE70F9800682821C4F20201884278D0B8
:102F1000FFE70F9800684021C4F20201884270D098
:102F2000FFE70F9800685821C4F20201884268D078
:102F3000FFE70F9800687021C4F20201884260D058
:102F4000FFE70F9800688821C4F20201884258D038
:102F5000FFE70F980068A021C4F20201884250D018
:102F6000FFE70F980068B821C4F20201884248D0F8
:102F7000FFE70F98006840F21041C4F20201884256
:102F80003FD0FFE70F98006840F22841C4F20201E9
:102F9000884236D0FFE70F98006840F24041C4F203
:102FA000020188422DD0FFE70F98006840F2584197
:102FB000C4F20201884224D0FFE70F98006840F273
:102FC0007041C4F2020188421BD0FFE70F980068ED
:102FD00040F28841C4F20201884212D0FFE70F9804
:102FE000006840F2A041C4F20201884209D0FFE724
:102FF0000F98006840F2B841C4F20201884207D13C
:10300000FFE70F980068006800F00400069006E0F3
:103010000F980068006800F008000690FFE7069827
:10302000A0B1FFE70F980168086820F0040008606D
:103030000F98C06D00F01F01082088400999886032
:103040000F99486D40F001004865FFE7FFE70E98D3
:103050000F99C96D01F01F01C840C007002800F09A
:10306000A980FFE70F9800681021C4F2020188428E
:1030700000F08180FFE70F9800682821C4F2020168
:10308000884278D0FFE70F9800684021C4F202011F
:10309000884270D0FFE70F9800685821C4F20201FF
:1030A000884268D0FFE70F9800687021C4F20201DF
:1030B000884260D0FFE70F9800688821C4F20201BF
:1030C000884258D0FFE70F980068A021C4F202019F
:1030D000884250D0FFE70F980068B821C4F202017F
:1030E000884248D0FFE70F98006840F21041C4F2D0
:1030F000020188423FD0FFE70F98006840F2284164
:10310000C4F20201884236D0FFE70F98006840F20F
:103110004041C4F2020188422DD0FFE70F980068B9
:1031200040F25841C4F20201884224D0FFE70F98D0
:10313000006840F27041C4F2020188421BD0FFE7F0
:103140000F98006840F28841C4F20201884212D010
:10315000FFE70F98006840F2A041C4F202018842E4
:1031600009D0FFE70F98006840F2B841C4F20201AD
:10317000884207D1FFE70F980068406900F080009F
:10318000059005E00F980068006800200590FFE7B3
:10319000059870B1FFE70F98C06D00F01F01012086
:1031A0008840099988600F99486D40F00200486591
:1031B000FFE7FFE70E980F99C96D01F01F01C840A6
:1031C0004007002840F1A980FFE70F980068102110
:1031D000C4F20201884200F08180FFE70F98006886
:1031E0002821C4F20201884278D0FFE70F980068D6
:1031F0004021C4F20201884270D0FFE70F980068B6
:103200005821C4F20201884268D0FFE70F98006895
:103210007021C4F20201884260D0FFE70F98006875
:103220008821C4F20201884258D0FFE70F98006855
:10323000A021C4F20201884250D0FFE70F98006835
:10324000B821C4F20201884248D0FFE70F98006815
:1032500040F21041C4F2020188423FD0FFE70F98CC
:10326000006840F22841C4F20201884236D0FFE7EC
:103270000F98006840F24041C4F2020188422DD00C
:10328000FFE70F98006840F25841C4F202018842FB
:1032900024D0FFE70F98006840F27041C4F20201A9
:1032A00088421BD0FFE70F98006840F28841C4F2C3
:1032B0000201884212D0FFE70F98006840F2A04157
:1032C000C4F20201884209D0FFE70F98006840F27B
:1032D000B841C4F20201884207D1FFE70F980068A5
:1032E000006800F00200049005E00F980068006894
:1032F00000200490FFE7049870B1FFE70F98C06DBD
:1033000000F01F0104208840099988600F99486DDA
:1033100040F004004865FFE7FFE70E980F99C96D7C
:1033200001F01F01C840C006002840F1DE80FFE721
:103330000F9800681021C4F20201884200F08180D9
:10334000FFE70F9800682821C4F20201884278D074
:10335000FFE70F9800684021C4F20201884270D054
:10336000FFE70F9800685821C4F20201884268D034
:10337000FFE70F9800687021C4F20201884260D014
:10338000FFE70F9800688821C4F20201884258D0F4
:10339000FFE70F980068A021C4F20201884250D0D4
:1033A000FFE70F980068B821C4F20201884248D0B4
:1033B000FFE70F98006840F21041C4F20201884212
:1033C0003FD0FFE70F98006840F22841C4F20201A5
:1033D000884236D0FFE70F98006840F24041C4F2BF
:1033E000020188422DD0FFE70F98006840F2584153
:1033F000C4F20201884224D0FFE70F98006840F22F
:103400007041C4F2020188421BD0FFE70F980068A8
:1034100040F28841C4F20201884212D0FFE70F98BF
:10342000006840F2A041C4F20201884209D0FFE7DF
:103430000F98006840F2B841C4F20201884207D1F7
:10344000FFE70F980068006800F00800039006E0AE
:103450000F980068006800F004000390FFE70398ED
:10346000002841D0FFE70F98C06D00F01F01102029
:103470008840099988600F98006800684003002818
:103480001AD5FFE70F98006800680003002809D4E8
:10349000FFE70F98006C20B1FFE70F98016C884799
:1034A000FFE708E00F98806C20B1FFE70F98816C70
:1034B0008847FFE7FFE716E00F9800680068C0053F
:1034C000002807D4FFE70F980168086820F008007B
:1034D0000860FFE70F98006C20B1FFE70F98016CC0
:1034E0008847FFE7FFE7FFE7FFE70E980F99C96DF1
:1034F00001F01F01C8408006002840F12681FFE747
:103500000F9800681021C4F20201884200F0818007
:10351000FFE70F9800682821C4F20201884278D0A2
:10352000FFE70F9800684021C4F20201884270D082
:10353000FFE70F9800685821C4F20201884268D062
:10354000FFE70F9800687021C4F20201884260D042
:10355000FFE70F9800688821C4F20201884258D022
:10356000FFE70F980068A021C4F20201884250D002
:10357000FFE70F980068B821C4F20201884248D0E2
:10358000FFE70F98006840F21041C4F20201884240
:103590003FD0FFE70F98006840F22841C4F20201D3
:1035A000884236D0FFE70F98006840F24041C4F2ED
:1035B000020188422DD0FFE70F98006840F2584181
:1035C000C4F20201884224D0FFE70F98006840F25D
:1035D0007041C4F2020188421BD0FFE70F980068D7
:1035E00040F28841C4F20201884212D0FFE70F98EE
:1035F000006840F2A041C4F20201884209D0FFE70E
:103600000F98006840F2B841C4F20201884207D125
:10361000FFE70F980068006800F01000029006E0D5
:103620000F980068006800F002000290FFE702981F
:10363000002800F08980FFE70F98C06D00F01F019F
:1036400020208840099988600F9890F83500042858
:1036500037D1FFE70F980168086820F0160008606E
:103660000F980168486920F0800048610F98006C4D
:1036700020B9FFE70F98806C38B1FFE70F98016819
:10368000086820F008000860FFE70F98C06D00F0A0
:103690001F013F208840099988600F99012081F817
:1036A0003500FFE70F99002081F83400FFE70F98FD
:1036B000006D20B1FFE70F98016D8847FFE700F02C
:1036C00019BC0F9800680068400300281AD5FFE76E
:1036D0000F98006800680003002809D4FFE70F98DE
:1036E000406C20B1FFE70F98416C8847FFE708E086
:1036F0000F98C06B20B1FFE70F98C16B8847FFE7B9
:10370000FFE720E00F9800680068C005002811D48A
:10371000FFE70F980168086820F0100008600F9913
:10372000012081F83500FFE70F99002081F834006F
:10373000FFE7FFE70F98C06B20B1FFE70F98C16B61
:103740008847FFE7FFE7FFE7FFE70F98406D002896
:1037500000F0D480FFE70F98406DC007002800F00C
:10376000C480FFE70F99042081F835000F980068A6
:103770001021C4F20201884200F08180FFE70F9817
:1037800000682821C4F20201884278D0FFE70F9830
:1037900000684021C4F20201884270D0FFE70F9810
:1037A00000685821C4F20201884268D0FFE70F98F0
:1037B00000687021C4F20201884260D0FFE70F98D0
:1037C00000688821C4F20201884258D0FFE70F98B0
:1037D0000068A021C4F20201884250D0FFE70F9890
:1037E0000068B821C4F20201884248D0FFE70F9870
:1037F000006840F21041C4F2020188423FD0FFE766
:103800000F98006840F22841C4F20201884236D085
:10381000FFE70F98006840F24041C4F2020188427D
:103820002DD0FFE70F98006840F25841C4F2020122
:10383000884224D0FFE70F98006840F27041C4F23C
:10384000020188421BD0FFE70F98006840F28841D0
:10385000C4F20201884212D0FFE70F98006840F2DC
:10386000A041C4F20201884209D0FFE70F98006826
:1038700040F2B841C4F20201884207D1FFE70F9835
:103880000168086820F00100086006E00F980168F0
:10389000086820F001000860FFE7FFE70B9801309F
:1038A0000B900A99884201D9FFE707E0FFE70F98DC
:1038B00000680068C0070028F0D1FFE70F98006893
:1038C0000068C00728B1FFE70F99032081F8350091
:1038D00004E00F99012081F83500FFE7FFE70F9919
:1038E000002081F83400FFE7FFE70F98C06C20B19B
:1038F000FFE70F98C16C8847FFE7FFE7FAE20F98F0
:103900000168012045F20842C5F602029142019089
:103910004ED0FFE70F980168012045F21C42C5F622
:1039200002029142019043D0FFE70F980168012005
:1039300045F23042C5F602029142019038D0FFE7CD
:103940000F980168012045F24442C5F602029142F7
:1039500001902DD0FFE70F980168012045F25842F1
:10396000C5F602029142019022D0FFE70F9801684C
:10397000012045F26C42C5F602029142019017D037
:10398000FFE70F980168012045F28042C5F6020268
:10399000914201900CD0FFE70F9800684AF66C3115
:1039A000CAF2FD710844B0FA80F040090190FFE7C7
:1039B0000198C007002800F09B82FFE70F9800687D
:1039C00000680C900D980F99C96D01F01F01C84057
:1039D0004007002840F1D780FFE79DF830004007FE
:1039E000002840F1D080FFE70F98C06D00F01F0164
:1039F00004208840089948609DF83100000600289E
:103A000018D5FFE79DF83200C00748B9FFE70F98C7
:103A1000806C20B1FFE70F98816C8847FFE708E0D2
:103A20000F98006C20B1FFE70F98016C8847FFE703
:103A3000FFE7A7E09DF830008006002800F199809C
:103A4000FFE70F9800681021C4F20201884200F0DD
:103A50008180FFE70F9800682821C4F202018842A4
:103A600078D0FFE70F9800684021C4F20201884235
:103A700070D0FFE70F9800685821C4F20201884215
:103A800068D0FFE70F9800687021C4F202018842F5
:103A900060D0FFE70F9800688821C4F202018842D5
:103AA00058D0FFE70F980068A021C4F202018842B5
:103AB00050D0FFE70F980068B821C4F20201884295
:103AC00048D0FFE70F98006840F21041C4F20201AD
:103AD00088423FD0FFE70F98006840F22841C4F2C7
:103AE0000201884236D0FFE70F98006840F240415B
:103AF000C4F2020188422DD0FFE70F98006840F21F
:103B00005841C4F20201884224D0FFE70F980068B0
:103B100040F27041C4F2020188421BD0FFE70F98C7
:103B2000006840F28841C4F20201884212D0FFE7E7
:103B30000F98006840F2A041C4F20201884209D007
:103B4000FFE70F98006840F2B841C4F202018842D2
:103B500007D1FFE70F980168086820F008000860A7
:103B600006E00F980168086820F004000860FFE78D
:103B7000FFE70F98006C20B1FFE70F98016C8847B2
:103B8000FFE7FFE7B3E10D980F99C96D01F01F0141
:103B9000C8408007002840F1E180FFE79DF8300031
:103BA0008007002840F1DA80FFE70F98C06D00F031
:103BB0001F0102208840089948609DF831000006E6
:103BC000002818D5FFE79DF83200C00748B9FFE785
:103BD0000F98406C20B1FFE70F98416C8847FFE7D2
:103BE00008E00F98C06B20B1FFE70F98C16B8847C2
:103BF000FFE7FFE7B1E09DF830008006002800F104
:103C0000A380FFE70F9800681021C4F202018842E8
:103C100000F08180FFE70F9800682821C4F20201BC
:103C2000884278D0FFE70F9800684021C4F2020173
:103C3000884270D0FFE70F9800685821C4F2020153
:103C4000884268D0FFE70F9800687021C4F2020133
:103C5000884260D0FFE70F9800688821C4F2020113
:103C6000884258D0FFE70F980068A021C4F20201F3
:103C7000884250D0FFE70F980068B821C4F20201D3
:103C8000884248D0FFE70F98006840F21041C4F224
:103C9000020188423FD0FFE70F98006840F22841B8
:103CA000C4F20201884236D0FFE70F98006840F264
:103CB0004041C4F2020188422DD0FFE70F9800680E
:103CC00040F25841C4F20201884224D0FFE70F9825
:103CD000006840F27041C4F2020188421BD0FFE745
:103CE0000F98006840F28841C4F20201884212D065
:103CF000FFE70F98006840F2A041C4F20201884239
:103D000009D0FFE70F98006840F2B841C4F2020101
:103D1000884207D1FFE70F980168086820F0140077
:103D2000086006E00F980168086820F00A00086043
:103D3000FFE70F99012081F83500FFE70F99002078
:103D400081F83400FFE7FFE70F98C06B20B1FFE771
:103D50000F98C16B8847FFE7FFE7C7E00D980F9901
:103D6000C96D01F01F01C8400007002840F1BC8068
:103D7000FFE79DF830000007002840F1B580FFE71D
:103D80000F9800681021C4F20201884200F081807F
:103D9000FFE70F9800682821C4F20201884278D01A
:103DA000FFE70F9800684021C4F20201884270D0FA
:103DB000FFE70F9800685821C4F20201884268D0DA
:103DC000FFE70F9800687021C4F20201884260D0BA
:103DD000FFE70F9800688821C4F20201884258D09A
:103DE000FFE70F980068A021C4F20201884250D07A
:103DF000FFE70F980068B821C4F20201884248D05A
:103E0000FFE70F98006840F21041C4F202018842B7
:103E10003FD0FFE70F98006840F22841C4F202014A
:103E2000884236D0FFE70F98006840F24041C4F264
:103E3000020188422DD0FFE70F98006840F25841F8
:103E4000C4F20201884224D0FFE70F98006840F2D4
:103E50007041C4F2020188421BD0FFE70F9800684E
:103E600040F28841C4F20201884212D0FFE70F9865
:103E7000006840F2A041C4F20201884209D0FFE785
:103E80000F98006840F2B841C4F20201884207D19D
:103E9000FFE70F980168086820F01C00086006E042
:103EA0000F980168086820F00E000860FFE70F987F
:103EB000C06D00F01F01012000FA01F1089A516065
:103EC0000F9948650F9981F83500FFE70F99002099
:103ED00081F83400FFE70F98C06C20B1FFE70F981E
:103EE000C16C8847FFE700E0FFE7FFE7FFE700E07E
:103EF000FFE7FFE710B080BD10B58EB00C9002F068
:103F00003FFD0A900C9828B9FFE701208DF8370093
:103F100000F09EBC0C98016801201022C4F202023D
:103F20009142079000F0A380FFE70C980168012000
:103F30002822C4F202029142079000F09880FFE725
:103F40000C98016801204022C4F2020291420790BD
:103F500000F08D80FFE70C98016801205822C4F220
:103F600002029142079000F08280FFE70C980168FE
:103F700001207022C4F202029142079077D0FFE73D
:103F80000C98016801208822C4F202029142079035
:103F90006DD0FFE70C9801680120A022C4F2020254
:103FA0009142079063D0FFE70C9801680120B82286
:103FB000C4F202029142079059D0FFE70C980168C1
:103FC000012040F21042C4F20202914207904ED00A
:103FD000FFE70C980168012040F22842C4F2020277
:103FE0009142079043D0FFE70C980168012040F20E
:103FF0004042C4F202029142079038D0FFE70C9889
:104000000168012040F25842C4F202029142079036
:104010002DD0FFE70C980168012040F27042C4F2F5
:1040200002029142079022D0FFE70C98016801201C
:1040300040F28842C4F202029142079017D0FFE793
:104040000C980168012040F2A042C4F202029142A1
:1040500007900CD0FFE70C9800684FF64831CBF67C
:10406000FD710844B0FA80F040090790FFE7079817
:10407000C007002800F07881FFE70C98406A08B17B
:10408000FFE7FFE70C99022081F83500FFE70C9964
:10409000002081F83400FFE70C9800681021C4F27A
:1040A0000201884200F08180FFE70C980068282117
:1040B000C4F20201884278D0FFE70C9800684021E2
:1040C000C4F20201884270D0FFE70C9800685821C2
:1040D000C4F20201884268D0FFE70C9800687021A2
:1040E000C4F20201884260D0FFE70C980068882182
:1040F000C4F20201884258D0FFE70C980068A02162
:10410000C4F20201884250D0FFE70C980068B82141
:10411000C4F20201884248D0FFE70C98006840F2E0
:104120001041C4F2020188423FD0FFE70C980068BA
:1041300040F22841C4F20201884236D0FFE70C98D1
:10414000006840F24041C4F2020188422DD0FFE7EE
:104150000C98006840F25841C4F20201884224D011
:10416000FFE70C98006840F27041C4F202018842F7
:104170001BD0FFE70C98006840F28841C4F20201AE
:10418000884212D0FFE70C98006840F2A041C4F2C8
:104190000201884209D0FFE70C98006840F2B8415C
:1041A000C4F20201884207D1FFE70C980168086851
:1041B00020F00100086006E00C980168086820F013
:1041C00001000860FFE7FFE70C9800680068C0077F
:1041D00098B1FFE702F0D4FB0A99401A06280BD3E6
:1041E000FFE70C99202048650C99032081F83500E1
:1041F00001208DF837002BE3E6E70C980068006893
:104200000B900B9848F23F01CFF6106108400B90DD
:104210000C998868D1F80CC00B694A6940EA0C0017
:10422000184310438A691043CA691043096A01435D
:104230000B9808430B900C98406A042808D1FFE7BC
:104240000C99C86A096B01430B9808430B90FFE770
:104250000C984068292807D3FFE70C984168012093
:104260002F29069036D3FFE70C9840683F2807D3E4
:10427000FFE70C9841680120432906902AD3FFE705
:104280000C984068472807D3FFE70C984168012045
:10429000492906901ED3FFE70C9840684F2807D3A2
:1042A000FFE70C98416801205329069012D3FFE7DD
:1042B0000C98416800207429059008D3FFE70C98FA
:1042C00041680020782938BF01200590FFE7059854
:1042D0000690FFE70698C00728B1FFE70B9840F467
:1042E00080100B90FFE70B980C99096808600C98F8
:1042F000006840690B900B9820F007000B900C9819
:10430000416A0B9808430B900C98406A04281AD114
:10431000FFE70C98816A0B9808430B900C98C06AD1
:1043200080B1FFE70C98FCF777FF50B1FFE70C99DD
:10433000402048650C99012081F835008DF8370040
:1043400086E2FFE7FFE70B980C99096848610C9833
:10435000FCF726FD09900C98C06D00F01F013F206E
:1043600088400999886026E10C980168012045F28F
:104370000842C5F60202914204904ED0FFE70C9825
:104380000168012045F21C42C5F6020291420490E8
:1043900043D0FFE70C980168012045F23042C5F692
:1043A00002029142049038D0FFE70C980168012086
:1043B00045F24442C5F60202914204902DD0FFE737
:1043C0000C980168012045F25842C5F6020291425C
:1043D000049022D0FFE70C980168012045F26C425E
:1043E000C5F602029142049017D0FFE70C980168CD
:1043F000012045F28042C5F60202914204900CD0A1
:10440000FFE70C9800684AF66C31CAF2FD71084467
:10441000B0FA80F040090490FFE70498C007002834
:1044200000F0BD80FFE70C980168012045F20842CA
:10443000C5F60202914203904ED0FFE70C98016846
:10444000012045F21C42C5F602029142039043D07E
:10445000FFE70C980168012045F23042C5F60202E0
:104460009142039038D0FFE70C980168012045F293
:104470004442C5F60202914203902DD0FFE70C980A
:104480000168012045F25842C5F6020291420390AC
:1044900022D0FFE70C980168012045F26C42C5F676
:1044A00002029142039017D0FFE70C9801680120A7
:1044B00045F28042C5F60202914203900CD0FFE71C
:1044C0000C9800684AF66C31CAF2FD710844B0FAE3
:1044D00080F040090390FFE70398C00708B1FFE7A9
:1044E000FFE70C99022081F83500FFE70C990020C6
:1044F00081F83400FFE70C98006800680B900B9877
:104500006FF310100B900C988068402803D1FFE7E0
:104510001020029008E00C9880688038B0FA80F093
:10452000400980030290FFE702980C99CA680B6962
:10453000D1F814C0D1F818E0CC694EEA040E4CEA68
:104540000E0C43EA0C031A4340EAD200096A40EA1F
:1045500011110B9808430B900B980C99096808608F
:104560000C9908684AF6F832CAF2FD7210444CF60B
:10457000CD42CCF6CC42A0FB02026FF0030000EA71
:104580009200C8650C98FCF70BFC08900C98C06D65
:1045900000F01F0101208840089948600AE00C994A
:1045A000402048650C99032081F8350001208DF8E2
:1045B00037004DE1FFE70C98016801201022C4F29A
:1045C00002029142019000F00381FFE70C9801681C
:1045D00001202822C4F202029142019000F0F880EA
:1045E000FFE70C98016801204022C4F202029142C8
:1045F000019000F0ED80FFE70C980168012058223F
:10460000C4F202029142019000F0E280FFE70C98B0
:10461000016801207022C4F202029142019000F070
:10462000D780FFE70C98016801208822C4F20202BB
:104630009142019000F0CC80FFE70C9801680120C6
:10464000A022C4F202029142019000F0C180FFE773
:104650000C9801680120B822C4F202029142019034
:1046600000F0B680FFE70C980168012040F210428C
:10467000C4F202029142019000F0AA80FFE70C9878
:104680000168012040F22842C4F2020291420190E6
:1046900000F09E80FFE70C980168012040F2404244
:1046A000C4F202029142019000F09280FFE70C9860
:1046B0000168012040F25842C4F202029142019086
:1046C00000F08680FFE70C980168012040F27042FC
:1046D000C4F20202914201907AD0FFE70C9801687F
:1046E000012040F28842C4F20202914201906FD050
:1046F000FFE70C980168012040F2A042C4F20202D8
:104700009142019064D0FFE70C980168012040F2CB
:10471000B842C4F202029142019059D0FFE70C98CE
:104720000168012045F20842C5F60202914201905B
:104730004ED0FFE70C980168012045F21C42C5F6F7
:1047400002029142019043D0FFE70C9801680120DA
:1047500045F23042C5F602029142019038D0FFE79F
:104760000C980168012045F24442C5F602029142CC
:1047700001902DD0FFE70C980168012045F25842C6
:10478000C5F602029142019022D0FFE70C98016821
:10479000012045F26C42C5F602029142019017D009
:1047A000FFE70C980168012045F28042C5F602023D
:1047B000914201900CD0FFE70C9800684AF66C31EA
:1047C000CAF2FD710844B0FA80F040090190FFE799
:1047D0000198C00790B3FFE70C98FCF7C9FB0C9851
:1047E0008068802804D1FFE70C9900204860FFE72B
:1047F0000C990879096E08600C98416E806E4860CB
:104800000C98406888B1FFE70C98406808280CD8DD
:10481000FFE70C98FCF768FC0C98C16E002008605C
:104820000C98016F406F486007E00C990020C86643
:104830000C9908670C994867FFE7FFE70C9900207F
:1048400048650C9A012182F835108DF83700FFE792
:104850009DF837000EB010BD80B588B00690059168
:104860000492039300208DF80B00069820B9FFE70F
:1048700001208DF81F006CE3FFE7069890F83400E4
:10488000012804D1FFE702208DF81F0061E306999B
:10489000012081F83400FFE7FFE7069890F8350023
:1048A000012840F04383FFE70699022081F8350094
:1048B000069900204865069800681021C4F202019C
:1048C000884200F08180FFE7069800682821C4F242
:1048D0000201884278D0FFE7069800684021C4F2C0
:1048E0000201884270D0FFE7069800685821C4F2A0
:1048F0000201884268D0FFE7069800687021C4F280
:104900000201884260D0FFE7069800688821C4F25F
:104910000201884258D0FFE706980068A021C4F23F
:104920000201884250D0FFE706980068B821C4F21F
:104930000201884248D0FFE70698006840F2104123
:10494000C4F2020188423FD0FFE70698006840F2B7
:104950002841C4F20201884236D0FFE70698006879
:1049600040F24041C4F2020188422DD0FFE7069890
:10497000006840F25841C4F20201884224D0FFE7A7
:104980000698006840F27041C4F2020188421BD0D0
:10499000FFE70698006840F28841C4F202018842AD
:1049A00012D0FFE70698006840F2A041C4F202016D
:1049B000884209D0FFE70698006840F2B841C4F287
:1049C0000201884207D1FFE706980168086820F0D5
:1049D0000100086006E006980168086820F0010000
:1049E0000860FFE706980599049A039BFCF78CFC86
:1049F0000698016801201022C4F20202914201903F
:104A000000F0A380FFE70698016801202822C4F285
:104A100002029142019000F09880FFE70698016839
:104A200001204022C4F202029142019000F08D80E8
:104A3000FFE70698016801205822C4F20202914261
:104A4000019000F08280FFE7069801680120702243
:104A5000C4F202029142019077D0FFE70698016804
:104A600001208822C4F20202914201906DD0FFE73A
:104A7000069801680120A022C4F20202914201902E
:104A800063D0FFE7069801680120B822C4F2020251
:104A90009142019059D0FFE706980168012040F249
:104AA0001042C4F20202914201904ED0FFE70698F4
:104AB0000168012040F22842C4F2020291420190B2
:104AC00043D0FFE706980168012040F24042C4F25B
:104AD00002029142019038D0FFE706980168012058
:104AE00040F25842C4F20202914201902DD0FFE7F9
:104AF00006980168012040F27042C4F2020291421D
:104B0000019022D0FFE706980168012040F2884218
:104B1000C4F202029142019017D0FFE706980168A3
:104B2000012040F2A042C4F20202914201900CD056
:104B3000FFE7069800684FF64831CBF6FD71084450
:104B4000B0FA80F040090190FFE70198C007A8B1D2
:104B5000FFE70698006800680B2161F3440006999E
:104B6000096808600698006C38B1FFE7069801688C
:104B7000086840F008000860FFE714E00698006845
:104B80000068052161F343000699096808600698EA
:104B9000006C38B1FFE706980168086840F004002F
:104BA0000860FFE7FFE70698016801201022C4F2C1
:104BB00002029142009000F00381FFE7069801682D
:104BC00001202822C4F202029142009000F0F880F5
:104BD000FFE70698016801204022C4F202029142D8
:104BE000009000F0ED80FFE7069801680120582250
:104BF000C4F202029142009000F0E280FFE70698C2
:104C0000016801207022C4F202029142009000F07B
:104C1000D780FFE70698016801208822C4F20202CB
:104C20009142009000F0CC80FFE7069801680120D7
:104C3000A022C4F202029142009000F0C180FFE77E
:104C4000069801680120B822C4F202029142009045
:104C500000F0B680FFE706980168012040F210429C
:104C6000C4F202029142009000F0AA80FFE7069889
:104C70000168012040F22842C4F2020291420090F1
:104C800000F09E80FFE706980168012040F2404254
:104C9000C4F202029142009000F09280FFE7069871
:104CA0000168012040F25842C4F202029142009091
:104CB00000F08680FFE706980168012040F270420C
:104CC000C4F20202914200907AD0FFE70698016890
:104CD000012040F28842C4F20202914200906FD05B
:104CE000FFE706980168012040F2A042C4F20202E8
:104CF0009142009064D0FFE706980168012040F2DD
:104D0000B842C4F202029142009059D0FFE70698DF
:104D10000168012045F20842C5F602029142009066
:104D20004ED0FFE706980168012045F21C42C5F607
:104D300002029142009043D0FFE7069801680120EB
:104D400045F23042C5F602029142009038D0FFE7AA
:104D500006980168012045F24442C5F602029142DC
:104D600000902DD0FFE706980168012045F25842D7
:104D7000C5F602029142009022D0FFE70698016832
:104D8000012045F26C42C5F602029142009017D014
:104D9000FFE706980168012045F28042C5F602024D
:104DA000914200900CD0FFE7069800684AF66C31FB
:104DB000CAF2FD710844B0FA80F040090090FFE7A4
:104DC0000098C007D0B1FFE70698006E0068C003E6
:104DD000002807D5FFE70698016E086840F4807048
:104DE0000860FFE70698C06E38B1FFE70698C16E0D
:104DF000086840F480700860FFE7FFE706980068E5
:104E00001021C4F20201884200F08180FFE7069879
:104E100000682821C4F20201884278D0FFE7069892
:104E200000684021C4F20201884270D0FFE7069872
:104E300000685821C4F20201884268D0FFE7069852
:104E400000687021C4F20201884260D0FFE7069832
:104E500000688821C4F20201884258D0FFE7069812
:104E60000068A021C4F20201884250D0FFE70698F2
:104E70000068B821C4F20201884248D0FFE70698D2
:104E8000006840F21041C4F2020188423FD0FFE7BF
:104E90000698006840F22841C4F20201884236D0E8
:104EA000FFE70698006840F24041C4F202018842E0
:104EB0002DD0FFE70698006840F25841C4F2020185
:104EC000884224D0FFE70698006840F27041C4F29F
:104ED000020188421BD0FFE70698006840F2884133
:104EE000C4F20201884212D0FFE70698006840F23F
:104EF000A041C4F20201884209D0FFE70698006889
:104F000040F2B841C4F20201884207D1FFE7069897
:104F10000168086840F00100086006E00698016832
:104F2000086840F001000860FFE70DE006994FF4C3
:104F300000604865FFE70699002081F83400FFE72C
:104F400001208DF80B00FFE79DF80B008DF81F0086
:104F5000FFE79DF81F0008B080BD000000000000C2
:104F600080B584B0039001F00BFD0290039801908E
:104F70000198013048B1FFE740F2F810C2F200405A
:104F80000178019808440190FFE7FFE701F0F8FC81
:104F90000299401A0199884201D2FFE7F6E704B06E
:104FA00080BD00000000000085B0039002910192D6
:104FB000039890F898008DF803009DF803000128ED
:104FC00005D0FFE79DF8030002285DD1FFE70298B6
:104FD00003990968896D084207D1FFE703980168C2
:104FE000C86D40F00100C86515E002980399096892
:104FF000896D08400299884207D1FFE7039801684C
:10500000C86D40F00200C86504E003980168032001
:10501000C865FFE7FFE79DF809008007002809D56C
:10502000FFE7019A03980168D1F8E0001043C1F846
:10503000E000FFE79DF809004007002809D5FFE7D9
:10504000019A03980168D1F8E4001043C1F8E40024
:10505000FFE7FFE702984FF6FF71C3F6CF7100EA52
:10506000010203980168486D10434865029A4AF6A8
:105070001401C4F20001086840EA92700860FFE77A
:1050800000208DF813000AE00399D1F89C0040F04D
:105090000200C1F89C0001208DF81300FFE79DF885
:1050A000130005B07047000080B586B004900391EE
:1050B00002920398406808B9FFE700E0FFE7049810
:1050C00090F89800022845D1FFE704980068D0F8CE
:1050D000C00010F07C5F0BD1FFE70499D1F89C0071
:1050E00040F02000C1F89C0001208DF817003CE042
:1050F00004980068D0F8C400800200280BD5FFE7B0
:105100000499D1F89C0040F40070C1F89C00012083
:105110008DF8170029E004980068D0F8C400C0F3A7
:105120000440019004980399029A019BFCF75CFDEE
:105130000199012000FA01F1049A1268C2F8D01016
:10514000019988400499C1F89400FFE700208DF888
:1051500017000AE00499D1F89C0040F00800C1F85B
:105160009C0001208DF81700FFE79DF8170006B09E
:1051700080BD00000000000082B00190009102B0EC
:10518000704700000000000084B00290019100927E
:10519000019808B9FFE700E0FFE7029890F898004F
:1051A000012836D1FFE7019870B9FFE7029800683F
:1051B000D0F8F00020F07C50009940EA016002999C
:1051C0000968C1F8F00020E0019801280ED1FFE73E
:1051D00002980068D0F8A00020F0FE40009940EA54
:1051E000016002990968C1F8A0000DE0029800680A
:1051F000D0F8B00020F0FE40009940EA016002992A
:105200000968C1F8B000FFE7FFE700208DF80F0044
:105210000AE00299D1F89C0040F00400C1F89C001B
:1052200001208DF80F00FFE79DF80F0004B07047D4
:1052300087B005900491059890F898008DF80300C8
:105240009DF80300012805D0FFE79DF80300022820
:105250006AD1FFE70498C068072801D1FFE7FFE79C
:105260000498006878BBFFE70498C068072801D05D
:10527000FFE7FFE70498C06807280CD1FFE7049A0E
:1052800010699169D269000440EA0220084340F0A5
:10529000605003900CE004998868CB680A694969FA
:1052A000800740EAC36040EA024008430390FFE7FA
:1052B0000598C06E0499496800EB8100019003983D
:1052C000019908602CE00498C068072801D0FFE726
:1052D000FFE70498C168006940EA417003900498B0
:1052E000C068072804D1FFE704988069029006E0AF
:1052F00004988168406940EA81700290FFE7059850
:10530000006F0499496800EBC1000190039801996E
:105310000860019804300190029801990860FFE745
:1053200000208DF81B000AE00599D1F89C0040F0A0
:105330000200C1F89C0001208DF81B00FFE79DF8DA
:105340001B0007B07047000085B0DDF814C0039063
:10535000029101920093039890F89800012812D1CD
:10536000FFE702980001019940EA8100009940EAB4
:1053700041000599084303990968C1F8800000209D
:105380008DF813000AE00399D1F89C0040F0040066
:10539000C1F89C0001208DF81300FFE79DF8130071
:1053A00005B070470000000081B0009001B0704768
:1053B00082B00190009102B0704700000000000030
:1053C0008AB00890079106920593002001900898F2
:1053D00090F898008DF803009DF80300022840F033
:1053E0005C81FFE70798402851D1FFE708980068E3
:1053F000D0F8A00010F4FE0F0BD1FFE70899D1F808
:105400009C0040F02000C1F89C0001208DF827008E
:105410004EE108980068D0F8A400400658B9FFE7AC
:105420000899D1F89C0040F48070C1F89C000120DC
:105430008DF827003CE108980068D0F8A40000F03F
:1054400080710120B0EB116F0DD1FFE70898006863
:10545000D0F8A0100120B0EBD17F03D1FFE70120ED
:105460000190FFE7FFE708980068D0F8A40000F477
:105470007C51019800EB112001900898426C406F1C
:105480000199514300EB81000490FFE770E0079819
:10549000412851D1FFE708980068D0F8B00010F417
:1054A000FE0F0BD1FFE70899D1F89C0040F02000D7
:1054B000C1F89C0001208DF82700F9E008980068E9
:1054C000D0F8B400400658B9FFE70899D1F89C001D
:1054D00040F48070C1F89C0001208DF82700E7E0BF
:1054E00008980068D0F8B40000F080710120B0EB9B
:1054F000116F0DD1FFE708980068D0F8B0100120B7
:10550000B0EBD17F03D1FFE701200190FFE7FFE778
:1055100008980068D0F8B40000F47C51019800EBC2
:10552000112001900898C26C806F0199514300EBE3
:1055300081000490FFE71AE007980899096D8842F6
:105540000BD3FFE70899D1F89C0040F02000C1F888
:105550009C0001208DF82700AAE00898426DC06FDA
:105560000799514300EB81000490FFE7FFE7FFE755
:105570000498006800F080400699486006984068EA
:1055800038B9FFE704980068C0F38A4006990860BC
:1055900006E00498006820F0604006990860FFE784
:1055A0000498006800F0005006998860049800682C
:1055B00000F00040069908610498043004900498B3
:1055C00000880699C86104980068C0F303400699F2
:1055D000C8600498006800F4801006994861049837
:1055E000006800F400100699886104980068C0F310
:1055F00006600699086204980068C00F0699486220
:105600000498043004900498039000200290FFE76F
:1056100002980699CA6841F23061C0F60201895CBD
:1056200088420AD2FFE70398029A805C0599885461
:10563000FFE7029801300290EAE70798402806D178
:10564000FFE7019808990968C1F8A80021E00798C8
:10565000412806D1FFE7019808990968C1F8B80008
:1056600016E007981F2808D8FFE70799012088400F
:1056700008990968C1F8980009E0079800F01F012F
:105680000120884008990968C1F89C00FFE7FFE7FE
:10569000FFE700208DF827000AE00899D1F89C0068
:1056A00040F00800C1F89C0001208DF82700FFE7BA
:1056B0009DF827000AB0704781B0009001B0704794
:1056C00080B594B013904AF61000C4F20000006850
:1056D000800712904AF61400C4F200000168129884
:1056E00000EA8170129013980068006D00F4704019
:1056F000119013980068416D11980840119013980B
:105700000068006D00F00F00109013980068416D64
:1057100010980840109013980068006D00F0F00099
:105720000F9013980068416D0F9808400F901398E0
:105730000068006D00F071500E9013980068416D84
:105740000E9808400E9013980068006D00F060708D
:105750000D9013980068416D0D9808400D901398B6
:105760000068406D039013980068006D01909DF8EB
:105770000D00C007B8B1FFE79DF80500C00788B16C
:10578000FFE7FFE7139801684FF4807008654AF659
:105790001001C4F2000100200860FFE71398FFF732
:1057A0008BFFFFE7FFE79DF80D0000F004010020EC
:1057B000B0EB910F28D0FFE79DF8050000F0040141
:1057C0000020B0EB910F1ED0FFE713980068D0F8CF
:1057D000DC000B9013980068D0F8E4100B98084098
:1057E0000B90FFE7139801684FF4806008654AF654
:1057F0001001C4F2000100200860FFE713980B9924
:1058000000F07AFEFFE7FFE71298B8B1FFE7FFE785
:1058100012984FF6FF71C3F6CF71084013990968CB
:1058200008651298800F4AF61001C4F20001086062
:10583000FFE713981299FFF79FFCFFE71198B8B1A3
:10584000FFE7FFE711984FF6FF71C3F6CF710840ED
:105850001399096808651198800F4AF61001C4F27F
:1058600000010860FFE71398119900F059FEFFE767
:105870001098B8B1FFE7FFE710984FF6FF71C3F635
:10588000CF7108401399096808651098800F4AF68F
:105890001001C4F200010860FFE71398109900F0AE
:1058A00023FDFFE70F98B8B1FFE7FFE70F984FF62A
:1058B000FF71C3F6CF7108401399096808650F9806
:1058C000800F4AF61001C4F200010860FFE7139848
:1058D0000F9900F065FDFFE79DF80D0000F008014D
:1058E0000020B0EBD10F1BD0FFE79DF8050000F0C2
:1058F00008010020B0EBD10F11D0FFE7FFE71398AC
:1059000001684FF4006008654AF61001C4F2000116
:1059100000200860FFE7139800F00AFEFFE7FFE7AA
:105920009DF80D0000F002010020B0EB510F28D0CF
:10593000FFE79DF8050000F002010020B0EB510FD9
:105940001ED0FFE713980068D0F8D8000C90139889
:105950000068D0F8E0100C9808400C90FFE713980E
:1059600001684FF4007008654AF61001C4F20001A6
:1059700000200860FFE713980C9900F0C5FDFFE7D1
:10598000FFE79DF80E0000F008010020B0EBD10FFA
:105990001BD0FFE79DF8060000F008010020B0EBE7
:1059A000D10F11D0FFE7FFE7139801684FF40020F3
:1059B00008654AF61001C4F2000100200860FFE704
:1059C000139800F08DFCFFE7FFE79DF80E00C0077D
:1059D000B8B1FFE79DF80600C00788B1FFE7FFE711
:1059E000139801684FF4803008654AF61001C4F23C
:1059F000000100200860FFE7139800F079FDFFE741
:105A0000FFE79DF80E0000F004010020B0EB910FBD
:105A10001BD0FFE79DF8060000F004010020B0EB6A
:105A2000910F11D0FFE7FFE7139801684FF4802032
:105A300008654AF61001C4F2000100200860FFE783
:105A4000139800F051FDFFE7FFE79DF80E0000F00E
:105A500002010020B0EB510F1FD0FFE79DF80600B8
:105A600000F002010020B0EB510F15D0FFE7FFE777
:105A7000139801684FF4003008654AF61001C4F22B
:105A8000000100200860FFE71399D1F89C0040F066
:105A90008000C1F89C00FFE7FFE70D98B8B1FFE771
:105AA000FFE70D984FF6FF71C3F6CF7108401399C9
:105AB000096808650D98800F4AF61001C4F20001CC
:105AC0000860FFE713980D99FFF772FCFFE70E9847
:105AD000D0B1FFE7FFE70E984FF6FF71C3F6CF7125
:105AE00008401399096808650E98800F4AF610015E
:105AF000C4F200010860FFE70E9A1399D1F89C00E8
:105B00001043C1F89C00FFE7139800684AF20001B7
:105B1000C4F20001884240F0B980FFE71398406862
:105B200080688007002800F0B080FFE71398406885
:105B3000006A00F00F000A9013984068416A0A98C2
:105B400008400A9013984068006A00F030000990FD
:105B500013984068416A0998084009901398406872
:105B6000006A00F4C070089013984068416A089871
:105B70000840089013984068006A00F4FC400790C1
:105B800013984068416A0798084007901398406846
:105B9000006A00F4F020069013984068416A069865
:105BA0000840069013984068406A02901398406835
:105BB000006A00900A9848B1FFE70A98139949686B
:105BC000086213980A9900F077FCFFE7099848B13A
:105BD000FFE709981399496808621398099900F03A
:105BE0007BFCFFE79DF8080000F040010020B0EBCF
:105BF000911F1FD0FFE79DF8000000F0400100203A
:105C0000B0EB911F15D0FFE713984068C06B000CF4
:105C1000059013984068C06B00F03F000490139803
:105C200041684020086213980599049A00F04CFCE2
:105C3000FFE7FFE7089848B1FFE70898139949681C
:105C400008621398089900F02FFCFFE7079860B1ED
:105C5000FFE70798139949680862079A1399D1F8E2
:105C60009C001043C1F89C00FFE7069860B1FFE775
:105C70000698139949680862069A1399D1F89C000E
:105C80001043C1F89C00FFE7FFE7FFE71398D0F847
:105C90009C0020B1FFE71398FFF786FBFFE714B0E5
:105CA00080BD00000000000080B598B0169041F261
:105CB000D451C0F6020101A84C22FAF7C6FC16988E
:105CC00020B9FFE701208DF85F00D9E11698006840
:105CD0004AF20001C4F20001884206D1FFE716999A
:105CE000086800F580704860FFE716988068B0F596
:105CF000407F01D1FFE7FFE71698006C08B1FFE78E
:105D0000FFE71698806C08B1FFE7FFE71698006D73
:105D100008B1FFE7FFE71698006E08B1FFE7FFE75D
:105D20001699C86D096E084408B1FFE7FFE7169899
:105D300090F8980040B9FFE71699002081F8990083
:105D4000169800F0A1F9FFE716980168886920F01D
:105D50001000886100F014FE1590FFE716980068A7
:105D600080690007002817D5FFE700F009FE1599A4
:105D7000401A0B280FD3FFE71699D1F89C0040F08A
:105D80000100C1F89C001699032081F898000120B9
:105D90008DF85F0074E1E1E716980168886940F0CA
:105DA0000100886100F0ECFD1590FFE7169800688F
:105DB0008069C007B8B9FFE700F0E2FD1599401A05
:105DC0000B280FD3FFE71699D1F89C0040F0010093
:105DD000C1F89C001699032081F8980001208DF8E5
:105DE0005F004DE1E2E716980168886940F0020023
:105DF00088611698007C012807D1FFE71698016892
:105E0000886920F04000886106E01698016888697A
:105E100040F040008861FFE71698407C012807D1D8
:105E2000FFE716980168886940F48040886106E0C1
:105E300016980168886920F480408861FFE7169809
:105E4000807C012807D1FFE716980168886920F453
:105E50008050886106E016980168886940F4805097
:105E60008861FFE716980068806920F44070169AF0
:105E7000116892681043886116980168886920F05B
:105E8000A400886116980168086920F01000086174
:105E90001698C068012807D1FFE71698016888693D
:105EA00040F0040088612BE01698C06830B3FFE72B
:105EB0001698C068022819D0FFE71698016888690B
:105EC00040F08000886116980168086940F0100071
:105ED00008611698C068032807D1FFE71698016883
:105EE000886940F020008861FFE706E016980168A5
:105EF000886940F020008861FFE700E0FFE7FFE7E6
:105F0000169A116853699069D2F81CE0A0F1010C4F
:105F10006FF0FF0000EB0E2040EA4C60126A013A7D
:105F200010430022CFF6FF7202EB03421043C86118
:105F300016988068B0F5407F1CD1FFE7169A11686B
:105F4000536A906AD2F82CE001386FF0FF0C0CEB2A
:105F50000E2C40EA0C00D2F830C06FF00F0202EBBA
:105F60000C1210430022CFF6FF7202EB03421043E3
:105F7000C860FFE71698006E48B1FFE71698016801
:105F8000426ED1F8C0001043C1F8C000FFE7169977
:105F9000C86D096E084480B1FFE716980068D0F814
:105FA000C80020F00700169A1168936E01AA52F8F3
:105FB00023201043C1F8C800FFE71698006C80B199
:105FC000FFE716980068D0F8BC0020F00700169A8A
:105FD0001168536C01AA52F823201043C1F8BC0089
:105FE000FFE71698806C88B1FFE716980068D0F834
:105FF000BC0020F07000169A1168D36C01AA52F808
:10600000232040EA0210C1F8BC00FFE71698006D9B
:1060100088B1FFE716980068D0F8BC0020F4E06073
:10602000169A1168536D01AA52F8232040EA022003
:10603000C1F8BC00FFE7169800684AF20001C4F2FC
:106040000001884207D1FFE716984168886820F070
:1060500003008860FFE716990020C1F894001699A4
:10606000C1F89C001699012081F898001698FBF75A
:1060700057FC8DF853009DF853008DF85F00FFE743
:106080009DF85F0018B080BD80B5C0B03F90002083
:106090003E903D903C903B903A900CA8B821FAF786
:1060A00028FB3F9800684AF20001C4F200018842D0
:1060B00055D1FFE700200D904FF400400C904FF0B9
:1060C000805027900CA802F073FA18B1FFE7FBF795
:1060D00007FCFFE740F2F430C2F2004001680131F2
:1060E00001600068012810D1FFE7FFE744F2EC40AF
:1060F000C5F60200016841F480710160006800F497
:1061000080700B900B98FFE7FFE7FFE744F2E04059
:10611000C5F60200016841F008010160006800F066
:1061200008000A900A98FFE703203A9002203B906B
:10613000002004903C903D9009203E9040F60040A5
:10614000C5F602003AA900F01BFA049A1320059044
:10615000012100F035FD059800F026FDBEE03F98D6
:1061600000684AF20041C4F20001884255D1FFE7BD
:1061700000200D904FF400400C904FF0805027907D
:106180000CA802F015FA18B1FFE7FBF7A9FBFFE72F
:1061900040F2F430C2F20040016801310160006851
:1061A000012810D1FFE7FFE744F2EC40C5F60200FA
:1061B000016841F480710160006800F4807009900A
:1061C0000998FFE7FFE7FFE744F2E040C5F6020069
:1061D000016841F002010160006800F002000890CF
:1061E0000898FFE760203A9002203B900020029040
:1061F0003C903D9009203E9040F20040C5F60200E0
:106200003AA900F0BDF9029A14200390012100F090
:10621000D7FC039800F0C8FC5FE03F9800684DF29F
:106220000041C4F20001884256D1FFE700200D90E2
:106230004FF400400C904FF0805027900CA802F0D3
:10624000B7F918B1FFE7FBF74BFBFFE740F2F4307B
:10625000C2F200400168013101600068012810D1DC
:10626000FFE7FFE744F2EC40C5F60200016841F4A5
:1062700080710160006800F4807007900798FFE764
:10628000FFE7FFE744F2E040C5F60200016841F095
:1062900008010160006800F0080006900698FFE71A
:1062A0004FF440503A9002203B90002000903C90E8
:1062B0003D9005203E9040F60040C5F602003AA908
:1062C00000F05EF9009A9F200190114600F078FCE2
:1062D000019800F069FCFFE7FFE7FFE740B080BDF1
:1062E00081B0009001B0704780B588B007900691EA
:1062F000079800684AF20001C4F20001884212D1F6
:10630000FFE7079840F29821C2F2004104910A1D6C
:10631000059201F12C034021FFF752F804990598EA
:10632000496B884737E0079800684AF20041C4F299
:106330000001884212D1FFE7079840F2E821C2F23B
:10634000004102910A1D039201F12C034021FFF745
:1063500037F802990398496B88471BE00798006853
:106360004DF20041C4F20001884212D1FFE70798C4
:1063700040F27431C2F2004100910A1D019201F114
:106380002C034021FFF71CF800990198496B8847BE
:10639000FFE7FFE7FFE708B080BD00000000000056
:1063A00080B588B007900691079800684AF200010E
:1063B000C4F20001884212D1FFE7079840F2982109
:1063C000C2F2004104910A1D059201F12C03412102
:1063D000FEF7F6FF04990598496B884737E0079860
:1063E00000684AF20041C4F20001884212D1FFE77E
:1063F000079840F2E821C2F2004102910A1D03927F
:1064000001F12C034121FEF7DBFF02990398496B50
:1064100088471BE0079800684DF20041C4F2000174
:10642000884212D1FFE7079840F27431C2F200416E
:1064300000910A1D019201F12C034121FEF7C0FFDA
:1064400000990198496B8847FFE7FFE7FFE708B02D
:1064500080BD00000000000082B00090009890F81D
:106460009800012811D1FFE70099022081F89800D7
:1064700000980168886920F0010088610099002077
:10648000C1F89C008DF807000AE00099D1F89C0043
:1064900040F00400C1F89C0001208DF80700FFE7E0
:1064A0009DF8070002B0704782B00190009102B0E1
:1064B000704700000000000082B00190009102B01F
:1064C000704700000000000083B00290019100922C
:1064D00003B070470000000082B00190009102B04C
:1064E000704700000000000081B0009001B07047CC
:1064F00081B0009001B0704782B00190009102B06D
:10650000704700000000000082B00190009146F248
:10651000CC11C2F2004108680130086002B0704737
:1065200082B00190009102B07047000000000000AE
:1065300081B0009001B0704781B0ADF8020001B0A9
:10654000704700000000000080B582B0ADF8060082
:106550008820C5F600000068BDF8061008420BD080
:10656000FFE7BDF806008821C5F600010860BDF808
:106570000600FFF7E1FFFFE702B080BD000000006A
:106580008FB00E900D9100200C908020C5F6000079
:106590000990FFE70D9800680C99C840002800F0AA
:1065A000C181FFE70D9800680C9A012191400840D5
:1065B0000B900B98002800F0B181FFE70D98406820
:1065C00000F00300012807D0FFE70D98406800F0B5
:1065D000030002282FD1FFE70E9880680A900C98DC
:1065E0004100032000FA01F10A9888430A900D98AF
:1065F000C0680C99490000FA01F10A9808430A9012
:106600000A980E9988600E9840680A900C990120AB
:1066100000FA01F10A9888430A900D984068C0F387
:1066200000100C9900FA01F10A9808430A900A98A0
:106630000E994860FFE70D98406800F003000328BA
:1066400018D0FFE70E98C0680A900C98410003200C
:1066500000FA01F10A9888430A900D9880680C9915
:10666000490000FA01F10A9808430A900A980E9925
:10667000C860FFE70D98406800F00300022826D1AB
:10668000FFE70E980C996FF0030202EA51010844EB
:10669000006A0A900C9800F0070081000F2000FAB1
:1066A00001F10A9888430A900D9800690C9901F04D
:1066B0000701890000FA01F10A9808430A900A9834
:1066C0000E990C9B02EA530211440862FFE70E98F0
:1066D00000680A900C984100032000FA01F10A9822
:1066E00088430A900D98406800F003000C99490017
:1066F00000FA01F10A9808430A900A980E99086076
:106700000D9880798007002800F00781FFE7FFE7F8
:1067100044F2F440C5F60200016841F00201016054
:10672000006800F0020008900898FFE70C9820F03D
:10673000030040F20841C5F6000140580A900C9849
:1067400000F0030081000F2000FA01F10A9888434D
:106750000A900E980021C5F60201884203D1FFE796
:10676000002007906CE00E9840F20041C5F602014F
:10677000884203D1FFE7012006905EE00E9840F6C4
:106780000001C5F60201884203D1FFE7022005900F
:1067900050E00E9840F60041C5F60201884203D150
:1067A000FFE70320049042E00E9841F20001C5F695
:1067B0000201884203D1FFE70420039034E00E98E1
:1067C00041F20041C5F60201884203D1FFE70520EE
:1067D000029026E00E9841F60001C5F602018842BB
:1067E00003D1FFE70620019018E00E9841F6004122
:1067F000C5F60201884203D1FFE7072000900AE0B6
:106800000E9942F20042C5F602020A20914208BFE8
:1068100009200090FFE700980190FFE7019802909F
:10682000FFE702980390FFE703980490FFE70498BE
:106830000590FFE705980690FFE706980790FFE7A9
:1068400007980C9901F00301890000FA01F10A98F8
:1068500008430A900A980C9921F0030140F208427B
:10686000C5F6000288504FF0B04000680A900B99BE
:106870000A9888430A900D988079C006002805D5AB
:10688000FFE70B990A9808430A90FFE70A984FF030
:10689000B04108600420C5F6000000680A900B991A
:1068A0000A9888430A900D9880798006002805D5BB
:1068B000FFE70B990A9808430A90FFE70A9804211A
:1068C000C5F600010860099840680A900B990A987B
:1068D00088430A900D9880798007002805D5FFE746
:1068E0000B990A9808430A90FFE70A9809994860AB
:1068F000099800680A900B990A9888430A900D98A5
:106900008079C00728B1FFE70B990A9808430A90DD
:10691000FFE70A9809990860FFE7FFE70C98013044
:106920000C9037E60FB0704783B00290ADF80610B8
:10693000029840690090009ABDF8060002EA000142
:10694000904340EA01400299886103B0704700001B
:1069500082B00190ADF802108DF801209DF8010081
:1069600028B1FFE7BDF802000199886105E0BDF894
:106970000200000401998861FFE702B0704700003F
:1069800046F2FC20C2F200400068704700000000A0
:1069900080B584B00290029820B9FFE701208DF8FD
:1069A0000F0045E0029801684CF6CC400860029860
:1069B000016845F2555008600298016840684860D7
:1069C0000298016880688860FFF7DAFF0190FFE7AE
:1069D00002980068C068400798B1FFE7FFF7D0FF52
:1069E0000199401A32280BD3FFE702980068C0686B
:1069F000400720B1FFE703208DF80F0018E0FFE704
:106A0000E6E70298006800690299C968884205D0E3
:106A1000FFE702980168C068086105E00298016814
:106A20004AF6AA200860FFE700208DF80F00FFE774
:106A30009DF80F0004B080BD81B0009000980168FF
:106A40004AF6AA200860002001B07047000000004C
:106A500040F2F810C2F20040027846F2FC21C2F285
:106A60000041086810440860704700000000000002
:106A700080B582B0032000F0BBF803F031F844F297
:106A80001842C5F602021168C1F3032341F22061E6
:106A9000C0F60201CB5C03F01F03D84000900098C1
:106AA000126802F00F02895C01F01F01C84040F239
:106AB0000C11C2F200410860009840F20811C2F2C5
:106AC00000410860072000F013F820B1FFE7012023
:106AD0008DF8070005E000F04FF800208DF8070062
:106AE000FFE79DF8070002B080BD00000000000035
:106AF00080B582B0009040F2F810C2F200400078F9
:106B000020B9FFE701208DF8070030E040F20810BF
:106B1000C2F20040006840F2F811C2F200410A7867
:106B20004FF47A71B1FBF2F1B0FBF1F005F078F8B7
:106B300020B1FFE701208DF8070018E000980F282A
:106B40000DD8FFE700994FF0FF30002200F038F831
:106B5000009840F2FC11C2F20041086003E00120FD
:106B60008DF8070003E000208DF80700FFE79DF88F
:106B7000070002B080BD000080B582B0FFE744F29C
:106B8000F440C5F60200016841F0020101600068AE
:106B900000F0020001900198FFE7042000F028F8BF
:106BA00002B080BD0000000080B582B0ADF80600E4
:106BB000BDF9060018F0ACFD02B080BD0000000079
:106BC00080B586B0ADF816000491039218F0B8FDB8
:106BD0000290BDF91600019002980499039A08F0FA
:106BE0003BFB0146019818F0B3FD06B080BD0000E4
:106BF00080B582B00190019818F0CEFD02B080BD42
:106C000082B0019001980068009001990120C1F8BC
:106C1000D8040199002081F8CC04009A916941F0D0
:106C200000619161009A516D0323C1F20003194381
:106C3000516502B07047000082B001908DF80310DA
:106C400002B070470000000082B00190ADF8021061
:106C5000BDF80200019909684862002002B070473F
:106C600084B003908DF80B10ADF8082003980068ED
:106C7000406A00909DF80B0048B9FFE7BDF8081086
:106C8000009840EA014003990968886233E003985C
:106C90000068816A009800EB1140009000208DF898
:106CA0000700FFE79DF807009DF80B1001398842A7
:106CB00013D2FFE7039800689DF8071000EB8100EE
:106CC000D0F80411009800EB11400090FFE79DF808
:106CD000070001308DF80700E4E7BDF808100098C0
:106CE00040EA0140039909689DF80B2001EB8201FD
:106CF000C1F80001FFE7002004B070470000000069
:106D000080B582B001900198D0F8E0040DF07CF9D4
:106D100002B080BD0000000080B582B001908DF807
:106D20000310019AD2F8E0049DF8031001EBC103AF
:106D300002EB8302126A0CF0C3FF02B080BD0000B8
:106D400080B582B001908DF80310019AD2F8E0046A
:106D50009DF8031001EBC10302EB8302D2F860221D
:106D60000DF076F802B080BD80B582B00190019838
:106D7000D0F8E0040DF050F902B080BD0000000032
:106D800080B584B003908DF80B109DF80B000006C1
:106D900000280CD5FFE703989DF80B1001F00F01B8
:106DA00001EBC10100EB8100143001900CE003986D
:106DB0009DF80B1001F00F0101EBC10100EB810008
:106DC00000F515700190FFE70398006801990EF037
:106DD000CFFE8DF80A009DF80A0004B080BD0000C7
:106DE00080B584B002908DF807109DF8070000066A
:106DF00000280FD5FFE702989DF8071001F00F015A
:106E000001EBC10100EB81001430009000990120DA
:106E100048700FE002989DF8071001F00F0101EB98
:106E2000C10100EB810000F5157000900099002071
:106E30004870FFE79DF8070000F00F000099087008
:106E4000FFE7029890F89404012804D1FFE702209C
:106E50008DF80F0014E00299012081F89404FFE7F7
:106E6000FFE70298006800990EF07AF9FFE70299AF
:106E7000002081F89404FFE700208DF80F00FFE761
:106E80009DF80F0004B080BD80B584B002908DF8ED
:106E900007109DF8070000F00F0002990979884259
:106EA00004D9FFE701208DF80F004DE09DF80700A1
:106EB000000600280FD5FFE702989DF8071001F0A3
:106EC0000F0101EBC10100EB81001430009000992B
:106ED000012048700FE002989DF8071001F00F01A3
:106EE00001EBC10100EB810000F5157000900099E5
:106EF00000204870FFE70099002088709DF8070087
:106F000000F00F0000990870FFE7029890F89404D1
:106F1000012804D1FFE702208DF80F0014E0029948
:106F2000012081F89404FFE7FFE7029800680099C8
:106F30000EF086FBFFE70299002081F89404FFE73A
:106F400000208DF80F00FFE79DF80F0004B080BD12
:106F500082B001908DF8031001989DF8031001F0A4
:106F60000F0101EBC10100EB8100D0F8680202B013
:106F7000704700000000000080B586B004908DF8D6
:106F80000F10ADF80C208DF80B3000208DF80A00A2
:106F90009DF80F00000600280FD5FFE704989DF824
:106FA0000F1001F00F0101EBC10100EB8100143063
:106FB00001900199012048700FE004989DF80F108E
:106FC00001F00F0101EBC10100EB810000F515702C
:106FD0000190019900204870FFE79DF80F0000F034
:106FE0000F0001990870BDF80C00019988609DF8A8
:106FF0000B00019908710198407820B1FFE70199D1
:1070000008784883FFE79DF80B00022804D1FFE7CA
:10701000019900204871FFE7FFE7049890F8940475
:10702000012804D1FFE702208DF8170015E004992C
:10703000012081F89404FFE7FFE7049800680199B4
:107040000DF052FFFFE70499002081F89404FFE758
:107050009DF80A008DF81700FFE79DF8170006B0AD
:1070600080BD00000000000080B586B005908DF85E
:1070700013100392029305989DF8131001F00F016D
:1070800001EBC10100EB810000F515700190039840
:107090000199C8600298019908610199002048612E
:1070A000019948709DF8130000F00F0001990870D5
:1070B00005988079012804D1FFE703980199C861F8
:1070C000FFE7059A1068019992790EF05DFB0020A8
:1070D00006B080BD0000000080B584B002908DF83D
:1070E00007109DF8070000F00F0002990979884207
:1070F00004D9FFE701208DF80F0058E09DF8070044
:10710000000600280FD5FFE702989DF8071001F050
:107110000F0101EBC10100EB8100143000900099D8
:10712000012048700DE002989DF8071001EBC101A5
:1071300000EB810000F51570009000990020487068
:10714000FFE70099012088709DF8070000F00F000C
:1071500000990870FFE7029890F89404012804D180
:10716000FFE702208DF80F0021E00299012081F84D
:107170009404FFE7FFE70298006800990EF0B0FA68
:107180009DF80700000740B9FFE7029A106891795F
:1071900002F29C420EF004FAFFE7FFE7029900209A
:1071A00081F89404FFE700208DF80F00FFE79DF8B9
:1071B0000F0004B080BD000080B586B005908DF84A
:1071C00013100392029305989DF8131001F00F011C
:1071D00001EBC10100EB810014300190039801998B
:1071E000C8600298019908610199002048610199DD
:1071F000012048709DF8130000F00F0001990870FD
:1072000005988079012804D1FFE703980199C861A6
:10721000FFE7059A1068019992790EF0B5FA0020FF
:1072200006B080BD0000000080B58CB00B900B98BC
:1072300000680A900A9809900B9800680EF0D8FD33
:10724000002840F03384FFE70B9800680EF048FEFA
:1072500010B9FFE700F02ABC0998D0F80808C0F37D
:107260000D200B99C1F8D4040B9800680EF038FE7D
:107270008007002807D5FFE70B980168486900F0F0
:1072800002004861FFE70B9800680EF029FEC00677
:10729000002862D5FFE70B980168886920F010008C
:1072A00088610A98006A02900B98029901F00F0118
:1072B00001EBC10100EB810000F515700890029808
:1072C00000F4F0110220B0EB514F23D1FFE7BDF8DD
:1072D000080047F6F07108421BD0FFE70A980899AA
:1072E000C968029AC2F30A120EF00AFE029847F623
:1072F000F07100EA0103089AD06800EB1310D06027
:10730000029800EA01020899486900EB12104861EE
:10731000FFE71BE0029800F4F0110620B0EB514F9C
:1073200012D1FFE70A980B9901F29C4108220EF056
:10733000E7FD029847F6F07100EA010208994869F2
:1073400000EB1210486100E0FFE7FFE70B980168CF
:10735000886940F010008861FFE70B9800680EF024
:10736000BFFD0003002840F1A680FFE70020049045
:107370000B9800680EF060FD0690FFE70698002865
:1073800000F09880FFE79DF81800C007002800F083
:107390008A80FFE70B9800689DF810100EF088FDBA
:1073A00005909DF81400C00760B1FFE709980499A3
:1073B00000EB41110120C1F8080B0B98049907F06C
:1073C000D3FFFFE79DF81400000700280CD5FFE766
:1073D0000998049900EB41110820C1F8080B0B989B
:1073E000049907F079FFFFE79DF81400C006002814
:1073F00008D5FFE70998049900EB41111020C1F866
:10740000080BFFE79DF81400800700282DD5FFE743
:107410000A9840690006002808D5FFE70999D1F8C5
:10742000040840F48060C1F80408FFE70B98049951
:1074300001EBC10100EB810000F515700890089880
:10744000C078012809D1FFE708990020C8700B987F
:107450009DF8101000F03CFBFFE70998049900EB41
:1074600041110220C1F8080BFFE79DF814008006C7
:10747000002808D5FFE70998049900EB4111202066
:10748000C1F8080BFFE79DF815008006002809D514
:10749000FFE70998049900EB41114FF40050C1F83F
:1074A000080BFFE7FFE704980130049006984008B6
:1074B000069063E7FFE70B9800680EF011FD4003AC
:1074C000002840F1C680FFE70B9800680EF0A0FC92
:1074D000069000200490FFE70698002800F0B8808E
:1074E000FFE79DF81800C007002800F0AA80FFE71A
:1074F0000B9800689DF810100EF0B2FC05909DF8F6
:107500001400C00700283ED0FFE7049800F00F01E8
:10751000012000FA01F10391039B099AD2F8341873
:107520009943C2F834180999049A01EB4211C1F841
:1075300008090B98807901281FD1FFE70B9804995F
:1075400001EBC10100EB8101CA69086A10440862BD
:10755000049888B9FFE70B98049901EBC10100EB8F
:107560008100406A40B9FFE70B99086801F29C422C
:1075700001210EF015F8FFE7FFE70B989DF81010BA
:10758000FFF7CAFBFFE79DF814000007002808D5A5
:10759000FFE70998049900EB41110820C1F8080998
:1075A000FFE79DF81400C006002808D5FFE70998FA
:1075B000049900EB41111020C1F80809FFE79DF87C
:1075C00014004006002808D5FFE70998049900EB4D
:1075D00041114020C1F80809FFE79DF81400800719
:1075E000002822D5FFE70A9804990EF099FB0B9822
:1075F000049901EBC10100EB810014300890089858
:10760000C078012809D1FFE708990020C8700B98BD
:107610009DF8101000F04CFAFFE70998049900EB70
:1076200041110220C1F80809FFE79DF81400000687
:10763000002805D5FFE70B98049907F079FFFFE7CD
:10764000FFE704980130049006984008069043E74D
:10765000FFE70B9800680EF043FCC00F00B3FFE794
:107660000999D1F8040820F00100C1F804080B982A
:1076700090F8CC04012808D1FFE70B98002180F88E
:10768000CC140B98FFF7D8FA03E00B9800F0B8FB86
:10769000FFE70B980168486900F000404861FFE788
:1076A0000B9800680EF01CFC0005002811D5FFE7C0
:1076B0000998D0F80808C00720B1FFE70B9800F040
:1076C00033FCFFE70B980168486900F400604861EB
:1076D000FFE70B9800680EF003FC0001002820D59E
:1076E000FFE70B980168486900F0006048610B985B
:1076F00090F8CC0480B9FFE70B98012180F8CC14F6
:107700000B980068406DC0F383000B9AC2F8D00458
:107710000B98FFF791FA03E00B9800F005FCFFE7E8
:10772000FFE70B9800680EF0DBFBC004002840F177
:107730008680FFE70999D1F8040820F00100C1F81C
:1077400004080B98006810210EF0EAFA0020079058
:10775000FFE707980B990979884231D2FFE709982A
:10776000079900EB41114FF67F30C1F808090999DC
:10777000079A01EB4212D2F8001921F40011C2F865
:1077800000190999079A01EB4211C1F8080B0998F1
:10779000079900EB4111D1F8000B20F40010C1F85B
:1077A000000B0998079900EB4111D1F8000B40F04C
:1077B0000060C1F8000BFFE7079801300790C8E7A9
:1077C0000999D1F81C0840F00110C1F81C080B9869
:1077D000C07B78B1FFE70999D1F8840840F00B002D
:1077E000C1F884080999D1F8440840F00B00C1F8A9
:1077F00044080FE00999D1F8140842F22B02104313
:10780000C1F814080999D1F8100840F00B00C1F82C
:107810001008FFE70999D1F8000820F4FE60C1F8CC
:1078200000080B9A1068917902F29C420DF0B8FEA4
:107830000B980168486900F480504861FFE70B9895
:1078400000680EF04DFB800400281FD5FFE70B9861
:1078500000680DF0B9FB0B9800680EF0A1FA0B99C7
:10786000C8710B980068019002F0E6F80146019893
:107870000B9AD2790EF040FC0B9800F095FA0B9819
:107880000168486900F400504861FFE70B98006800
:107890000EF026FB000700280AD5FFE70B9800F042
:1078A000BBFA0B980168486900F008004861FFE7DF
:1078B0000B9800680EF014FB0006002825D5FFE7A2
:1078C0000A99886920F08000886101200490FFE710
:1078D00004980B990979884216D2FFE70B9804990E
:1078E00001EBC10100EB810090F85702012806D19D
:1078F000FFE70B989DF81010FFF742FAFFE7FFE74C
:10790000049801300490E3E7FFE70B9800680EF05D
:10791000E7FAC00200283CD5FFE701200490FFE70A
:1079200004980B99097988422CD2FFE709980499A9
:1079300000EB4110D0F8000902900B98049901EB7C
:10794000C10100EB8100007E012816D1FFE79DF800
:107950000B000006002810D5FFE70B98049901EBF7
:10796000C10100EB81010120C8750B989DF8101032
:1079700041F08001FFF704FAFFE7FFE704980130C8
:107980000490CDE70B980168486900F480104861C5
:10799000FFE70B9800680EF0A3FA8002002855D587
:1079A000FFE701200490FFE704980B9909798842CA
:1079B00045D2FFE70998049900EB4110D0F8000B7D
:1079C00002900B98049901EBC10100EB810090F843
:1079D000580201282ED1FFE79DF80B000006002871
:1079E00028D5FFE7029800F480300B99D1F8D41421
:1079F00001F0010188421DD1FFE70B98049901EBCA
:107A0000C10100EB8101012081F857020A998869C0
:107A100040F0800088610A9840690006002808D478
:107A2000FFE70999D1F8040840F40070C1F8040890
:107A300005E0FFE7FFE7049801300490B4E70B98F6
:107A40000168486900F400104861FFE70B9800687E
:107A50000EF046FA400000280AD5FFE70B98FFF722
:107A60004FF90B980168486900F080404861FFE7D2
:107A70000B9800680EF034FA4007002815D5FFE790
:107A80000B980068406802909DF8080040070028A5
:107A900004D5FFE70B98FFF767F9FFE7029A0B9809
:107AA0000168486810434860FFE7FFE70CB080BDFD
:107AB00080B582B001908DF803100198D0F8E004F1
:107AC0009DF803100CF04CFB02B080BD00000000DC
:107AD00080B582B001908DF803100198D0F8E004D1
:107AE0009DF803100CF074FB02B080BD0000000094
:107AF00080B58CB00A900A9820B9FFE701208DF874
:107B00002F000EE10A9890F8950440B9FFE70A9912
:107B1000002081F894040A9800F00AF9FFE70A9916
:107B2000032081F895040A9800680DF02DFD0A9B4A
:107B30001868197C8DF8201059689A68DB680793DB
:107B4000069205910599069A079BDDF820C0EE463E
:107B5000CEF800C00DF050FA40B1FFE70A990220BC
:107B600081F8950401208DF82F00DAE00A9800686A
:107B700000210EF021FA40B1FFE70A99022081F8B6
:107B8000950401208DF82F00CBE000208DF8270010
:107B9000FFE79DF827000A990979884241DAFFE753
:107BA0000A989DF8271001EBC10100EB810101202B
:107BB00048759DF827000A9900EBC00201EB82018D
:107BC00008759DF827000A9900EBC00201EB8201BD
:107BD000C8850A989DF8271001EBC10100EB8101CF
:107BE000002008760A999DF8272002EBC20201EBDB
:107BF0008201C8610A999DF8272002EBC20201EBBD
:107C0000820108620A999DF8272002EBC20201EB6B
:107C100082014862FFE79DF8270001308DF82700B8
:107C2000B7E700208DF82700FFE79DF827000A99A5
:107C3000097988423EDAFFE70A989DF8271001EBA0
:107C4000C10100EB8101002081F855029DF8271049
:107C50000A9A01EBC10302EB830282F854120A99DB
:107C60009DF8272002EBC20201EB820181F8580245
:107C70000A999DF8272002EBC20201EB8201C1F8AC
:107C80005C020A999DF8272002EBC20201EB8201F7
:107C9000C1F860020A999DF8272002EBC20201EBAD
:107CA0008201C1F86402FFE79DF8270001308DF8DA
:107CB0002700BAE70A9B1868197C8DF810105968DC
:107CC0009A68DB680393029201910199029A039BDF
:107CD000DDF810C0EE46CEF800C00DF00DFB40B14F
:107CE000FFE70A99022081F8950401208DF82F0002
:107CF00017E00A99002048740A99012081F8950438
:107D00000A98007B012804D1FFE70A98FEF778FF64
:107D1000FFE70A9800680DF0D7FA00208DF82F00D1
:107D2000FFE79DF82F000CB080BD000000000000B0
:107D300080B5B2B0319002A8B821F8F7DAFC3198DA
:107D400000680021C4F2040188422BD1FFE7002023
:107D500003904FF4802002904FF44010239002A82B
:107D600000F026FC18B1FFE7F9F7BAFDFFE700F0D5
:107D70004FF9FFE744F2D840C5F60200016841F030
:107D800000710160006800F0007001900198FFE749
:107D90004D20009000221146FEF712FF0098FEF7DA
:107DA00003FFFFE732B080BD80B582B001900120B3
:107DB0008DF803000198C07920B9FFE700208DF805
:107DC00003000CE00198C079022804D1FFE70120EC
:107DD0008DF8030002E0F9F783FDFFE7FFE7019864
:107DE000D0F8E0049DF803100CF0FAFA0198D0F8EE
:107DF000E0040CF071FA02B080BD00000000000049
:107E000080B582B001900198D0F8E0040CF0B4FA8B
:107E100002B080BD0000000080B582B001900198E2
:107E2000D0F8E0040CF0BCFA02B080BD0000000005
:107E300080B584B002908DF80710FFE7029890F8A3
:107E40009404012804D1FFE702208DF80F0019E007
:107E50000299012081F89404FFE7FFE79DF80700ED
:107E600002994874029800689DF807100EF014F902
:107E7000FFE70299002081F89404FFE700208DF8C5
:107E80000F00FFE79DF80F0004B080BD0000000068
:107E900080B582B001900199D1F8E00401F29C41D3
:107EA0000CF0CAFA02B080BD80B584B0029002988E
:107EB00000680190FFE7029890F89404012804D12B
:107EC000FFE702208DF80F0028E00299012081F8D9
:107ED0009404FFE7FFE70198C068400600280BD52F
:107EE000FFE70298407B012806D1FFE70199886BE4
:107EF00040F480308863FFE7029800680DF0C8FE08
:107F0000029800680DF0C8F9FFE70299002081F897
:107F10009404FFE700208DF80F00FFE79DF80F00A5
:107F200004B080BD0000000080B582B001900198CF
:107F3000D0F8E0040CF008FB01980168D1F8000EBD
:107F400040F00100C1F8000E0198C07A48B1FFE787
:107F50004EF61051CEF20001086840F006000860AD
:107F6000FFE702B080BD000080B584B0029044F607
:107F70000C00C5F60200006800F004010020B0EB20
:107F8000910F13D1FFE744F60C00C5F6020000681C
:107F900000F007000299884204D0FFE701208DF825
:107FA0000F002EE000208DF80F002AE044F60C01AF
:107FB000C5F60201086820F00700029A1043086025
:107FC000FEF7DEFC0190FFE744F60400C5F6020070
:107FD000006800F400510020B0EB513F0DD1FFE7E5
:107FE000FEF7CEFC0199401AB0F57A7F04D9FFE77D
:107FF00001208DF80F0004E0E6E700208DF80F0067
:10800000FFE79DF80F0004B080BD000000000000F5
:1080100044F60C01C5F60201086840F08070086063
:10802000704700000000000080B501F005FD44F23B
:108030002041C5F602010968C1F3021241F2206134
:10804000C0F60201895C01F01F01C84080BD00003C
:1080500088B0079044F22840C5F60200016801F09C
:10806000030106910068C0F30530059044F22C40EE
:10807000C5F602000068C0F300100490049844F2B2
:108080003C41C5F60201096889B2C908484300EEBF
:10809000100AB8EE400A8DED020A0598002800F09B
:1080A0001B81FFE70698009048B1FFE70098012880
:1080B00069D0FFE70098022800F08980ABE044F225
:1080C0000040C5F60200006800F020010020B0EB7F
:1080D000511F33D0FFE744F20040C5F602000068AC
:1080E000C0F3C10149F20000C0F2D030C840039093
:1080F0009DED030AB8EE400A9DED051AB8EE411A4F
:1081000080EE010A44F23840C5F6020000686FF3C1
:108110005F2001EE100AB8EE411A9DED022A9FED94
:10812000743A82EE032A31EE021AB7EE002A31EEDB
:10813000021A20EE010A8DED010A23E09DED050AE9
:10814000B8EE401A9FED6C0A80EE010A44F2384006
:10815000C5F6020000686FF35F2001EE100AB8EE6A
:10816000411A9DED022A9FED623A82EE032A31EE1A
:10817000021AB7EE002A31EE021A20EE010A8DED46
:10818000010AFFE76BE09DED050AB8EE401A9FED8E
:10819000590A80EE010A44F23840C5F60200006830
:1081A0006FF35F2001EE100AB8EE411A9DED022A2E
:1081B0009FED4F3A82EE032A31EE021AB7EE002A03
:1081C00031EE021A20EE010A8DED010A47E09DED25
:1081D000050AB8EE401A9FED450A80EE010A44F206
:1081E0003840C5F6020000686FF35F2001EE100A08
:1081F000B8EE411A9DED022A9FED3D3A82EE032A28
:1082000031EE021AB7EE002A31EE021A20EE010A10
:108210008DED010A23E09DED050AB8EE401A9FEDB1
:10822000350A80EE010A44F23840C5F602000068C3
:108230006FF35F2001EE100AB8EE411A9DED022A9D
:108240009FED2B3A82EE032A31EE021AB7EE002A96
:1082500031EE021A20EE010A8DED010AFFE79DEDD5
:10826000010A44F23840C5F60200016889B2490AA1
:1082700001EE101AB8EE411AB7EE002A31EE021ADA
:1082800080EE010A0799BCEEC00A81ED000A9DED5F
:10829000010A0168C1F3064101EE101AB8EE411A55
:1082A00031EE021A80EE010A0799BCEEC00A81ED98
:1082B000010A9DED010A0068C0F3066001EE100A94
:1082C000B8EE411A31EE021A80EE010A0798BCEEB0
:1082D000C00A80ED020A07E00799002008600799AC
:1082E000486007998860FFE708B07047001BB74BEC
:1082F000000000460024744A0024744C0000000072
:1083000088B0079044F22840C5F60200016801F0E9
:10831000030106910068C0F30550059044F22C401B
:10832000C5F602000068C0F300200490049844F2EF
:108330004441C5F60201096889B2C908484300EE04
:10834000100AB8EE400A8DED020A0598002800F0E8
:108350001B81FFE70698009048B1FFE700980128CD
:1083600069D0FFE70098022800F08980ABE044F272
:108370000040C5F60200006800F020010020B0EBCC
:10838000511F33D0FFE744F20040C5F602000068F9
:10839000C0F3C10149F20000C0F2D030C8400390E0
:1083A0009DED030AB8EE400A9DED051AB8EE411A9C
:1083B00080EE010A44F24040C5F6020000686FF307
:1083C0005F2001EE100AB8EE411A9DED022A9FEDE2
:1083D000743A82EE032A31EE021AB7EE002A31EE29
:1083E000021A20EE010A8DED010A23E09DED050A37
:1083F000B8EE401A9FED6C0A80EE010A44F240404C
:10840000C5F6020000686FF35F2001EE100AB8EEB7
:10841000411A9DED022A9FED623A82EE032A31EE67
:10842000021AB7EE002A31EE021A20EE010A8DED93
:10843000010AFFE76BE09DED050AB8EE401A9FEDDB
:10844000590A80EE010A44F24040C5F60200006875
:108450006FF35F2001EE100AB8EE411A9DED022A7B
:108460009FED4F3A82EE032A31EE021AB7EE002A50
:1084700031EE021A20EE010A8DED010A47E09DED72
:10848000050AB8EE401A9FED450A80EE010A44F253
:108490004040C5F6020000686FF35F2001EE100A4D
:1084A000B8EE411A9DED022A9FED3D3A82EE032A75
:1084B00031EE021AB7EE002A31EE021A20EE010A5E
:1084C0008DED010A23E09DED050AB8EE401A9FEDFF
:1084D000350A80EE010A44F24040C5F60200006809
:1084E0006FF35F2001EE100AB8EE411A9DED022AEB
:1084F0009FED2B3A82EE032A31EE021AB7EE002AE4
:1085000031EE021A20EE010A8DED010AFFE79DED22
:10851000010A44F24040C5F60200016889B2490AE6
:1085200001EE101AB8EE411AB7EE002A31EE021A27
:1085300080EE010A0799BCEEC00A81ED000A9DEDAC
:10854000010A0168C1F3064101EE101AB8EE411AA2
:1085500031EE021A80EE010A0799BCEEC00A81EDE5
:10856000010A9DED010A0068C0F3066001EE100AE1
:10857000B8EE411A31EE021A80EE010A0798BCEEFD
:10858000C00A80ED020A07E00799002008600799F9
:10859000486007998860FFE708B07047001BB74B39
:1085A000000000460024744A0024744C00000000BF
:1085B00080B59AB0189000208DF857008DF85600BD
:1085C0001898C0780007002848D5FFE71898406E33
:1085D000149078B1FFE71498B0F5801F13D0FFE72F
:1085E0001498B0F5001F16D0FFE71498B0F5401F9F
:1085F00019D019E044F22C41C5F60201086840F494
:108600000030086014E018980830022107F030F8B4
:108610008DF857000CE018982830022107F010F967
:108620008DF8570004E003E001208DF85700FFE7C4
:108630009DF8570060B9FFE744F25041C5F60201CA
:10864000086820F44010189A526E1043086004E045
:108650009DF857008DF85600FFE7FFE7189840781F
:10866000C007002840D0FFE71898806D13900428B9
:1086700020D81399DFE801F0030C141C1D0044F20C
:108680002C41C5F60201086840F40030086015E08E
:1086900018980830002106F0EBFF8DF857000DE028
:1086A00018982830002107F0CBF88DF8570005E026
:1086B00004E003E001208DF85700FFE79DF8570024
:1086C00060B9FFE744F25041C5F60201086820F0A6
:1086D0000700189A926D1043086004E09DF8570057
:1086E0008DF85600FFE7FFE718984078400700280C
:1086F00056D5FFE71898D0F8A4001290C8B1FFE74C
:108700001298B0F5001F1DD0FFE71298B0F5800F4A
:1087100020D0FFE71298B0F5C00F23D0FFE71298E2
:10872000B0F5000F1FD0FFE71298B0F5200F1BD057
:108730001BE044F22C41C5F60201086840F4003009
:10874000086016E018980830002106F091FF8DF8B7
:1087500057000EE018982830002107F071F88DF8C6
:10876000570006E005E004E003E001208DF8570023
:10877000FFE79DF8570068B9FFE744F25841C5F696
:108780000201086820F46000189AD2F8A42010436F
:10879000086004E09DF857008DF85600FFE7FFE7FA
:1087A000189840780007002856D5FFE71898D0F8A9
:1087B000A8001190C8B1FFE71198B0F1807F1DD0DB
:1087C000FFE71198B0F1007F20D0FFE71198B0F1DA
:1087D000407F23D0FFE71198B0F1806F1FD0FFE7F3
:1087E0001198B0F1A06F1BD01BE044F22C41C5F6EC
:1087F0000201086840F40030086016E0189808305C
:10880000002106F035FF8DF857000EE0189828304B
:10881000002107F015F88DF8570006E005E004E0A8
:1088200003E001208DF85700FFE79DF8570068B975
:10883000FFE744F25841C5F60201086820F0E06005
:10884000189AD2F8A8201043086004E09DF8570059
:108850008DF85600FFE7FFE71898C07880070028DA
:108860003ED5FFE71898C06C1090F0B1FFE7109864
:10887000102808D0FFE7109820280DD0FFE71098A7
:10888000302811D012E044F22C41C5F602010868EC
:1088900040F4003008600DE018980830022106F01E
:1088A000E7FE8DF8570005E004E003E001208DF8B5
:1088B0005700FFE79DF8570060B9FFE744F24C41CD
:1088C000C5F60201086820F03000189AD26C1043F7
:1088D000086004E09DF857008DF85600FFE7FFE7B9
:1088E00018984078C00600284ED5FFE71898C06D4C
:1088F0000F90A0B1FFE70F98B0F5805F18D0FFE7A9
:108900000F98B0F5005F1BD0FFE70F98B0F5405F00
:108910001ED0FFE70F98B0F5804F1AD01AE044F24E
:108920002C41C5F60201086840F40030086015E0EB
:1089300018980830002106F09BFE8DF857000DE0D6
:1089400018982830002106F07BFF8DF8570005E0CD
:1089500004E003E001208DF85700FFE79DF8570081
:1089600060B9FFE744F25041C5F60201086820F4FF
:10897000E040189AD26D1043086004E09DF857005B
:108980008DF85600FFE7FFE718984078800600282A
:108990004CD5FFE71898006E0E90C8B1FFE70E980F
:1089A000B0F5803F15D0FFE70E98B0F5003F18D026
:1089B000FFE70E98B0F5403F1BD0FFE70E98B0F5EB
:1089C000802F17D0FFE70E98B0F5A02F13D013E03B
:1089D00016E018980830012106F04AFE8DF857007D
:1089E0000EE018982830012106F02AFF8DF8570074
:1089F00006E005E004E003E001208DF85700FFE702
:108A00009DF8570060B9FFE744F25041C5F60201F6
:108A1000086820F4E020189A126E1043086004E001
:108A20009DF857008DF85600FFE7FFE7189840784B
:108A3000400600284ED5FFE71898D0F8AC000D90FE
:108A4000C8B1FFE70D98B0F1805F15D0FFE70D9832
:108A5000B0F1005F18D0FFE70D98B0F1405F1BD078
:108A6000FFE70D98B0F1804F17D0FFE70D98B0F1F8
:108A7000A04F13D013E016E018980830012106F03B
:108A8000F7FD8DF857000EE018982830012106F008
:108A9000D7FE8DF8570006E005E004E003E0012072
:108AA0008DF85700FFE79DF8570068B9FFE744F2DB
:108AB0005841C5F60201086820F0E040189AD2F843
:108AC000AC201043086004E09DF857008DF8560074
:108AD000FFE7FFE718984078000600283BD5FFE73E
:108AE0001898C06E0C90D8B1FFE70C98B0F1805F79
:108AF00005D0FFE70C98B0F1005F09D011E044F217
:108B00002C41C5F60201086840F4003008600CE012
:108B100018980830012106F0ABFD8DF8570004E0ED
:108B200003E001208DF85700FFE79DF8570060B97A
:108B3000FFE744F25041C5F60201086820F04050BA
:108B4000189AD26E1043086004E09DF857008DF823
:108B50005600FFE7FFE71898C078C007002837D015
:108B6000FFE71898806C0B90032817D80B99DFE863
:108B700001F014020B1344F22C41C5F602010868FF
:108B800040F4003008600DE018980830022106F02B
:108B90006FFD8DF8570005E004E003E001208DF83B
:108BA0005700FFE79DF8570060B9FFE744F24C41DA
:108BB000C5F60201086820F00300189A926C104371
:108BC000086004E09DF857008DF85600FFE7FFE7C6
:108BD000189880784006002840F1B480FFE744F6FA
:108BE0000001C5F60201086840F480700860FDF7D6
:108BF000C7FE1690FFE744F60000C5F602000068C5
:108C0000C00500280CD4FFE7FDF7BAFE1699401AFC
:108C1000652804D3FFE703208DF8570000E0EAE75A
:108C20009DF85700002840F08780FFE744F270402D
:108C3000C5F60200006800F440701899D1F8B01031
:108C400001F44071884213D0FFE744F27041C5F649
:108C50000201086820F440701790086840F48030E2
:108C60000860086820F48030086017980860FFE703
:108C70001898D0F8B000B0F5807F1FD1FFE7FDF75E
:108C80007FFE1690FFE744F27040C5F602000068D0
:108C900000F002010020B0EB510F0ED1FFE7FDF70D
:108CA0006FFE1699401A41F28931884204D3FFE7DA
:108CB00003208DF8570000E0E5E7FFE79DF8570037
:108CC000A0BBFFE7FFE71898D0F8B00000F44070B1
:108CD000B0F5407F13D1FFE744F21041C5F6020121
:108CE000086820F47C50189AD2F8B0204FF6F04370
:108CF000C0F6FF731A4040EA1210086008E044F220
:108D00001041C5F60201086820F47C500860FFE7B6
:108D10001898D0F8B0206FF31F3244F27041C5F6B6
:108D20000201086810430860FFE704E09DF857005F
:108D30008DF85600FFE704E09DF857008DF85600C7
:108D4000FFE7FFE718980068C007002800F04C8094
:108D5000FFE71898806F0A9028282BD80A99DFE837
:108D600001F01529292929292929162929292929FB
:108D700029291E2929292929292926292929292971
:108D800029292729292929292929280016E018987D
:108D90000830012106F06CFC8DF857000EE01898A1
:108DA0002830012106F04CFD8DF8570006E005E063
:108DB00004E003E001208DF85700FFE79DF857001D
:108DC00060B9FFE744F25441C5F60201086820F09B
:108DD0003800189A926F1043086004E09DF857001D
:108DE0008DF85600FFE7FFE7189800788007002805
:108DF00039D5FFE71898406F0990052819D80999C7
:108E0000DFE801F003040C14151616E0189808307A
:108E1000012106F02DFC8DF857000EE0189828303F
:108E2000012106F00DFD8DF8570006E005E004E095
:108E300003E001208DF85700FFE79DF8570060B967
:108E4000FFE744F25441C5F60201086820F007002C
:108E5000189A526F1043086004E09DF857008DF88F
:108E60005600FFE7FFE718980078400700283BD539
:108E7000FFE71898D0F890000890052819D80899AD
:108E8000DFE801F003040C14151616E018980830FA
:108E9000012106F0EDFB8DF857000EE01898283000
:108EA000012106F0CDFC8DF8570006E005E004E056
:108EB00003E001208DF85700FFE79DF8570068B9DF
:108EC000FFE744F25841C5F60201086820F00700A8
:108ED000189AD2F890201043086004E09DF85700DB
:108EE0008DF85600FFE7FFE7189800788006002805
:108EF0004ED5FFE71898D0F88C000790C8B1FFE76F
:108F00000798B0F1805F15D0FFE70798B0F1005FD8
:108F100018D0FFE70798B0F1405F1BD0FFE7079834
:108F2000B0F1804F17D0FFE70798B0F1A04F13D0F2
:108F300013E016E018980830002106F099FB8DF830
:108F400057000EE018982830022106F079FC8DF8C1
:108F5000570006E005E004E003E001208DF857002B
:108F6000FFE79DF8570068B9FFE744F25441C5F6A2
:108F70000201086820F0E040189AD2F88C201043D3
:108F8000086004E09DF857008DF85600FFE7FFE702
:108F900018980078400600284ED5FFE71898D0F8BA
:108FA00098000690C8B1FFE70698B0F5806F15D01D
:108FB000FFE70698B0F5006F18D0FFE70698B0F508
:108FC000406F1BD0FFE70698B0F5805F17D0FFE732
:108FD0000698B0F5A05F13D013E016E0189808309B
:108FE000002106F045FB8DF857000EE01898283058
:108FF000022106F025FC8DF8570006E005E004E0AC
:1090000003E001208DF85700FFE79DF8570068B98D
:10901000FFE744F25841C5F60201086820F4E05029
:10902000189AD2F898201043086004E09DF8570081
:109030008DF85600FFE7FFE7189800780006002833
:109040004ED5FFE71898D0F89C000590C8B1FFE70F
:109050000598B0F5005F15D0FFE70598B0F5804F93
:1090600018D0FFE70598B0F5C04F1BD0FFE7059873
:10907000B0F5004F17D0FFE70598B0F5204F13D09B
:1090800013E016E018980830002106F0F1FA8DF888
:1090900057000EE018982830022106F0D1FB8DF819
:1090A000570006E005E004E003E001208DF85700DA
:1090B000FFE79DF8570068B9FFE744F25841C5F64D
:1090C0000201086820F46040189AD2F89C201043EE
:1090D000086004E09DF857008DF85600FFE7FFE7B1
:1090E000189800780007002820D5FFE71898D0F8D6
:1090F0008000B0F5805F0CD1FFE71898283002217E
:1091000006F09EFB20B1FFE701208DF85600FFE737
:10911000FFE744F25441C5F60201086820F44050CC
:10912000189AD2F8802010430860FFE7189800785A
:10913000C006002820D5FFE71898D0F89400B0F5B5
:10914000807F0CD1FFE718982830022106F078FBC9
:1091500020B1FFE701208DF85600FFE7FFE744F25A
:109160005841C5F60201086820F44070189AD2F8F8
:10917000942010430860FFE71898807800070028C3
:109180003CD5FFE71898D0F8A000049050B1FFE755
:109190000498B0F5803F0DD0FFE70498B0F5003F8C
:1091A00010D010E018980830002106F061FA8DF810
:1091B00057000CE018982830022106F041FB8DF88A
:1091C000570004E003E001208DF85700FFE79DF809
:1091D000570068B9FFE744F25841C5F60201086834
:1091E00020F44030189AD2F8A0201043086004E020
:1091F0009DF857008DF85600FFE7FFE71898807834
:10920000400700283FD5FFE71898D0F88400039066
:10921000B0F5801F0AD0FFE70398B0F5001F0ED00D
:10922000FFE70398B0F5401F11D011E044F22C4144
:10923000C5F60201086840F4003008600CE0189898
:109240002830012106F0FCFA8DF8570004E003E015
:1092500001208DF85700FFE79DF8570068B9FFE738
:1092600044F25441C5F60201086820F44010189AEF
:10927000D2F884201043086004E09DF857008DF870
:109280005600FFE7FFE718988078C007A8B3FFE70C
:109290001898006D029028B1FFE70298B0F5803F62
:1092A00009D010E044F22C41C5F60201086840F4F0
:1092B000003008600BE018980830022106F0D8F959
:1092C0008DF8570003E001208DF85700FFE79DF867
:1092D000570060B9FFE744F24C41C5F60201086847
:1092E00020F48030189A126D1043086004E09DF855
:1092F00057008DF85600FFE7FFE71898C078800602
:1093000000280CD5FFE718982830022106F098FABB
:1093100020B1FFE701208DF85600FFE7FFE718981E
:109320008078800700283AD5FFE71898C06F019031
:10933000D0B1FFE70198B0F5807F0AD0FFE7019830
:10934000B0F5007F0ED0FFE70198B0F5407F0AD05E
:109350000BE044F22C41C5F60201086840F40030ED
:10936000086006E005E004E003E001208DF8570006
:10937000FFE79DF8570060B9FFE744F25441C5F696
:109380000201086820F44070189AD26F10430860F8
:1093900004E09DF857008DF85600FFE7FFE71898A6
:1093A0008078C00600280CD5FFE744F25041C5F68E
:1093B0000201086820F00040189A126F10430860FC
:1093C000FFE718988078800600280CD5FFE744F264
:1093D0005041C5F60201086820F08070189A926E1C
:1093E00010430860FFE71898C0784006002811D5A0
:1093F000FFE7FFE744F21041C5F60201086820F4D8
:10940000004008601898D0F8B4200868104308603D
:10941000FFE7FFE71898C078000600280CD5FFE7A3
:1094200044F24C41C5F60201086820F04050189AF9
:10943000526D10430860FFE71898807800060028F6
:109440000DD5FFE744F25441C5F60201086820F447
:109450004000189AD2F8882010430860FFE7189857
:109460000079C00790B1FFE718980830002106F096
:10947000FFF88DF857009DF8570008B9FFE704E0A2
:109480009DF857008DF85600FFE7FFE71898007920
:109490008007002812D5FFE718980830012106F050
:1094A000E7F88DF857009DF8570008B9FFE704E08A
:1094B0009DF857008DF85600FFE7FFE718980079F0
:1094C0004007002812D5FFE718980830022106F05F
:1094D000CFF88DF857009DF8570008B9FFE704E072
:1094E0009DF857008DF85600FFE7FFE718980079C0
:1094F0000007002812D5FFE718982830002106F051
:109500009FF98DF857009DF8570008B9FFE704E070
:109510009DF857008DF85600FFE7FFE7189800798F
:10952000C006002812D5FFE718982830012106F060
:1095300087F98DF857009DF8570008B9FFE704E058
:109540009DF857008DF85600FFE7FFE7189800795F
:109550008006002812D5FFE718982830022106F06F
:109560006FF98DF857009DF8570008B9FFE704E040
:109570009DF857008DF85600FFE7FFE79DF856006D
:1095800020B9FFE700208DF8670003E001208DF887
:109590006700FFE79DF867001AB080BD000000007B
:1095A00080B586B004900391049820B9FFE70120AC
:1095B0008DF817003CE2039842F20001C5F2002149
:1095C000096801F00F01884216D9FFE742F2000056
:1095D000C5F20020016821F00F01039A11430160D8
:1095E000006800F00F000399884204D0FFE70120D3
:1095F0008DF817001CE2FFE7049800784007002868
:1096000019D5FFE70498006944F21841C5F6020134
:10961000096801F0700188420CD9FFE744F2184153
:10962000C5F60201086820F07000049A1269104320
:109630000860FFE7FFE7049800780007002819D5C5
:10964000FFE70498406944F21C41C5F6020109682D
:1096500001F0700188420CD9FFE744F21C41C5F6C5
:109660000201086820F07000049A526910430860F3
:10967000FFE7FFE704980078C006002819D5FFE748
:109680000498806944F21C41C5F60201096801F49E
:10969000E06188420CD9FFE744F21C41C5F60201A3
:1096A000086820F4E060049A926910430860FFE7BC
:1096B000FFE7049800788006002819D5FFE7049892
:1096C000C06944F22041C5F60201096801F0700149
:1096D00088420CD9FFE744F22041C5F60201086830
:1096E00020F07000049AD26910430860FFE7FFE79A
:1096F000049800788007002819D5FFE70498C0680F
:1097000044F21841C5F60201096801F00F018842D0
:109710000CD9FFE744F21841C5F60201086820F0B1
:109720000F00049AD26810430860FFE7FFE704982F
:109730000078C007002800F08C80FFE744F2184151
:10974000C5F60201086820F47060049A926810431C
:10975000086004984068022811D1FFE744F20040F5
:10976000C5F60200006800F400310020B0EB514F54
:1097700004D1FFE701208DF8170059E13EE004987D
:109780004068032811D1FFE744F20040C5F602000B
:10979000006800F000710020B0EB516F04D1FFE7CA
:1097A00001208DF8170043E127E004984068012864
:1097B00011D1FFE744F20040C5F60200006800F452
:1097C00080710020B0EB112F04D1FFE701208DF84C
:1097D00017002DE110E044F20040C5F602000068D9
:1097E00000F004010020B0EB910F04D1FFE701204D
:1097F0008DF817001CE1FFE7FFE7FFE744F2104197
:10980000C5F60201086820F00700049A5268104368
:109810000860FDF7B5F80190FFE744F21040C5F687
:109820000200006800F0380004994968B0EBC10FED
:109830000ED0FFE7FDF7A4F80199401A41F28931F3
:10984000884204D3FFE703208DF81700F0E0E4E737
:10985000FFE7049800788007002819D5FFE70498EF
:10986000C06844F21841C5F60201096801F00F0111
:1098700088420CD2FFE744F21841C5F6020108689D
:1098800020F00F00049AD26810430860FFE7FFE75A
:10989000039842F20001C5F20021096801F00F01AE
:1098A000884216D2FFE742F20000C5F200200168AC
:1098B00021F00F01039A11430160006800F00F00CE
:1098C0000399884204D0FFE701208DF81700AFE02C
:1098D000FFE7049800784007002819D5FFE70498AF
:1098E000006944F21841C5F60201096801F07001EF
:1098F00088420CD2FFE744F21841C5F6020108681D
:1099000020F07000049A126910430860FFE7FFE737
:10991000049800780007002819D5FFE704984069EB
:1099200044F21C41C5F60201096801F07001884249
:109930000CD2FFE744F21C41C5F60201086820F092
:109940007000049A526910430860FFE7FFE704982B
:109950000078C006002819D5FFE70498806944F212
:109960001C41C5F60201096801F4E06188420CD28D
:10997000FFE744F21C41C5F60201086820F4E060EC
:10998000049A926910430860FFE7FFE704980078A3
:109990008006002819D5FFE70498C06944F22041E9
:1099A000C5F60201096801F0700188420CD2FFE798
:1099B00044F22041C5F60201086820F07000049AC4
:1099C000D26910430860FFE7FFE700F089F844F22E
:1099D0001842C5F602021168C1F3032341F2206167
:1099E000C0F60201CB5C03F01F03D8400090009842
:1099F000126802F00F02895C01F01F01C84040F2BA
:109A00000C11C2F200410860009840F20811C2F245
:109A10000041086040F2FC10C2F200400068FDF70F
:109A200067F88DF80B009DF80B008DF81700FFE725
:109A30009DF8170006B080BD80B582B000F050F8E8
:109A400044F21842C5F602021168C1F3032341F241
:109A50002061C0F60201CB5C03F01F03D8400190E7
:109A60000198126802F00F02895C01F01F0120FAD0
:109A700001F140F20C10C2F200400160019940F285
:109A80000812C2F200421160006802B080BD0000FE
:109A900080B5FFF7D1FF44F21C41C5F60201096809
:109AA000C1F3021241F22061C0F60201895C01F0AB
:109AB0001F01C84080BD000080B5FFF7BDFF44F224
:109AC0001C41C5F602010968C1F3022241F220617E
:109AD000C0F60201895C01F01F01C84080BD000092
:109AE0008AB044F21040C5F60200006800F0380069
:109AF00001460191182800F269810199DFE811F00F
:109B0000190066016601660166016601660166016B
:109B10003A0066016601660166016601660166013A
:109B20004000660166016601660166016601660124
:109B3000460044F20040C5F60200006800F0200133
:109B40000020B0EB511F0ED0FFE744F20040C5F6F5
:109B500002000068C0F3C10149F20000C0F2D03039
:109B6000C840029005E049F20000C0F2D0300290F7
:109B7000FFE731E140F60010C0F23D0002902BE11A
:109B800043F20060C0F26E10029025E144F22840DA
:109B9000C5F60200016801F0030108910068C0F3F6
:109BA0000510079044F22C40C5F60200006800F052
:109BB00001000690069844F23441C5F60201096896
:109BC00089B2C908484300EE100AB8EE400A8DED8C
:109BD000040A0798002800F0F580FFE70898009035
:109BE00048B1FFE70098012869D0FFE700980228F4
:109BF00000F08980ABE044F20040C5F60200006846
:109C000000F020010020B0EB511F33D0FFE744F2F9
:109C10000040C5F602000068C0F3C10149F200002F
:109C2000C0F2D030C84005909DED050AB8EE400A5C
:109C30009DED071AB8EE411A80EE010A44F2304059
:109C4000C5F6020000686FF35F2001EE100AB8EE5F
:109C5000411A9DED042A9FED633A82EE032A31EE0C
:109C6000021AB7EE002A31EE021A20EE010A8DED3B
:109C7000030A23E09DED070AB8EE401A9FED5B0A48
:109C800080EE010A44F23040C5F6020000686FF32E
:109C90005F2001EE100AB8EE411A9DED042A9FEDF7
:109CA000513A82EE032A31EE021AB7EE002A31EE63
:109CB000021A20EE010A8DED030AFFE76BE09DED2D
:109CC000070AB8EE401A9FED480A80EE010A44F2F6
:109CD0003040C5F6020000686FF35F2001EE100A05
:109CE000B8EE411A9DED042A9FED3E3A82EE032A1A
:109CF00031EE021AB7EE002A31EE021A20EE010A06
:109D00008DED030A47E09DED070AB8EE401A9FED7E
:109D1000340A80EE010A44F23040C5F602000068C1
:109D20006FF35F2001EE100AB8EE411A9DED042A90
:109D30009FED2C3A82EE032A31EE021AB7EE002A8A
:109D400031EE021A20EE010A8DED030A23E09DEDAB
:109D5000070AB8EE401A9FED240A80EE010A44F289
:109D60003040C5F6020000686FF35F2001EE100A74
:109D7000B8EE411A9DED042A9FED1A3A82EE032AAD
:109D800031EE021AB7EE002A31EE021A20EE010A75
:109D90008DED030AFFE744F23040C5F6020000688B
:109DA00081B2012000EB512009909DED030A9DED49
:109DB000091AB8EE411A80EE010ABCEEC00A8DED18
:109DC000020A02E000200290FFE705E040F60010E2
:109DD000C0F23D000290FFE702980AB0704700BF52
:109DE000001BB74B000000460024744A0024744C4A
:109DF00080B58CB00A900A9828B9FFE701208DF849
:109E00002F0000F001BD0A980078C007002800F07C
:109E1000B980FFE744F21040C5F60200006800F088
:109E20003800069044F22840C5F60200006805900C
:109E3000069810280AD0FFE7069818281CD1FFE7DB
:109E4000059800F00300022816D1FFE744F2004015
:109E5000C5F60200006800F400310020B0EB514F5D
:109E600009D0FFE70A98406828B9FFE701208DF87C
:109E70002F0000F0C9BC84E0FFE70A984068B0F505
:109E8000803F09D1FFE744F20041C5F602010868AE
:109E900040F48030086032E00A98406868B9FFE713
:109EA00044F20041C5F60201086820F480300860E1
:109EB000086820F48020086020E00A984068B0F527
:109EC000A02F0DD1FFE744F20041C5F6020108685A
:109ED00040F480200860086840F4803008600CE09E
:109EE00044F20041C5F60201086820F480300860A1
:109EF000086820F480200860FFE7FFE7FFE7FFE73E
:109F00000A984068F0B1FFE7FCF73AFD0990FFE7D7
:109F100044F20040C5F60200006800F40031002061
:109F2000B0EB514F0DD1FFE7FCF72AFD0999401A1C
:109F3000652805D3FFE703208DF82F0000F064BCEF
:109F4000E6E71DE0FCF71CFD0990FFE744F2004046
:109F5000C5F60200006800F400310020B0EB514F5C
:109F60000DD0FFE7FCF70CFD0999401A652805D3D1
:109F7000FFE703208DF82F0000F046BCE6E7FFE77F
:109F8000FFE7FFE70A9800788007002840F1C580C6
:109F9000FFE744F21040C5F60200006800F0380008
:109FA000049044F22840C5F602000068039004982B
:109FB00050B1FFE70498182850D1FFE79DF80C0036
:109FC000800700284AD1FFE744F20040C5F60200AE
:109FD000006800F004010020B0EB910F09D0FFE70A
:109FE0000A98C06828B9FFE701208DF82F0000F01B
:109FF0000BBC44F20041C5F60201086820F01900CC
:10A000000A9AD26810430860FCF7BAFC0990FFE78F
:10A0100044F20040C5F60200006800F00401002090
:10A02000B0EB910F0CD1FFE7FCF7AAFC0999401A9D
:10A03000032804D3FFE703208DF82F00E4E3E7E7CC
:10A0400044F20441C5F60201086820F0FE400A9A75
:10A05000126940EA02600860FFE75DE00A98C068A4
:10A06000A0B3FFE744F20041C5F60201086820F002
:10A0700019000A9AD26810430860FCF781FC099025
:10A08000FFE744F20040C5F60200006800F004015A
:10A090000020B0EB910F0CD1FFE7FCF771FC0999A0
:10A0A000401A032804D3FFE703208DF82F00ABE309
:10A0B000E7E744F20441C5F60201086820F0FE40DB
:10A0C0000A9A126940EA0260086024E044F2004102
:10A0D000C5F60201086820F001000860FCF750FC9A
:10A0E0000990FFE744F20040C5F60200006800F066
:10A0F00004010020B0EB910F0CD0FFE7FCF740FC0F
:10A100000999401A032804D3FFE703208DF82F0094
:10A110007AE3E7E7FFE7FFE7FFE70A980078C00682
:10A12000002840F1A080FFE744F21040C5F602008D
:10A13000006800F03800029044F22840C5F60200A2
:10A1400000680190029808280AD0FFE702981828B2
:10A150002BD1FFE7019800F00300012825D1FFE78C
:10A1600044F20040C5F60200006800F4807100204F
:10A17000B0EB112F09D0FFE70A98C069802804D0FE
:10A18000FFE701208DF82F003EE3FFE744F20C418A
:10A19000C5F60201086820F07C500A9A126A40EA6B
:10A1A00002600860FFE7FFE75CE00A98C06998B3C7
:10A1B000FFE744F20041C5F60201086840F0800064
:10A1C0000860FCF7DDFB0990FFE744F20040C5F6AC
:10A1D0000200006800F480710020B0EB112F0CD158
:10A1E000FFE7FCF7CDFB0999401A032804D3FFE7EA
:10A1F00003208DF82F0007E3E7E7FFE744F20C4167
:10A20000C5F60201086820F07C500A9A126A40EAFA
:10A2100002600860FFE724E044F20041C5F6020155
:10A22000086820F080000860FCF7AAFB0990FFE7AF
:10A2300044F20040C5F60200006800F4807100207E
:10A24000B0EB112F0CD0FFE7FCF79AFB0999401AED
:10A25000032804D3FFE703208DF82F00D4E2E7E7BB
:10A26000FFE7FFE7FFE70A980078000700284FD5CF
:10A27000FFE70A98406928B3FFE744F27441C5F646
:10A280000201086840F001000860FCF779FB0990C2
:10A29000FFE744F27440C5F60200006800F00201D6
:10A2A0000020B0EB510F0CD1FFE7FCF769FB0999D7
:10A2B000401A032804D3FFE703208DF82F00A3E200
:10A2C000E7E724E044F27441C5F60201086820F093
:10A2D00001000860FCF754FB0990FFE744F274406A
:10A2E000C5F60200006800F002010020B0EB510F3B
:10A2F0000CD0FFE7FCF744FB0999401A032804D36C
:10A30000FFE703208DF82F007EE2E7E7FFE7FFE796
:10A310000A980078800600284FD5FFE70A988069E0
:10A3200028B3FFE744F20041C5F60201086840F493
:10A3300080500860FCF724FB0990FFE744F20040DE
:10A34000C5F60200006800F400510020B0EB513F58
:10A350000CD1FFE7FCF714FB0999401A032804D33A
:10A36000FFE703208DF82F004EE2E7E724E044F2F8
:10A370000041C5F60201086820F480500860FCF72F
:10A38000FFFA0990FFE744F20040C5F602000068BA
:10A3900000F400510020B0EB513F0CD0FFE7FCF778
:10A3A000EFFA0999401A032804D3FFE703208DF838
:10A3B0002F0029E2E7E7FFE7FFE70A980078400768
:10A3C000002840F1A780FFE744F60001C5F602012E
:10A3D000086840F480700860FCF7D2FA0990FFE743
:10A3E00044F60000C5F602000068C00500280CD441
:10A3F000FFE7FCF7C5FA0999401A652804D3FFE77F
:10A4000003208DF82F00FFE1EAE7FFE70A98806854
:10A41000012809D1FFE744F27041C5F6020108683E
:10A4200040F00100086031E00A98806868B9FFE7F1
:10A4300044F27041C5F60201086820F0010008608E
:10A44000086820F0040008601FE00A98806805286A
:10A450000DD1FFE744F27041C5F60201086840F0F3
:10A4600004000860086840F0010008600CE044F255
:10A470007041C5F60201086820F001000860086814
:10A4800020F004000860FFE7FFE7FFE7FFE70A9816
:10A490008068F8B1FFE7FCF773FA0990FFE744F230
:10A4A0007040C5F60200006800F002010020B0EB29
:10A4B000510F0ED1FFE7FCF763FA0999401A41F2F8
:10A4C0008931884204D3FFE703208DF82F009BE1F8
:10A4D000E5E71EE0FCF754FA0990FFE744F270400C
:10A4E000C5F60200006800F002010020B0EB510F39
:10A4F0000ED0FFE7FCF744FA0999401A41F289317E
:10A50000884204D3FFE703208DF82F007CE1E5E7C4
:10A51000FFE7FFE70A98406A002800F07181FFE733
:10A5200044F21040C5F60200006800F03800182818
:10A5300000F0E080FFE70A98406A022840F0B4800B
:10A54000FFE744F20041C5F60201086820F0807080
:10A550000860FCF715FA0990FFE744F20040C5F6E1
:10A560000200006800F000710020B0EB516F0CD0C9
:10A57000FFE7FCF705FA0999401A032804D3FFE71F
:10A5800003208DF82F003FE1E7E7FFE744F2284181
:10A59000C5F60201086840F2F33290430A9B9A6ABA
:10A5A000DB6A42EA0312104308600A99086BD1F88B
:10A5B00034C08B6BCA6B01386FF35F204FF60061BC
:10A5C000CFF6FF7101EB4C2189B208440021CFF690
:10A5D000FF7101EB034101F4FE0108444FF07F419C
:10A5E00001EB026101F0FE41084444F23041C5F63E
:10A5F00002010860FFE744F22C41C5F60201009118
:10A60000086820F00100086044F23442C5F60202F6
:10A6100010684FF6F87398430A9B9B6C40EAC3009E
:10A620001060086820F00C000A9A126C1043086051
:10A63000086820F002000A9A526C1043086008680B
:10A6400040F480300860086840F400300860086812
:10A6500040F480200860086840F00100086044F27F
:10A660000041C5F60201086840F080700860FCF700
:10A6700087F90990FFE744F20040C5F60200006840
:10A6800000F000710020B0EB516F0CD1FFE7FCF738
:10A6900077F90999401A032804D3FFE703208DF8BE
:10A6A0002F00B1E0E7E724E044F20041C5F60201E3
:10A6B000086820F080700860FCF762F90990FFE7F5
:10A6C00044F20040C5F60200006800F0007100206E
:10A6D000B0EB516F0CD0FFE7FCF752F90999401A23
:10A6E000032804D3FFE703208DF82F008CE0E7E771
:10A6F000FFE784E044F22840C5F6020000680890B5
:10A7000044F23040C5F60200006807900A98406A9B
:10A71000012837D0FFE7089800F003000A99896AFA
:10A7200088422FD1FFE7089800F47C710A98C06A2C
:10A73000B0EB111F26D1FFE707986FF35F200A994E
:10A74000096B013988421DD1FFE7BDF81C100A983A
:10A75000406B0138B0EB512F14D1FFE7079800F49C
:10A76000FE010A98806B0138B0EB114F0AD1FFE768
:10A77000079800F0FE410A98C06B0138B0EB116FEA
:10A7800004D0FFE701208DF82F003DE044F2344073
:10A79000C5F60200006880B2C00808900A98806C74
:10A7A0000899884229D0FFE744F22C41C5F60201FE
:10A7B000086820F001000860FCF7E2F80990FFE764
:10A7C000FCF7DEF80999401A08B9FFE7F8E744F208
:10A7D0003441C5F6020108684FF6F87290430A9AB0
:10A7E000926C40EAC200086044F22C41C5F60201B6
:10A7F000086840F001000860FFE7FFE7FFE7FFE7B8
:10A8000000208DF82F00FFE79DF82F000CB080BDD1
:10A8100080B586B00490039102920193049820B908
:10A82000FFE701208DF8170056E00498D0F8880063
:10A8300040B9FFE70499002081F88400049803F0F0
:10A84000C7F9FFE704992420C1F88800049801683B
:10A85000086820F0010008600498806A20B1FFE7D2
:10A86000049806F011FDFFE7049807F0D1F90128DC
:10A8700004D1FFE701208DF817002DE0049801684E
:10A88000886840F48040886004980068806820F4FC
:10A8900000400399084304990968886002984005BC
:10A8A00000900199009840EA0140009004980068E7
:10A8B00000686FF31940009908430499096808601B
:10A8C00004980168086840F001000860049806F0E8
:10A8D0007FFD8DF81700FFE79DF8170006B080BDDB
:10A8E00081B0009001B0704780B588B0079007989C
:10A8F000006800690690079800684069059006980E
:10A90000059908400490079800688068039000202B
:10A910000290079890F881008DF80700079800686A
:10A92000303000909DF815000007002810D5FFE793
:10A930009DF81800000700280AD5FFE7079801686E
:10A94000886940F400608861079800F0C1FB91E1DC
:10A950009DF810004006002815D4FFE79DF8100070
:10A96000800600280FD4FFE79DF81000400700285C
:10A9700009D5FFE70798416F88470798016F884717
:10A9800001200290FFE79DF810004006002811D436
:10A99000FFE79DF81000C00760B1FFE79DF81000C9
:10A9A0004007002806D4FFE70798016F8847012079
:10A9B0000290FFE79DF810008006002812D4FFE700
:10A9C0009DF81000800700280CD5FFE79DF81000C7
:10A9D0004007002806D4FFE70798416F8847012009
:10A9E0000290FFE7029808B1FFE743E19DF81000ED
:10A9F0000007002840F18980FFE70798016888690F
:10AA000040F00800886107980168886940F01000EC
:10AA1000886107980168886940F400608861079838
:10AA20000168086920F008000861079800688068DC
:10AA300010F4404F3AD1FFE7FFE70798B0F86A00FB
:10AA400098B3FFE70798C06810280BD3FFE7079873
:10AA50000068006B0799496E08600799486E0430DA
:10AA600048661BE00798C06808280AD3FFE70098EB
:10AA700000880799496E08800799486E0230486639
:10AA80000BE00798006890F830000799496E08704D
:10AA90000799486E01304866FFE7FFE70799B1F86C
:10AAA0006A000138A1F86A00C7E7FFE7079805F0D8
:10AAB0000BF90799012081F881000798D0F88400EC
:10AAC00020B1FFE70798FFF70BFFD3E09DF80700E1
:10AAD000052804D1FFE7079801F042F814E09DF83B
:10AAE0000700042804D1FFE7079800F0EDFA0AE018
:10AAF0009DF80700032804D1FFE7079801F02CF820
:10AB000000E0FFE7FFE7FFE7B4E0BDF8100010F456
:10AB1000587F00F0AF80FFE79DF810004006002846
:10AB20000ED5FFE70799D1F8840040F00400C1F882
:10AB3000840007980168886940F040008861FFE759
:10AB40009DF81100800700280ED5FFE70799D1F87E
:10AB5000840040F00100C1F884000798016888690A
:10AB600040F400708861FFE79DF81100C00770B1E4
:10AB7000FFE70799D1F8840040F00800C1F884008D
:10AB800007980168886940F480708861FFE79DF844
:10AB90001000800600280ED5FFE70799D1F8840041
:10ABA00040F08000C1F8840007980168886940F08F
:10ABB00020008861FFE70798D0F88400002858D06B
:10ABC000FFE707980168086820F00100086007980F
:10ABD0000168086940F26B3290430861039800F401
:10ABE0004040B0F5404F3BD1FFE7079801688868C7
:10ABF00020F4404088600798C06FB0B1FFE7079825
:10AC0000C16F4FF6E150C0F6000008650798C06FAD
:10AC1000F7F732FD40B1FFE70799D1F8840040F023
:10AC20004000C1F88400FFE7FFE70798806FB0B1EC
:10AC3000FFE70798816F4FF6E150C0F60000086506
:10AC40000798806FF7F718FD40B1FFE70799D1F833
:10AC5000840040F04000C1F88400FFE7FFE707E010
:10AC60000799012081F881000798FFF739FEFFE777
:10AC7000FFE7FFE708B080BD80B586B00490049878
:10AC800020B9FFE701208DF817003AE10498406AE7
:10AC900008B9FFE7FFE7049900208862049800687C
:10ACA00043F20001C4F2010188421BD0FFE704987F
:10ACB000006843F60001C4F20001884212D0FFE7A9
:10ACC0000498006843F60041C4F20001884209D0AC
:10ACD000FFE70498C068102804D3FFE701208DF82F
:10ACE00017000EE1049805F0E3F80290049800685C
:10ACF00043F20001C4F20101884216D0FFE7049834
:10AD0000006843F60001C4F2000188420DD0FFE75D
:10AD10000498006843F60041C4F20001884204D060
:10AD2000FFE7029808281FD8FFE70498006843F25D
:10AD30000001C4F20101884212D0FFE704980068C4
:10AD400043F60001C4F20001884209D0FFE70498ED
:10AD5000006843F60041C4F20001884208D1FFE7D1
:10AD60000298112804D3FFE701208DF81700C8E0EE
:10AD7000049890F8810040B9FFE70499002081F819
:10AD80008000049800F0C4F8FFE70499022081F8DD
:10AD9000810004980168086820F0010008600498A8
:10ADA0000068806800F4F810039004988069B0F19E
:10ADB000806F1BD1FFE704984068B0F5800F04D185
:10ADC000FFE70498806B50B1FFE70498406868B9CA
:10ADD000FFE70498806BB0F1805F07D1FFE704982C
:10ADE0000168086840F480500860FFE704988079A3
:10ADF0004006002810D5FFE70498C06807280BD349
:10AE0000FFE704980068006820F48070049A1168D5
:10AE1000126D1043086006E004980168086820F489
:10AE200080700860FFE7049B1968DA68D869D3F876
:10AE300028C040EA0C00DDF80CC040EA0C00DB6BD7
:10AE4000184310438860049A0192506B516A08437A
:10AE5000916B0843916908431168D2F804C0936864
:10AE6000D2F810E040EA0E00D2F814E040EA0E00FA
:10AE7000D2F820E040EA0E0040EA0C00D2F84CC0C4
:10AE800040EA0C001843936C1843926D1043C8605D
:10AE90000498406898B9FFE7049800688068012129
:10AEA00061F3CC2004990968886004980068806880
:10AEB000022161F34A20049909688860FFE7049839
:10AEC0000168086D20F0010008650498807940064B
:10AED00000280BD5FFE704980068C06820F0004008
:10AEE000049A1168526D1043C860FFE7049900206E
:10AEF000C1F88400049A012182F881108DF81700AE
:10AF0000FFE79DF8170006B080BD000000000000BC
:10AF100080B5C0B03F9000203E903D903C903B906B
:10AF20003A900CA8B821F5F7E4FB3F98006843F687
:10AF30000001C4F20001884240F0C480FFE7002015
:10AF40000D904FF480510C9123900CA8FDF730FB2D
:10AF500018B1FFE7F6F7C4FCFFE7FFE744F2E8406B
:10AF6000C5F60200016841F480410160006800F408
:10AF700080400B900B98FFE7FFE744F2E040C5F6F6
:10AF80000200016841F004010160006800F0040063
:10AF90000A900A98FFE7FFE744F2E040C5F6020096
:10AFA000016841F002010160006800F002000990B0
:10AFB0000998FFE706203A90022003903B9000207A
:10AFC00007903C90032004903D90052005903E9012
:10AFD00040F60000C5F602003AA90691FBF7D0FA48
:10AFE000DDF80CC0049A05980699079B4FF4005EA3
:10AFF000CDF8E8E0CDF8ECC03C933D923E9040F2B5
:10B000000040C5F60200FBF7BBFA079944F68870CA
:10B01000C2F2004008904022C4F2020202602722DD
:10B0200042608160C1604FF4806202614161816170
:10B03000C1614FF4403202624162F8F75DFF18B11E
:10B04000FFE7F6F74DFCFFE7FFE73F9844F688710E
:10B05000C2F20041C1673F988863FFE745F20000F4
:10B06000C2F2004002902821C4F2020101602821AE
:10B070004160402181600021C1604FF48062026123
:10B0800041618161C1614FF4003202624162F8F7AF
:10B0900033FF18B1FFE7F6F723FCFFE7FFE73F9820
:10B0A00045F20001C2F2004181673F988863FFE7E3
:10B0B0002420019000221146FBF782FD0198FBF746
:10B0C00073FDFFE740B080BD81B0009001B07047D4
:10B0D00081B0009001B0704780B590B0DDF848C0F5
:10B0E0000E900D910C92ADF82E300E980068203025
:10B0F0000A900E980068303009900E98C16B0120BC
:10B1000000EB5110ADF81200FBF73AFC0890BDF8C7
:10B110002E00ADF81600BDF82E00ADF814000E9804
:10B1200090F88100012804D0FFE702208DF83F004D
:10B1300050E30D9838B1FFE70C9820B1FFE7BDF858
:10B140002E0020B9FFE701208DF83F0042E3FFE722
:10B150000E9890F88000012804D1FFE702208DF8B6
:10B160003F0037E30E99012081F88000FFE7FFE7F9
:10B170000E99052081F881000E990020C1F8840005
:10B180000C990E9A5166BDF82E100E9AA2F86A100C
:10B19000BDF82E100E9AA2F868100D990E9AD1657E
:10B1A000BDF82E100E9AA2F86210BDF82E100E9A5D
:10B1B000A2F860100E9908670E9948670E9800680B
:10B1C000C06820F4C0200E990968C8600E98006815
:10B1D00043F20001C4F20101884212D0FFE70E9849
:10B1E000006843F60001C4F20001884209D0FFE77D
:10B1F0000E98006843F60041C4F20001884203D172
:10B20000FFE71020079002E008200790FFE70E9864
:10B21000006840684FF6FF718843BDF82E1008445F
:10B220000E99096848600E980168086840F00100AE
:10B2300008600E984068B0F5800F07D1FFE70E98C0
:10B240000168086840F400700860FFE70E98C06865
:10B250001028C0F0B580FFE7079880080790FFE747
:10B26000BDF816100120039039B9FFE7BDF81400AE
:10B27000002818BF01200390FFE70398C0070028AB
:10B2800000F09D80FFE70E98006840698007002865
:10B2900022D5FFE7BDF81600F0B1FFE7BDF81400B6
:10B2A000BDF81610079A1144884215D2FFE70E9890
:10B2B0000168C06D006808620E99C86D0430C865E9
:10B2C0000E99B1F862000138A1F862000E98B0F84A
:10B2D0006200ADF81600FFE70E980068406906901E
:10B2E000BDF81400002869D0FFE70E980068406997
:10B2F000C007B0B1FFE70E980068006B0E99496E69
:10B3000008600E99486E043048660E99B1F86A00DC
:10B310000138A1F86A000E98B0F86A00ADF8140080
:10B320004BE0BDF81400BDF8121088421CDAFFE7AC
:10B330009DF819000006002816D5FFE70E98006852
:10B34000006B0E99496E08600E99486E043048668D
:10B350000E99B1F86A000138A1F86A000E98B0F8A9
:10B360006A00ADF8140027E0FBF70AFB0899401AC1
:10B370001299884204D3FFE71298013018B9FFE709
:10B380001298C0B9FFE70E9804F09EFC0E99D1F810
:10B39000840040F48070C1F884000E99012081F887
:10B3A0008100FFE70E99002081F88000FFE703206D
:10B3B0008DF83F000EE2FFE7FFE7FFE750E7DCE133
:10B3C0000E98C0680828C0F0DE80FFE707984008A4
:10B3D0000790FFE7BDF816100120029039B9FFE78A
:10B3E000BDF81400002818BF01200290FFE7029862
:10B3F000C007002800F0C680FFE70E98006840698B
:10B400008007002822D5FFE7BDF81600F0B1FFE75E
:10B41000BDF81400BDF81610079A1144884215D2E1
:10B42000FFE70E98C06D00880A9908800E99C86DD4
:10B430000230C8650E99B1F862000138A1F86200C7
:10B440000E98B0F86200ADF81600FFE70E9800689D
:10B4500040690690BDF81400002800F09280FFE7D4
:10B460000E9800684069C007A8B1FFE709980088F6
:10B470000E99496E08800E99486E023048660E9902
:10B48000B1F86A000138A1F86A000E98B0F86A00B5
:10B49000ADF8140074E0BDF81400BDF81210884235
:10B4A00024DAFFE79DF81900000600281ED5FFE703
:10B4B000099800880E99496E08800E99486E0230EE
:10B4C0004866099800880E99496E08800E99486E62
:10B4D000023048660E99B1F86A000238A1F86A0095
:10B4E0000E98B0F86A00ADF8140048E0BDF81400FA
:10B4F00001281BD1FFE79DF819008006002815D50B
:10B50000FFE7099800880E99496E08800E99486EE9
:10B51000023048660E99B1F86A000138A1F86A0055
:10B520000E98B0F86A00ADF8140027E0FBF728FA8F
:10B530000899401A1299884204D3FFE71298013003
:10B5400018B9FFE71298C0B9FFE70E9804F0BCFBEA
:10B550000E99D1F8840040F48070C1F884000E99EF
:10B56000012081F88100FFE70E99002081F880001A
:10B57000FFE703208DF83F002CE1FFE7FFE7FFE73F
:10B58000FFE727E7F8E0FFE7BDF81610012001907C
:10B5900039B9FFE7BDF81400002818BF0120019059
:10B5A000FFE70198C007002800F0E580FFE70E984C
:10B5B000006840698007002823D5FFE7BDF8160022
:10B5C000F8B1FFE7BDF81400BDF81610079A114452
:10B5D000884216D2FFE70E980168C06D007881F8A6
:10B5E00020000E99C86D0130C8650E99B1F862004F
:10B5F0000138A1F862000E98B0F86200ADF81600AC
:10B60000FFE70E98006840690690BDF81400002816
:10B6100000F0B080FFE70E9800684069C007B8B13D
:10B62000FFE70E98006890F830000E99496E087098
:10B630000E99486E013048660E99B1F86A000138DB
:10B64000A1F86A000E98B0F86A00ADF8140090E016
:10B65000BDF81400BDF8121088423EDAFFE79DF8ED
:10B6600019000006002838D5FFE70E98006890F80A
:10B6700030000E99496E08700E99486E0130486688
:10B680000E98006890F830000E99496E08700E9977
:10B69000486E013048660E98006890F830000E99A8
:10B6A000496E08700E99486E013048660E98006821
:10B6B00090F830000E99496E08700E99486E01306E
:10B6C00048660E99B1F86A000438A1F86A000E982D
:10B6D000B0F86A00ADF814004AE0BDF81400032881
:10B6E0001DD8FFE79DF8190010F0600F17D0FFE795
:10B6F0000E98006890F830000E99496E08700E9907
:10B70000486E013048660E99B1F86A000138A1F818
:10B710006A000E98B0F86A00ADF8140027E0FBF755
:10B720002FF90899401A1299884204D3FFE712981A
:10B73000013018B9FFE71298C0B9FFE70E9804F07E
:10B74000C3FA0E99D1F8840040F48070C1F88400E7
:10B750000E99012081F88100FFE70E99002081F801
:10B760008000FFE703208DF83F0033E0FFE7FFE7AD
:10B77000FFE7FFE708E7FFE7FFE70E98129B08994E
:10B780006A4611600821002204F07AFC40B1FFE70C
:10B790000E99D1F8840040F02000C1F88400FFE742
:10B7A0000E9804F091FA0E99012081F88100FFE7CC
:10B7B0000E99002081F88000FFE70E98D0F88400F1
:10B7C00020B1FFE701208DF83F0003E000208DF855
:10B7D0003F00FFE79DF83F0010B080BD0000000073
:10B7E00080B586B0049003910292ADF806300498BB
:10B7F00090F88100012804D0FFE702208DF817009F
:10B80000A4E1039838B1FFE7029820B1FFE7BDF843
:10B81000060020B9FFE701208DF8170096E1FFE749
:10B82000049890F88000012804D1FFE702208DF8E9
:10B8300017008BE10499012081F88000FFE7FFE702
:10B840000499052081F8810004990020C1F8840042
:10B850000399049AD165BDF80610049AA2F8601005
:10B86000BDF80610049AA2F862100299049A516673
:10B87000BDF80610049AA2F86810BDF80610049AE4
:10B88000A2F86A1004990867049948670498006848
:10B89000C06820F4C02004990968C8600498016851
:10B8A000886820F4404088600498C068102807D356
:10B8B000FFE70498C06F8069B0F5804F13D1FFE7B0
:10B8C0000498C068082818D3FFE70498C06F8069FF
:10B8D000B0F5005F11D0FFE70498C06F8069B0F544
:10B8E000804F0AD0FFE7FFE70499002081F880002D
:10B8F000FFE701208DF8170028E10498C0680728A9
:10B9000041D8FFE70498806F8069B0F5005F09D1E6
:10B91000FFE70498B0F86200013040080499A1F8EC
:10B920006200FFE70498806F8069B0F5804F09D10D
:10B93000FFE70498B0F86200033080080499A1F88A
:10B940006200FFE70498C06F8069B0F5005F09D11D
:10B95000FFE70498B0F86A00013040080499A1F8A4
:10B960006A00FFE70498C06F8069B0F5804F09D185
:10B97000FFE70498B0F86A00033080080499A1F842
:10B980006A00FFE727E00498C0680F2821D8FFE786
:10B990000498806F8069B0F5804F09D1FFE7049863
:10B9A000B0F86200013040080499A1F86200FFE796
:10B9B0000498C06F8069B0F5804F09D1FFE7049803
:10B9C000B0F86A00013040080499A1F86A00FFE766
:10B9D00000E0FFE7FFE70498C16F4FF65160C0F643
:10B9E000000008640498C16F4FF66960C0F600005B
:10B9F000C8630498C16F4FF61160C0F60000C864B8
:10BA00000498C16F00200865049B19685A6ED86FAE
:10BA10003031B3F86A30F8F71FFFA8B1FFE7049997
:10BA2000D1F8840040F01000C1F88400049901208E
:10BA300081F88100FFE70499002081F88000FFE78A
:10BA400001208DF8170081E004980168886840F4AF
:10BA5000804088600498816F002008640499896F91
:10BA6000C8630499896F08650498816F4FF6116067
:10BA7000C0F60000C864049B1A68D96D986F203224
:10BA8000B3F86230F8F7E8FEC8B1FFE70498C06F7A
:10BA9000F6F736F90499D1F8840040F01000C1F8A7
:10BAA00084000499012081F88100FFE704990020B7
:10BAB00081F88000FFE701208DF8170046E0049828
:10BAC000806FC069B0F5807F0AD1FFE704980068F5
:10BAD00040684FF6FF7188430499096848600CE09C
:10BAE0000498006840684FF6FF718843BDF806105F
:10BAF0000844049909684860FFE704980168886869
:10BB000040F40040886004980168086940F4587067
:10BB1000086104980168086840F001000860049812
:10BB20004068B0F5800F07D1FFE704980168086806
:10BB300040F400700860FFE7FFE70499002081F8F7
:10BB40008000FFE700208DF81700FFE79DF8170041
:10BB500006B080BD0000000081B0009001B07047C9
:10BB600080B584B003900398006843F20001C4F2EA
:10BB70000101884213D1FFE740F2E861C2F20041BF
:10BB8000029148680989FAF7CFFE0299D1F810317D
:10BB9000B1F80A2101F10A008A31984739E0039887
:10BBA000006843F60001C4F20001884213D1FFE7A8
:10BBB00040F2FC71C2F20041019148680989FAF72C
:10BBC000B3FE0199D1F81031B1F80A2101F10A0050
:10BBD0008A3198471CE00398006843F60041C4F29C
:10BBE0000001884213D1FFE740F61011C2F2004174
:10BBF000009148680989FAF797FE0099D1F8103149
:10BC0000B1F80A2101F10A008A319847FFE7FFE7FE
:10BC1000FFE704B080BD000081B0009001B0704724
:10BC200080B582B00190019804F07EFA02B080BD28
:10BC300081B0009001B0704781B0009001B07047B2
:10BC400081B0009001B0704785B003900291FFE78A
:10BC5000039890F83C00012804D1FFE702208DF8FA
:10BC60001300ABE00399012081F83C00FFE7FFE7F8
:10BC70000399022081F83D00039800684068019014
:10BC80000398006880680090039800680021C4F25F
:10BC90000101884209D0FFE70398006840F20041A3
:10BCA000C4F2010188420AD1FFE7019820F4700034
:10BCB000019002984168019808430190FFE70198BC
:10BCC00020F07000019002980168019808430190EB
:10BCD0000198039909684860039800680021C4F23C
:10BCE000010188424ED0FFE703980068B0F1804F11
:10BCF00048D0FFE70398006840F20041C4F2000119
:10BD000088423FD0FFE70398006840F60001C4F284
:10BD10000001884236D0FFE70398006840F60041F2
:10BD2000C4F2000188422DD0FFE70398006840F27A
:10BD30000041C4F20101884224D0FFE70398006863
:10BD400041F60001C4F2000188421BD0FFE70398CE
:10BD5000006844F20001C4F20101884212D0FFE7FA
:10BD6000039800684EF20001C4F20001884209D035
:10BD7000FFE7039800684EF20041C4F200018842D8
:10BD80000ED1FFE7009820F08000009002988168B3
:10BD90000098084300900098039909688860FFE7BD
:10BDA0000399012081F83D00FFE70399002081F805
:10BDB0003C00FFE700208DF81300FFE79DF813001B
:10BDC00005B070470000000080B582B00090009878
:10BDD00020B9FFE701208DF8070045E0009890F8B2
:10BDE0003D0040B9FFE70099002081F83C00009831
:10BDF00000F03EF8FFE70099022081F83D0000992D
:10BE000051F8040B04F0DCFA0099012081F8480095
:10BE1000FFE70099012081F83E00009981F83F007A
:10BE2000009981F84000009981F84100009981F85B
:10BE30004200009981F84300FFE7FFE700990120E5
:10BE400081F84400009981F84500009981F8460086
:10BE5000009981F84700FFE70099012081F83D0033
:10BE600000208DF80700FFE79DF8070002B080BDB5
:10BE700080B588B0079007980068B0F1804F10D166
:10BE8000FFE7FFE744F2E840C5F60200016841F031
:10BE900001010160006800F0010006900698FFE7CC
:10BEA0005FE00798006840F20041C4F20001884258
:10BEB00010D1FFE7FFE744F2E840C5F60200016851
:10BEC00041F002010160006800F002000590059851
:10BED000FFE745E00798006840F60001C4F2000162
:10BEE000884219D1FFE7FFE744F2E840C5F60200B7
:10BEF000016841F004010160006800F00400049052
:10BF00000498FFE71E20029002210022FAF758FE53
:10BF10000298FAF749FE22E00798006840F60041CF
:10BF2000C4F20001884219D1FFE7FFE744F2E8407C
:10BF3000C5F60200016841F008010160006800F0E8
:10BF4000080003900398FFE73220019001210022AE
:10BF5000FAF736FE0198FAF727FEFFE7FFE7FFE75B
:10BF6000FFE708B080BD000083B00190019890F811
:10BF70003D00012804D0FFE701208DF80B0083E08D
:10BF80000199022081F83D0001980168C86840F0DD
:10BF90000100C860019800680021C4F201018842D4
:10BFA0004ED0FFE701980068B0F1804F48D0FFE71E
:10BFB0000198006840F20041C4F2000188423FD07D
:10BFC000FFE70198006840F60001C4F200018842D2
:10BFD00036D0FFE70198006840F60041C4F2000146
:10BFE00088422DD0FFE70198006840F20041C4F27A
:10BFF0000101884224D0FFE70198006841F6000162
:10C00000C4F2000188421BD0FFE70198006844F2A7
:10C010000001C4F20101884212D0FFE701980068D4
:10C020004EF20001C4F20001884209D0FFE70198F6
:10C0300000684EF20041C4F20001884219D1FFE7C6
:10C040000198006880680721C0F201010840009053
:10C05000009806280CD0FFE70098B0F5803F07D085
:10C06000FFE701980168086840F001000860FFE7F9
:10C0700006E001980168086840F001000860FFE7E9
:10C0800000208DF80B00FFE79DF80B0003B0704710
:10C0900080B586B00490039100208DF80B00FFE777
:10C0A000049890F83C00012804D1FFE702208DF8A5
:10C0B0001700D1E00499012081F83C00FFE7FFE779
:10C0C0000499022081F83D0004980068806801907E
:10C0D00001984FF68871CFF6CE7108400190019813
:10C0E00020F47F40019001980499096888600398C2
:10C0F00000680090002800F09580FFE70098102865
:10C1000000F09080FFE70098202800F08B80FFE788
:10C110000098302800F08680FFE70098402874D00F
:10C12000FFE70098502856D0FFE7009860285FD0BE
:10C13000FFE7009870282AD0FFE70098B0F5805FED
:10C1400024D0FFE70098B0F5005F35D0FFE70098F6
:10C15000B0F5801F66D0FFE70098B0F1101F61D0E6
:10C16000FFE700982021C0F2100188425AD0FFE773
:10C1700000983021C0F21001884253D0FFE70098A8
:10C180004021C0F2100188424CD052E055E00498A2
:10C190000068039B5A689968DB6804F071FA049898
:10C1A000006880680190019840F077000190019844
:10C1B00004990968886040E004980068039B5A6805
:10C1C0009968DB6804F05CFA04980168886840F4B8
:10C1D0008040886031E004980068039A5168D26812
:10C1E00004F002FF04980068502104F065FA24E08E
:10C1F00004980068039A5168D26804F01DFF0498FF
:10C200000068602104F058FA17E004980068039A67
:10C210005168D26804F0E8FE04980068402104F0F8
:10C220004BFA0AE0049800680399096804F044FA9C
:10C2300003E001208DF80B00FFE70499012081F84D
:10C240003D00FFE70499002081F83C00FFE79DF8DE
:10C250000B008DF81700FFE79DF8170006B080BDB2
:10C2600081B0009001B0704780B584B0039003980E
:10C270000068C068029003980068006901909DF80A
:10C2800004008007002824D5FFE79DF808008007F8
:10C2900000281DD5FFE7039801686FF002000861D0
:10C2A000039901200877039800688069800720B10E
:10C2B000FFE70398FFF7D4FF06E0039800F054F976
:10C2C000039800F085FAFFE7039900200877FFE75D
:10C2D000FFE79DF804004007002825D5FFE79DF8FB
:10C2E0000800400700281ED5FFE7039801686FF09B
:10C2F00004000861039902200877039800688069A8
:10C3000010F4407F04D0FFE70398FFF7A9FF06E091
:10C31000039800F029F9039800F05AFAFFE703990F
:10C3200000200877FFE7FFE79DF8040000070028DA
:10C3300024D5FFE79DF80800000700281DD5FFE77A
:10C34000039801686FF008000861039904200877DA
:10C3500003980068C069800720B1FFE70398FFF7E2
:10C360007FFF06E0039800F0FFF8039800F030FA32
:10C37000FFE7039900200877FFE7FFE79DF8040037
:10C38000C006002825D5FFE79DF80800C006002854
:10C390001ED5FFE7039801686FF01000086103994C
:10C3A0000820087703980068C06910F4407F04D023
:10C3B000FFE70398FFF754FF06E0039800F0D4F876
:10C3C000039800F005FAFFE7039900200877FFE7DC
:10C3D000FFE79DF80400C00778B1FFE79DF808006B
:10C3E000C00748B1FFE7039801686FF001000861DA
:10C3F000039800F045FBFFE7FFE7019800F080009D
:10C40000802806D0FFE79DF805008006002810D59B
:10C41000FFE79DF808000006002809D5FFE703980C
:10C4200001686FF4025008610398FFF705FCFFE70D
:10C43000FFE79DF80500C00780B1FFE79DF8080001
:10C440000006002809D5FFE7039801686FF48070A3
:10C4500008610398FFF7ECFBFFE7FFE79DF8040096
:10C460004006002810D5FFE79DF808004006002888
:10C4700009D5FFE7039801686FF040000861039851
:10C4800000F086FBFFE7FFE79DF804008006002828
:10C4900010D5FFE79DF808008006002809D5FFE7C2
:10C4A000039801686FF0200008610398FFF7C8FB4C
:10C4B000FFE7FFE704B080BD80B588B0079000209B
:10C4C0000690059004900390029007980068B0F1E0
:10C4D000804F1FD1FFE7FFE744F2E040C5F60200BE
:10C4E000016841F001010160006800F00100019065
:10C4F0000198FFE70520029002200390002004909D
:10C500000590012006900020C5F6020002A9FAF766
:10C5100037F827E00798006840F20041C4F20001B4
:10C5200088421ED1FFE7FFE744F2E040C5F6020073
:10C53000016841F002010160006800F00200009013
:10C540000098FFE7022002900390002104910591DA
:10C55000069040F20040C5F6020002A9FAF710F872
:10C56000FFE7FFE708B080BD81B0009001B07047E1
:10C5700080B586B004900391029200208DF80700E8
:10C58000FFE7049890F83C00012804D1FFE702205F
:10C590008DF81700C0E00499012081F83C00FFE706
:10C5A000FFE702980090142800F2A7800099DFE8C6
:10C5B00001F00BA4A4A424A4A4A43EA4A4A457A45E
:10C5C000A4A471A4A4A48A0004980068039904F0A8
:10C5D00023F904980168886940F00800886104988C
:10C5E0000168886920F00400886103980269049852
:10C5F000016888691043886183E0049800680399A2
:10C6000004F0B2F904980168886940F40060886118
:10C6100004980168886920F4806088610398026941
:10C6200004980168886940EA0220886169E00498FA
:10C630000068039904F050FA04980168C86940F052
:10C640000800C86104980168C86920F00400C86146
:10C650000398026904980168C8691043C86150E0F2
:10C6600004980068039904F0EFFA04980168C86917
:10C6700040F40060C86104980168C86920F48060D3
:10C68000C8610398026904980168C86940EA0220F9
:10C69000C86136E004980068039904F045FB0498EB
:10C6A0000168486D40F00800486504980168486DCD
:10C6B00020F0040048650398026904980168486DF9
:10C6C000104348651DE004980068039904F094FB4A
:10C6D00004980168486D40F400604865049801685A
:10C6E000486D20F4806048650398026904980168E9
:10C6F000486D40EA0220486503E001208DF80700FC
:10C70000FFE7FFE70499002081F83C00FFE79DF870
:10C7100007008DF81700FFE79DF8170006B080BDF1
:10C7200080B582B00090009820B9FFE701208DF815
:10C73000070045E0009890F83D0040B9FFE70099F8
:10C74000002081F83C00009800F03EF8FFE70099D7
:10C75000022081F83D00009951F8040B03F030FEEF
:10C760000099012081F84800FFE70099012081F835
:10C770003E00009981F83F00009981F8400000993F
:10C7800081F84100009981F84200009981F8430046
:10C79000FFE7FFE70099012081F84400009981F844
:10C7A0004500009981F84600009981F84700FFE7AD
:10C7B0000099012081F83D0000208DF80700FFE777
:10C7C0009DF8070002B080BD81B0009001B07047B5
:10C7D00081B0009001B0704780B590B00E900D917F
:10C7E0000D9828B9FFE70E9890F83E000B9034E0C2
:10C7F0000D98042805D1FFE70E9890F83F000A90A5
:10C8000028E00D98082805D1FFE70E9890F8400021
:10C8100009901CE00D980C2805D1FFE70E9890F8C0
:10C820004100089010E00D98102805D1FFE70E9800
:10C8300090F84200079004E00E9890F843000790AB
:10C84000FFE707980890FFE708980990FFE7099825
:10C850000A90FFE70A980B90FFE70B98012804D095
:10C86000FFE701208DF83F0003E10D9828B9FFE7AD
:10C870000E99022081F83E0038E00D98042806D178
:10C88000FFE70E99022081F83F0006902CE00D98FA
:10C89000082806D1FFE70E99022081F84000059094
:10C8A0001FE00D980C2806D1FFE70E99022081F8B1
:10C8B0004100049012E00D98102806D1FFE70E9970
:10C8C000022081F84200039005E00E99022081F8D1
:10C8D00043000390FFE703980490FFE70498059056
:10C8E000FFE705980690FFE70698FFE70E980068B7
:10C8F0000D990122019203F0A7FE01980E99096893
:10C900000022C4F20102914202902DD0FFE70E985E
:10C910000168012040F20042C4F2010291420290FB
:10C9200022D0FFE70E980168012044F20002C4F211
:10C9300001029142029017D0FFE70E980168012092
:10C9400044F20042C4F20102914202900CD0FFE78F
:10C950000E9800684BF60001CBF6FE710844B0FA61
:10C9600080F040090290FFE70298C00738B1FFE766
:10C970000E980168486C40F400404864FFE70E9848
:10C9800000680021C4F2010188424ED0FFE70E98F2
:10C990000068B0F1804F48D0FFE70E98006840F281
:10C9A0000041C4F2000188423FD0FFE70E980068C2
:10C9B00040F60001C4F20001884236D0FFE70E982D
:10C9C000006840F60041C4F2000188422DD0FFE724
:10C9D0000E98006840F20041C4F20101884224D060
:10C9E000FFE70E98006841F60001C4F2000188429A
:10C9F0001BD0FFE70E98006844F20001C4F2010169
:10CA0000884212D0FFE70E9800684EF20001C4F28F
:10CA10000001884209D0FFE70E9800684EF20041FD
:10CA2000C4F20001884219D1FFE70E9800688068BF
:10CA30000721C0F2010108400C900C9806280CD088
:10CA4000FFE70C98B0F5803F07D0FFE70E9801682C
:10CA5000086840F001000860FFE706E00E980168F2
:10CA6000086840F001000860FFE700208DF83F00F3
:10CA7000FFE79DF83F0010B080BD000000000000FF
:10CA800080B582B00190019800680021C4F20101D4
:10CA9000884207D1FFE740F62C20C2F200404068F0
:10CAA000804773E001980068B0F1804F07D1FFE73D
:10CAB00040F63420C2F200404068804765E00198AB
:10CAC000006840F20041C4F20001884207D1FFE74C
:10CAD00040F63C20C2F200404068804754E0019894
:10CAE000006840F60001C4F20001884207D1FFE768
:10CAF00040F64420C2F200404068804743E001987D
:10CB0000006840F60041C4F20001884207D1FFE707
:10CB100040F64C20C2F200404068804732E0019865
:10CB2000006841F20001C4F20001884207D1FFE72A
:10CB300040F65420C2F200404068804721E001984E
:10CB4000006841F20041C4F20001884207D1FFE7CA
:10CB500040F65C20C2F200404068804710E0019837
:10CB6000006840F20041C4F20101884207D1FFE7AA
:10CB700040F66420C2F2004040688047FFE7FFE7CC
:10CB8000FFE7FFE7FFE7FFE7FFE7FFE702B080BD52
:10CB900081B0009001B0704783B00190FFE7019829
:10CBA00090F88400012804D1FFE702208DF80B00E3
:10CBB0002CE00199012081F88400FFE7FFE701994B
:10CBC0002420C1F88800019800680068009001984E
:10CBD0000168086820F001000860009820F000500B
:10CBE0000090019900204866009801990968086042
:10CBF00001992020C1F88800FFE70199002081F801
:10CC00008400FFE700208DF80B00FFE79DF80B0084
:10CC100003B070470000000080B586B00490039117
:10CC2000ADF80A200498D0F88C00202844D1FFE702
:10CC3000039820B1FFE7BDF80A0020B9FFE7012003
:10CC40008DF817003CE004990120C8660499002083
:10CC5000086704980399BDF80A2005F001FD8DF8D6
:10CC600009009DF8090010BBFFE70498C06E012879
:10CC700018D1FFE70498016810200862FFE7FFE77A
:10CC80000498006850E8000F40F010000190FFE7A2
:10CC900001990498026842E800100028F0D1FFE7EB
:10CCA000FFE703E001208DF80900FFE7FFE79DF8AB
:10CCB00009008DF8170003E002208DF81700FFE748
:10CCC0009DF8170006B080BD80B58AB00590ADF81C
:10CCD00012100598006841F20001C4F20101884277
:10CCE0002FD1FFE7BDF8120040F67C31C2F20041BF
:10CCF0000391A1F808010598B1F80421520084318C
:10CD000092B2FFF789FF0399B1F80801B1F8041155
:10CD100088420BDCFFE740F67C30C2F20040D0F8DE
:10CD20000C21BDF812108430904709E040F67C30A9
:10CD3000C2F20040B0F804118430F3F7DAFCFFE7E8
:10CD4000D9E20598006844F20041C4F2000188422B
:10CD500040F02B81FFE746F2E010C2F2004009905C
:10CD6000802008900898012820DBFFE7089809999F
:10CD700001F01F010844079009980690BFF34F8FF8
:10CD8000FFE706984EF65C71CEF200010860069847
:10CD90002030069007982038079007980028F0DC8C
:10CDA000FFE7BFF34F8FBFF36F8FFFE7BDF81210A0
:10CDB00046F2E010C2F2004002F02EFF45F6E060BD
:10CDC000C2F20040D0F8800000681021C4F20201D5
:10CDD000884200F0D180FFE745F6E060C2F20040F3
:10CDE000D0F8800000682821C4F20201884200F0D7
:10CDF000C380FFE745F6E060C2F20040D0F8800053
:10CE000000684021C4F20201884200F0B580FFE7CB
:10CE100045F6E060C2F20040D0F88000006858217A
:10CE2000C4F20201884200F0A780FFE745F6E06007
:10CE3000C2F20040D0F8800000687021C4F2020104
:10CE4000884200F09980FFE745F6E060C2F20040BA
:10CE5000D0F8800000688821C4F20201884200F006
:10CE60008B80FFE745F6E060C2F20040D0F880001A
:10CE70000068A021C4F2020188427DD0FFE745F698
:10CE8000E060C2F20040D0F880000068B821C4F22F
:10CE90000201884270D0FFE745F6E060C2F2004030
:10CEA000D0F88000006840F21041C4F202018842CC
:10CEB00062D0FFE745F6E060C2F20040D0F88000A3
:10CEC000006840F22841C4F20201884254D0FFE7D2
:10CED00045F6E060C2F20040D0F88000006840F201
:10CEE0004041C4F20201884246D0FFE745F6E060C7
:10CEF000C2F20040D0F88000006840F25841C4F20D
:10CF00000201884238D0FFE745F6E060C2F20040F7
:10CF1000D0F88000006840F27041C4F202018842FB
:10CF20002AD0FFE745F6E060C2F20040D0F880006A
:10CF3000006840F28841C4F2020188421CD0FFE739
:10CF400045F6E060C2F20040D0F88000006840F290
:10CF5000A041C4F2020188420ED0FFE745F6E0602E
:10CF6000C2F20040D0F88000006840F2B841C4F23C
:10CF7000020188420CD1FFE745F6E060C2F20040B2
:10CF8000D0F880000168086820F0080008600BE015
:10CF900045F6E060C2F20040D0F880000168086801
:10CFA00020F004000860FFE7A4E10598006845F25E
:10CFB0000001C4F20001884240F0F980FFE7BDF8AB
:10CFC000120040F6BC71C2F20041A1F80801B1F8AC
:10CFD0000801B1F8041188420BDCFFE740F6BC7091
:10CFE000C2F20040D0F80C21BDF8121084309047F6
:10CFF000FFE7059840F6BC71C2F20041B1F8042188
:10D000005200843192B2FFF707FE45F27800C2F277
:10D01000004000681021C4F20201884200F0B28092
:10D02000FFE745F27800C2F2004000682821C4F210
:10D030000201884200F0A680FFE745F27800C2F2C4
:10D04000004000684021C4F20201884200F09A804A
:10D05000FFE745F27800C2F2004000685821C4F2B0
:10D060000201884200F08E80FFE745F27800C2F2AC
:10D07000004000687021C4F20201884200F0828002
:10D08000FFE745F27800C2F2004000688821C4F250
:10D090000201884276D0FFE745F27800C2F20040F4
:10D0A0000068A021C4F2020188426BD0FFE745F27C
:10D0B0007800C2F200400068B821C4F20201884240
:10D0C00060D0FFE745F27800C2F20040006840F20D
:10D0D0001041C4F20201884254D0FFE745F27800C3
:10D0E000C2F20040006840F22841C4F202018842C6
:10D0F00048D0FFE745F27800C2F20040006840F2F5
:10D100004041C4F2020188423CD0FFE745F278007A
:10D11000C2F20040006840F25841C4F20201884265
:10D1200030D0FFE745F27800C2F20040006840F2DC
:10D130007041C4F20201884224D0FFE745F2780032
:10D14000C2F20040006840F28841C4F20201884205
:10D1500018D0FFE745F27800C2F20040006840F2C4
:10D16000A041C4F2020188420CD0FFE745F27800EA
:10D17000C2F20040006840F2B841C4F202018842A5
:10D180000AD1FFE745F27800C2F200400168086862
:10D1900020F00800086009E045F27800C2F2004083
:10D1A0000168086820F004000860FFE7A1E0059826
:10D1B000006847F60001C4F20001884211D1FFE780
:10D1C000BDF8120041F2DC11C2F20041A1F80801E1
:10D1D0000598B1F804215200843192B2FFF71CFD8A
:10D1E00086E00598006847F60041C4F200018842D5
:10D1F00023D1FFE7BDF8120041F2EC21C2F2004159
:10D200000291A1F808010598B1F804218431FFF7D3
:10D2100003FD0299B1F80801B1F8041188420BDC52
:10D22000FFE741F2EC20C2F20040D0F80C21BDF83B
:10D23000121084309047FFE759E00598006841F6E6
:10D240000001C4F20101884223D1FFE7BDF81200BA
:10D2500041F2FC31C2F200410191A1F808010598A8
:10D26000B1F804218431FFF7D7FC0199B1F8080126
:10D27000B1F8041188420BDCFFE741F2FC30C2F246
:10D280000040D0F80C21BDF8121084309047FFE721
:10D290002CE00598006841F60041C4F20101884283
:10D2A00023D1FFE7BDF8120040F66C21C2F2004125
:10D2B0000091A1F808010598B1F804218431FFF725
:10D2C000ABFC0099B1F80801B1F8041188420BDCFD
:10D2D000FFE740F66C20C2F20040D0F80C21BDF808
:10D2E000121084309047FFE7FFE7FFE7FFE7FFE713
:10D2F000FFE7FFE7FFE70AB080BD00000000000085
:10D3000081B0009001B0704780B584B00290019167
:10D31000FFE7029890F88400012804D1FFE702207B
:10D320008DF80F0032E00299012081F88400FFE7B8
:10D33000FFE702992420C1F888000298006800687D
:10D34000009002980168086820F0010008600298C7
:10D350000068806820F060600199084302990968BC
:10D360008860029803F04CFF0098029909680860F1
:10D3700002992020C1F88800FFE70299002081F877
:10D380008400FFE700208DF80F00FFE79DF80F00F5
:10D3900004B080BD0000000080B584B0029001910F
:10D3A000FFE7029890F88400012804D1FFE70220EB
:10D3B0008DF80F0032E00299012081F88400FFE728
:10D3C000FFE702992420C1F88800029800680068ED
:10D3D000009002980168086820F001000860029837
:10D3E0000068806820F0604001990843029909684C
:10D3F0008860029803F004FF0098029909680860A9
:10D4000002992020C1F88800FFE70299002081F8E6
:10D410008400FFE700208DF80F00FFE79DF80F0064
:10D4200004B080BD0000000081B0009001B07047E2
:10D4300081B0009001B0704781B000900098006802
:10D4400045F20001C4F20001884201D1FFE7FFE785
:10D4500001B070470000000080B592B011901198A3
:10D460000068C06910901198006800680F901198CA
:10D47000006880680E90109840F60F0108400D90EB
:10D480000D98E0B9FFE79DF840008006002815D50B
:10D49000FFE79DF83C008006002806D4FFE79DF8D2
:10D4A0003B00C006002809D5FFE71198406F20B166
:10D4B000FFE71198416F8847FFE72FE3FFE70D98DB
:10D4C000002800F00C81FFE70E980121C1F2000155
:10D4D000084209D1FFE70F9840F22011C0F2004145
:10D4E000084200F0FC80FFE79DF84000C00788B1CB
:10D4F000FFE79DF83D00C00760B1FFE711980168A4
:10D50000012008621199D1F8900040F00100C1F8A3
:10D510009000FFE79DF840008007002811D5FFE745
:10D520009DF83800C00760B1FFE71198016802203C
:10D5300008621199D1F8900040F00400C1F8900001
:10D54000FFE79DF840004007002811D5FFE79DF850
:10D550003800C00760B1FFE7119801680420086235
:10D560001199D1F8900040F00200C1F89000FFE757
:10D570009DF840000007002819D5FFE79DF83C0002
:10D580008006002807D4FFE70E980121C1F20001B0
:10D5900008420CD0FFE71198016808200862119931
:10D5A000D1F8900040F00800C1F89000FFE79DF826
:10D5B00041000007002813D5FFE79DF83F00400712
:10D5C00000280DD5FFE7119801684FF4006008624C
:10D5D0001199D1F8900040F02000C1F89000FFE7C9
:10D5E0001198D0F89000002878D0FFE79DF840000F
:10D5F0008006002815D5FFE79DF83C00800600282E
:10D6000006D4FFE79DF83B00C006002809D5FFE7D8
:10D610001198406F20B1FFE71198416F8847FFE7ED
:10D62000FFE71198D0F890000C901198006880687E
:10D6300000F04000402806D0FFE79DF8300010F0D1
:10D64000280F42D0FFE7119804F09EF81198006867
:10D6500080684006002833D5FFE7FFE7FFE7119811
:10D66000006850E8020F20F040000B90FFE70B9994
:10D670001198026842E802100028F0D1FFE7FFE7A6
:10D680001198D0F88000B0B1FFE71198D0F8801061
:10D6900041F21950C0F6010008651198D0F88000D9
:10D6A000F4F7EAFF30B1FFE71198D0F88000016D80
:10D6B0008847FFE703E01198FFF7BEFEFFE703E0AE
:10D6C0001198FFF7B9FEFFE707E01198FFF7B4FEE6
:10D6D00011990020C1F89000FFE7FFE71EE21198C2
:10D6E000C06E012840F0BB81FFE79DF84000C006F6
:10D6F000002840F1B481FFE79DF83C00C0060028F7
:10D7000040F1AD81FFE7119801681020086211987F
:10D71000006880684006002840F13F81FFE71198CB
:10D72000D0F8800000681021C4F20201884200F0A5
:10D73000A280FFE71198D0F8800000682821C4F289
:10D740000201884200F09780FFE71198D0F880002E
:10D7500000684021C4F20201884200F08C80FFE79B
:10D760001198D0F8800000685821C4F20201884264
:10D7700000F08180FFE71198D0F8800000687021E8
:10D78000C4F20201884276D0FFE71198D0F88000F9
:10D7900000688821C4F2020188426CD0FFE711982A
:10D7A000D0F880000068A021C4F20201884262D053
:10D7B000FFE71198D0F880000068B821C4F2020198
:10D7C000884258D0FFE71198D0F88000006840F2F6
:10D7D0001041C4F2020188424DD0FFE71198D0F801
:10D7E0008000006840F22841C4F20201884242D021
:10D7F000FFE71198D0F88000006840F24041C4F281
:10D800000201884237D0FFE71198D0F88000006805
:10D8100040F25841C4F2020188422CD0FFE711982F
:10D82000D0F88000006840F27041C4F202018842E2
:10D8300021D0FFE71198D0F88000006840F28841BD
:10D84000C4F20201884216D0FFE71198D0F8800098
:10D85000006840F2A041C4F2020188420BD0FFE709
:10D860001198D0F88000006840F2B841C4F202017B
:10D87000884207D1FFE71198D0F88000006840681F
:10D88000019006E01198D0F880000068406801908F
:10D89000FFE70198ADF82A00BDF82A0000287BD0E8
:10D8A000FFE7BDF82A001199B1F85C10884273DADD
:10D8B000FFE7BDF82A001199A1F85E001198D0F891
:10D8C0008000C069B0F5807F59D0FFE7FFE7FFE730
:10D8D0001198006850E8000F20F480700990FFE76D
:10D8E00009991198026842E800100028F0D1FFE77A
:10D8F000FFE7FFE7FFE71198006850E8020F20F00C
:10D9000001000890FFE708991198026842E80210A8
:10D910000028F0D1FFE7FFE7FFE7FFE71198006875
:10D9200050E8020F20F040000790FFE70799119898
:10D93000026842E802100028F0D1FFE7FFE71199E2
:10D940002020C1F88C0011990020C866FFE7FFE78E
:10D950001198006850E8000F20F010000690FFE7D3
:10D9600006991198026842E800100028F0D1FFE7FC
:10D97000FFE71198D0F88000F4F7C2F9FFE711999A
:10D98000022008671198B0F85C10B0F85E20891A80
:10D9900089B2FFF799F9FFE7C0E01199B1F85C008F
:10D9A000B1F85E10401AADF816001198B0F85E009C
:10D9B000002853D0FFE7BDF8160000284ED0FFE73F
:10D9C000FFE7FFE71198006850E8000F20F490701F
:10D9D0000490FFE704991198026842E800100028BB
:10D9E000F0D1FFE7FFE7FFE7FFE71198006850E895
:10D9F000020F4FF6FE71CEF6FF7108400390FFE76D
:10DA000003991198026842E802100028EDD1FFE75F
:10DA1000FFE711992020C1F88C0011990020C866F9
:10DA200011994867FFE7FFE71198006850E8000F79
:10DA300020F010000290FFE702991198026842E876
:10DA400000100028F0D1FFE7FFE7119902200867D6
:10DA50001198BDF81610FFF737F9FFE75EE09DF863
:10DA60004200C00600280FD5FFE79DF83A004006A7
:10DA7000002809D5FFE7119801684FF4801008626B
:10DA80001198FFF7D5FC49E09DF8400000060028FA
:10DA900015D5FFE79DF83C000006002806D4FFE7F7
:10DAA0009DF83A000006002809D5FFE71198806F1D
:10DAB00020B1FFE71198816F8847FFE72EE09DF8BE
:10DAC0004000400600280AD5FFE79DF83C004006CC
:10DAD000002804D5FFE7119803F0A6FE1EE09DF88C
:10DAE0004200000600280AD5FFE79DF83F004006E7
:10DAF000002804D5FFE71198FFF796FC0EE09DF88B
:10DB00004300C00750B1FFE79DF83F000006002822
:10DB100004D5FFE71198FFF7F3FBFFE712B080BDD4
:10DB200080B582B00090009820B9FFE701208DF801
:10DB3000070046E00098806908B1FFE700E0FFE7D2
:10DB40000098D0F8880040B9FFE70099002081F8DC
:10DB50008400009800F03CF8FFE700992420C1F809
:10DB6000880000980168086820F0010008600098AB
:10DB7000806A20B1FFE7009803F086FBFFE700987A
:10DB800004F046F8012804D1FFE701208DF80700D2
:10DB900017E000980168486820F4904048600098B9
:10DBA0000168886820F02A00886000980168086889
:10DBB00040F001000860009803F00AFC8DF80700AF
:10DBC000FFE79DF8070002B080BD000000000000E4
:10DBD00080B5E2B06190002060905F905E905D90B3
:10DBE0005C902EA8B821F2F784FD6198006845F298
:10DBF0000001C4F20001884240F09680FFE7002057
:10DC00002F9002212E914B902EA8FAF7D1FC18B13B
:10DC1000FFE7F3F765FEFFE7FFE744F2E840C5F6EC
:10DC20000200016841F480110160006800F4801076
:10DC30002D902D98FFE7FFE744F2E040C5F6020083
:10DC4000016841F004010160006800F004002C90BC
:10DC50002C98FFE7FFE744F2E040C5F602000168B8
:10DC600041F008010160006800F008002B902B983B
:10DC7000FFE74FF480505C9002201A905D900020E6
:10DC80001D905E905F9008201B90609040F6000011
:10DC9000C5F602005CA91C91F8F772FC1A9B1B9850
:10DCA0001C991D9A4FF0040CCDF870C15D935E92E3
:10DCB0005F92609040F60040C5F60200F8F760FC05
:10DCC0001D9945F27800C2F200401E901022C4F265
:10DCD00002020260412242608160C1604FF48062B2
:10DCE000026141618161C1614FF44032026241626F
:10DCF000F6F702F918B1FFE7F3F7F2FDFFE7FFE7E8
:10DD0000619845F27801C2F20041C0F88010619834
:10DD10008863FFE73520199000221146F8F750FF7D
:10DD20001998F8F741FF78E36198006847F6000119
:10DD3000C4F20001884271D1FFE700202F90022138
:10DD40002E914B902EA8FAF733FC18B1FFE7F3F7AA
:10DD5000C7FDFFE7FFE744F2E840C5F602000168AF
:10DD600041F080410160006800F080402A902A98CC
:10DD7000FFE7FFE744F2E040C5F60200016841F02A
:10DD800010010160006800F0100029902998FFE759
:10DD90004FF4C0705C9002205D90002017905E9060
:10DDA0005F900720609041F20000C5F602005CA978
:10DDB000F8F7E6FB179945F2F000C2F20040189020
:10DDC0008822C4F2020202604F2242608160C16078
:10DDD0004FF480620261416181614FF48072C261DF
:10DDE00001624162F6F788F818B1FFE7F3F778FDB2
:10DDF000FFE7FFE7619845F2F001C2F20041C0F889
:10DE0000801061988863FFE7522016900122114626
:10DE1000F8F7D6FE1698F8F7C7FEFDE2619800689D
:10DE200047F60041C4F20001884240F09980FFE7C4
:10DE300000202F9002212E914B902EA8FAF7B8FBCC
:10DE400018B1FFE7F3F74CFDFFE7FFE744F2E840C6
:10DE5000C5F60200016841F000410160006800F071
:10DE6000004028902898FFE7FFE744F2E040C5F61D
:10DE70000200016841F010010160006800F010002C
:10DE800027902798FFE703205C9002205D900020F8
:10DE900014905E905F900820609041F20000C5F6FB
:10DEA00002005CA9F8F76CFB149945F26810C2F205
:10DEB00000401590A022C4F202020260512242608A
:10DEC0008160C1604FF480620261416181614FF401
:10DED0008072C26101624162F6F70EF818B1FFE785
:10DEE000F3F7FEFCFFE7FFE7619845F26811C2F225
:10DEF0000041C0F8801061988863FFE745F2E010A8
:10DF0000C2F200401390B821C4F202010160522114
:10DF10004160402181600021C1604FF48062026154
:10DF200041618161C16101624162F5F7E5FF18B1AC
:10DF3000FFE7F3F7D5FCFFE7FFE7619845F2E01153
:10DF4000C2F20041C16761988863FFE753201290D5
:10DF500000221146F8F734FE1298F8F725FE5AE22F
:10DF60006198006841F60001C4F20101884240F066
:10DF70009C80FFE700202F9001212E914C902EA82D
:10DF8000FAF716FB18B1FFE7F3F7AAFCFFE7FFE784
:10DF900044F2F040C5F60200016841F04001016022
:10DFA000006800F0400026902698FFE7FFE744F263
:10DFB000E040C5F60200016841F008010160006818
:10DFC00000F0080025902598FFE74FF440405C9052
:10DFD00002205D90002010905E905F900B2060907A
:10DFE00040F60040C5F602005CA9F8F7C9FA10999E
:10DFF00045F25820C2F20040119040F21042C4F2A3
:10E0000002020260742242608160C1604FF480624B
:10E010000261416181614FF48072C26101624162BB
:10E02000F5F76AFF18B1FFE7F3F75AFCFFE7FFE7E0
:10E03000619845F25821C2F20041C0F88010619801
:10E040008863FFE745F2D020C2F200400F9040F213
:10E050002841C4F2020101607521416040218160C4
:10E060000021C1604FF48062026141618161C16140
:10E0700001624162F5F740FF18B1FFE7F3F730FCAA
:10E08000FFE7FFE7619845F2D021C2F20041C16786
:10E0900061988863FFE79B200E9000221146F8F7F5
:10E0A0008FFD0E98F8F780FDB4E16198006841F2A9
:10E0B0000001C4F20101884270D1FFE700202F90D7
:10E0C00001212E914C902EA8FAF772FA18B1FFE7B1
:10E0D000F3F706FCFFE7FFE744F2F040C5F6020065
:10E0E000016841F010010160006800F01000249008
:10E0F0002498FFE7FFE744F2E040C5F6020001681C
:10E1000041F001010160006800F0010023902398B4
:10E11000FFE74FF4C0605C9002205D9000200C90FF
:10E120005E905F90072060900020C5F602005CA919
:10E13000F8F726FA0C9945F2C030C2F200400D9073
:10E140007022C4F202020260292242608160C16032
:10E150004FF480620261416181614FF48072C2615B
:10E1600001624162F5F7C8FE18B1FFE7F3F7B8FBAB
:10E17000FFE7FFE7619845F2C031C2F20041C0F805
:10E18000801061988863FFE725200B9000221146DC
:10E19000F8F716FD0B98F8F707FD3AE1619800686B
:10E1A00044F20041C4F20001884240F09F80FFE742
:10E1B00000202F9002212E914B902EA8FAF7F8F90B
:10E1C00018B1FFE7F3F78CFBFFE7FFE744F2E84005
:10E1D000C5F60200016841F400310160006800F4F6
:10E1E000003022902298FFE7FFE744F2E040C5F6B6
:10E1F0000200016841F008010160006800F00800B9
:10E2000021902198FFE770205C9002205D90002013
:10E2100009905E905F900720609040F60040C5F640
:10E2200002005CA9F8F7ACF9099945F23840C2F24E
:10E2300000400A9040F24042C4F2020202602B22E7
:10E2400042608160C1604FF480620261416181611E
:10E250004FF48072C2614FF4803202624162F5F77E
:10E260004BFE18B1FFE7F3F73BFBFFE7FFE76198D1
:10E2700045F23841C2F20041C0F8801061988863CD
:10E28000FFE745F2B040C2F20040089040F258412A
:10E29000C4F2020101602C21416040218160002113
:10E2A000C1604FF48062026141618161C1614FF4DC
:10E2B000803202624162F5F71FFE18B1FFE7F3F703
:10E2C0000FFBFFE7FFE7619845F2B041C2F2004162
:10E2D000C16761988863FFE72620079000221146F6
:10E2E000F8F76EFC0798F8F75FFC91E0619800681A
:10E2F00041F60041C4F20101884240F08880FFE706
:10E3000000202F9001212E914C902EA8FAF750F961
:10E3100018B1FFE7F3F7E4FAFFE7FFE744F2F04054
:10E32000C5F60200016841F080010160006800F05C
:10E33000800020902098FFE7FFE744F2E040C5F618
:10E340000200016841F010010160006800F0100057
:10E350001F901F98FFE7042004905C900221019118
:10E360005D91002105915E915F91609041F2000006
:10E37000C5F6020002905CA90391F8F701F9019B30
:10E3800002980399059A4FF0080CCDF870C15D937F
:10E390005E925F920B226092F8F7F2F8049A059968
:10E3A00045F24830C2F2004006905823C4F20203FE
:10E3B0000360762343608160C1604FF48063036132
:10E3C000416181614FF48073C36101624262032243
:10E3D0008262C1620163F5F78FFD18B1FFE7F3F7C1
:10E3E0007FFAFFE7FFE7619845F24831C2F200414A
:10E3F000C0F8801061988863FFE79C20009000229D
:10E400001146F8F7DDFB0098F8F7CEFBFFE7FFE7D2
:10E41000FFE7FFE7FFE7FFE7FFE762B080BD00002F
:10E4200080B582B001900198006841F20001C4F209
:10E43000010188422DD1FFE740F67C31C2F2004154
:10E4400000912020A1F808010198B1F804215200A0
:10E45000843192B2FEF7E0FB0099B1F80801B1F8FF
:10E46000041188420ADCFFE740F67C30C2F200402B
:10E47000D0F80C2184302021904709E040F67C3010
:10E48000C2F20040B0F804118430F2F732F9FFE72D
:10E49000FFE702B080BD000081B0009001B070477E
:10E4A00080B586B004900391ADF80A200498D0F8A6
:10E4B0008800202870D1FFE7039820B1FFE7BDF85E
:10E4C0000A0020B9FFE701208DF8170068E00398E3
:10E4D00004990865BDF80A000499A1F85400BDF834
:10E4E0000A000499A1F8560004990020C1F8900090
:10E4F00004992120C1F888000498C06F88B3FFE711
:10E500000498C16F41F2F160C0F60100C86304983D
:10E51000C16F41F27170C0F6010008640498C16FC8
:10E5200041F24150C0F60100C8640498C16F002058
:10E53000086504980268016DC06F2832BDF80A3082
:10E54000F6F78AF960B1FFE704991020C1F890004E
:10E5500004992020C1F8880001208DF817001FE0E1
:10E56000FFE70498016840200862FFE7FFE704988E
:10E57000006850E8020F40F080000190FFE7019929
:10E580000498026842E802100028F0D1FFE7FFE794
:10E5900000208DF8170003E002208DF81700FFE738
:10E5A0009DF8170006B080BD81B0009001B07047A3
:10E5B00081B0009001B07047FFE7FEE70000000067
:10E5C00083B0029001918DF8032000208DF80200A5
:10E5D0008DF80200FFE79DF802009DF803108842C5
:10E5E00029DAFFE70298000F092809D8FFE7029807
:10E5F000000F303001999DF8022001F8120009E067
:10E600000299372000EB117001999DF8022001F862
:10E610001200FFE702980001029001989DF8021095
:10E6200000EB410100204870FFE79DF80200013037
:10E630008DF80200CFE703B0704700000000000033
:10E6400080B590B0FFE744F2D840C5F602000168FB
:10E6500041F001010160006800F001000F900F9887
:10E66000FFE7FFE744F2D840C5F60200016841F039
:10E6700002010160006800F002000E900E98FFE7B2
:10E680000B20019000220C921146F8F799FA01989C
:10E69000F8F78AFA0C9A0C2002901146F8F790FAD3
:10E6A0000298F8F781FA0C9A0D2003901146F8F7BA
:10E6B00087FA0398F8F778FA0C9A0E20049011461E
:10E6C000F8F77EFA0498F8F76FFA0C9A0F20059085
:10E6D0000121F8F775FA0598F8F766FA0C9A1020F8
:10E6E00006901146F8F76CFA0698F8F75DFA0C9A5E
:10E6F000112007901146F8F763FA0798F8F754FAD3
:10E700000C9A2F2008901146F8F75AFA0898F8F753
:10E710004BFA0C9A382009901146F8F751FA0998EB
:10E72000F8F742FA0C9A39200A901146F8F748FA9D
:10E730000A98F8F739FA0C9A3A200B901146F8F734
:10E740003FFA0B98F8F730FA0C9A3B200D901146DF
:10E75000F8F736FA0D98F8F727FA10B080BD0000E8
:10E7600080B582B045F22C50C2F2004000904AF2CF
:10E770000001C4F200010160002201928260C260C7
:10E7800002744274012181744FF0030EC0F814E04A
:10E790000A2383614FF01D0CC0F81CC00362C0F84F
:10E7A00024E08362C0F82CC0036342638163C263C8
:10E7B0000C230364042141648264C16402654165E1
:10E7C0008265C265036642668166F7F76DFA18B125
:10E7D000FFE7F3F785F8FFE702B080BD0000000017
:10E7E00080B582B045F2CC50C2F2004000904AF2AF
:10E7F0000041C4F200010160002201928260C26007
:10E8000002744274012181744FF0030EC0F814E0C9
:10E810000A2383614FF01D0CC0F81CC00362C0F8CE
:10E8200024E08362C0F82CC0036340F25633436394
:10E830008163C2630264042141640C238364C16464
:10E84000026541658265C265036642668166F7F7C7
:10E850002BFA18B1FFE7F3F743F8FFE702B080BDEA
:10E8600080B582B045F26C60C2F2004000904DF27B
:10E870000041C4F200010160002201928260C26086
:10E8800002744274012181744FF0030EC0F814E049
:10E890000A2383614FF01D0CC0F81CC00362C0F84E
:10E8A00024E08362C0F82CC0036340F2AB6343638F
:10E8B0008163C2630C230364042141648264C164E4
:10E8C000026541658265C265036642668166F7F747
:10E8D000EBF918B1FFE7F3F703F8FFE702B080BDEB
:10E8E00080B590B000200F900E900D900C900B9082
:10E8F000FFE744F2E040C5F60200016841F0100174
:10E900000160006800F010000A900A98FFE7FFE736
:10E9100044F2E040C5F60200016841F004010160E4
:10E92000006800F0040009900998FFE7FFE744F24F
:10E93000E040C5F60200016841F080010160006816
:10E9400000F0800008900898FFE7FFE744F2E040FD
:10E95000C5F60200016841F001010160006800F0A5
:10E96000010007900798FFE7FFE744F2E040C5F693
:10E970000200016841F002010160006800F002003D
:10E9800006900698FFE7FFE744F2E040C5F6020074
:10E99000016841F008010160006800F0080005907E
:10E9A0000598FFE740F60000C5F60200009048F227
:10E9B000090101220192F7F7CBFF009801994FF46A
:10E9C00000420B920C91002103910D910E910BA925
:10E9D0000291F7F7D5FD0098019A029909230B934C
:10E9E0000C920D9202220E92F7F7CAFD019802993D
:10E9F0004FF4A0520B924FF404120C920D9041F27E
:10EA00000000C5F60200F7F7BBFD039A282004902A
:10EA10001146F8F7D5F80498F8F7C6F810B080BD9D
:10EA200080B545F20C70C2F2004044F60001C5F614
:10EA3000000101600421416040F6FF71C1607D2149
:10EA40008160F7F7A5FF18B1FFE7F2F749FFFFE78D
:10EA500080BD00000000000080B582B045F6004097
:10EA6000C2F20040009043F60001C4F200010160D0
:10EA70004FF4800141600021019181600722C26052
:10EA80004FF0007202614FF0807242614FF080627D
:10EA900082614FF04052C261016241628162C16293
:10EAA0004FF0804242638163C163016441648164C9
:10EAB000C164016541658165FCF7DEF818B1FFE7C7
:10EAC000F2F70EFFFFE702B080BD0000000000007B
:10EAD00080B590B0002101910F910E910D910C9194
:10EAE0000B910A9109910891079106910591049162
:10EAF0000391029145F68840C2F200404FF08042F7
:10EB0000026040F65F124260816040F2CF72C260E4
:10EB100001618161FDF758F918B1FFE7F2F7E0FEF6
:10EB2000FFE74FF480500C9045F68840C2F2004059
:10EB30000CA9FDF7ADFA18B1FFE7F2F7D1FEFFE738
:10EB400045F68840C2F20040FDF7EAFD18B1FFE744
:10EB5000F2F7C6FEFFE7002009900B9045F68840CB
:10EB6000C2F2004009A9FDF76FF818B1FFE7F2F70C
:10EB7000B7FEFFE760200290002203920492069203
:10EB800045F68840C2F2004002A9FDF7F1FC18B139
:10EB9000FFE7F2F7A5FEFFE745F68840C2F2004026
:10EBA00002A90822FDF7E4FC18B1FFE7F2F798FE8E
:10EBB000FFE745F68840C2F20040FDF77DFC10B04B
:10EBC00080BD00000000000080B590B000210191E0
:10EBD0000F910E910D910C910B910A910991089151
:10EBE00007910691059104910391029145F6D44055
:10EBF000C2F2004040F20042C4F20002026017225A
:10EC00004260816042F20F72C260016180218161C5
:10EC1000FDF7DAF818B1FFE7F2F762FEFFE74FF40D
:10EC200080500C9045F6D440C2F200400CA9FDF78C
:10EC30002FFA18B1FFE7F2F753FEFFE745F6D4408D
:10EC4000C2F20040FDF76CFD18B1FFE7F2F748FE95
:10EC5000FFE7002009900B9045F6D440C2F2004037
:10EC600009A9FCF7F1FF18B1FFE7F2F739FEFFE75A
:10EC700060200290002003900490069045F6D44056
:10EC8000C2F2004002A90C22FDF772FC18B1FFE7A6
:10EC9000F2F726FEFFE745F6D440C2F20040FDF74A
:10ECA0000BFC10B080BD000080B588B00021009141
:10ECB000079106910591049103910291019145F606
:10ECC0002050C2F2004040F60002C4F2000202608E
:10ECD000EF224260816040F2E732C26001618161EF
:10ECE000FDF772F818B1FFE7F2F7FAFDFFE74FF40E
:10ECF0008050049045F62050C2F2004004A9FDF770
:10ED0000C7F918B1FFE7F2F7EBFDFFE7002001902C
:10ED1000039045F62050C2F2004001A9FCF794FF91
:10ED200018B1FFE7F2F7DCFDFFE708B080BD000097
:10ED300080B588B00021009107910691059104915A
:10ED400003910291019145F66C50C2F2004040F6E9
:10ED50000042C4F200020260EF224260816040F291
:10ED6000E732C26001618161FDF72EF818B1FFE75B
:10ED7000F2F7B6FDFFE74FF48050049045F66C5073
:10ED8000C2F2004004A9FDF783F918B1FFE7F2F7DA
:10ED9000A7FDFFE700200190039045F66C50C2F2FA
:10EDA000004001A9FCF750FF18B1FFE7F2F798FD0A
:10EDB000FFE708B080BD000080B582B045F67470F2
:10EDC000C2F20040019045F20001C4F2000101606E
:10EDD00048F2A061C0F2010141604FF480518160AE
:10EDE0004FF40051C1604FF4806101610C21416119
:10EDF00000218161C161016241628162FEF790FE82
:10EE000018B1FFE7F2F76CFDFFE745F67470C2F248
:10EE100000400021FEF7C0FA18B1FFE7F2F760FDED
:10EE2000FFE745F67470C2F200400021FEF76CFA6D
:10EE300018B1FFE7F2F754FDFFE745F67470C2F230
:10EE40000040FDF7A9FE18B1FFE7F2F749FDFFE723
:10EE500002B080BD0000000080B582B046F208001C
:10EE6000C2F20040009047F60001C4F200010160C8
:10EE70004FF4E1314160002101918160C160016185
:10EE80000C2242618161C161016241628162FEF7CF
:10EE900047FE18B1FFE7F2F723FDFFE746F208004F
:10EEA000C2F200400021FEF777FA18B1FFE7F2F74F
:10EEB00017FDFFE746F20800C2F200400021FEF70E
:10EEC00023FA18B1FFE7F2F70BFDFFE746F208005F
:10EED000C2F20040FDF760FE18B1FFE7F2F700FD57
:10EEE000FFE702B080BD000080B582B046F29C0012
:10EEF000C2F20040009047F60041C4F200010160F8
:10EF00004FF4E1314160002101918160C1600161F4
:10EF10000C2242618161C161016241628162FEF73E
:10EF2000FFFD18B1FFE7F2F7DBFCFFE746F29C00BC
:10EF3000C2F200400021FEF72FFA18B1FFE7F2F706
:10EF4000CFFCFFE746F29C00C2F200400021FEF732
:10EF5000DBF918B1FFE7F2F7C3FCFFE746F29C00CC
:10EF6000C2F20040FDF718FE18B1FFE7F2F7B8FC57
:10EF7000FFE702B080BD000080B582B046F23010DD
:10EF8000C2F20040009041F60001C4F201010160AC
:10EF90004FF4E1314160002101918160C160016164
:10EFA0000C2242618161C161016241628162FEF7AE
:10EFB000B7FD18B1FFE7F2F793FCFFE746F2301018
:10EFC000C2F200400021FEF7E7F918B1FFE7F2F7BF
:10EFD00087FCFFE746F23010C2F200400021FEF746
:10EFE00093F918B1FFE7F2F77BFCFFE746F2301028
:10EFF000C2F20040FDF7D0FD18B1FFE7F2F770FC58
:10F00000FFE702B080BD000080B582B045F64C60DD
:10F01000C2F20040019041F60041C4F201010160DA
:10F020004FF4E131416000218160C16001610C2237
:10F0300042618161C16101624162102181624FF4CC
:10F040008051C163FEF76CFD18B1FFE7F2F748FC91
:10F05000FFE745F64C60C2F200400021FEF79CF944
:10F0600018B1FFE7F2F73CFCFFE745F64C60C2F24F
:10F0700000400021FEF748F918B1FFE7F2F730FC35
:10F08000FFE745F64C60C2F20040FDF785FD18B180
:10F09000FFE7F2F725FCFFE702B080BD00000000AB
:10F0A00080B582B045F6B850C2F20040009041F2FF
:10F0B0000001C4F2010101604FF4E131416000211F
:10F0C00001918160C16001610C2242618161C16175
:10F0D000016241628162FEF723FD18B1FFE7F2F79A
:10F0E000FFFBFFE745F6B850C2F200400021FEF7F3
:10F0F00053F918B1FFE7F2F7F3FBFFE745F6B85015
:10F10000C2F200400021FEF7FFF818B1FFE7F2F766
:10F11000E7FBFFE745F6B850C2F20040FDF73CFDC3
:10F1200018B1FFE7F2F7DCFBFFE702B080BD00009B
:10F1300080B582B045F6E060C2F20040009044F233
:10F140000041C4F2000101604FF4E131416000234D
:10F1500001938360C36003610C2141618361C361DA
:10F1600003624362836219461A46FBF751FB18B1EA
:10F17000FFE7F2F7B5FBFFE745F6E060C2F20040BB
:10F180000021FEF709F918B1FFE7F2F7A9FBFFE745
:10F1900045F6E060C2F200400021FEF7B5F818B174
:10F1A000FFE7F2F79DFBFFE745F6E060C2F20040A3
:10F1B000FDF7F2FC18B1FFE7F2F792FBFFE702B0B0
:10F1C00080BD00000000000080B544F6AC40C2F2F3
:10F1D000004040F21001C2F20041012204F0F8FCAC
:10F1E00018B1FFE7F2F77CFBFFE744F6AC40C2F250
:10F1F000004040F21011C2F2004105F015FA18B1BA
:10F20000FFE7F2F76DFBFFE744F6AC40C2F20040C7
:10F2100040F2AC11C2F2004103F0C6FE18B1FFE7A4
:10F22000F2F75EFBFFE744F6AC40C2F2004005F0A7
:10F230008BFB18B1FFE7F2F753FBFFE7F8F7E8FEA7
:10F2400080BD000000000000FFE7FEE700000000B6
:10F25000FFE7FEE70000000088B0079006910592E6
:10F26000079800F0070004900498C0F107000528F3
:10F2700003D3FFE70420019004E00498C0F10700E5
:10F280000190FFE70198039004980430062803D802
:10F29000FFE70020009003E0049803380090FFE7A8
:10F2A0000098029006980399012202FA01F10139AF
:10F2B0000840029B984005999A40013A1140084342
:10F2C00008B070470000000080B545F21C70C2F223
:10F2D0000040F7F7A9FF80BD80B586B00590049186
:10F2E000059800680390039802900398006C0190C1
:10F2F0000298049900EB4110D0F8080B0090019897
:10F3000043F20B01C4F6547188420FD3FFE79DF816
:10F3100001000006002809D5FFE70298049900EBD8
:10F3200041114FF40040C1F8080BFFE70598F8F7CA
:10F33000AFFD019843F20B01C4F6547188420DD31E
:10F34000FFE705988079012808D1FFE7059908684B
:10F3500001F29C42012106F023F9FFE7002006B0EC
:10F3600080BD00000000000080B588B007900691C5
:10F37000079800680490049803900498006C029029
:10F380000398069900EB4110D0F8080B01900798FC
:10F390008079012840F08180FFE79DF80400000794
:10F3A000002818D5FFE7029843F20B01C4F6547108
:10F3B00088420FD3FFE79DF805000006002809D515
:10F3C000FFE70398069900EB41114FF40040C1F8A4
:10F3D000080BFFE760E09DF804008006002808D5D0
:10F3E000FFE70398069900EB41112020C1F8080BB4
:10F3F00051E09DF8040010F0280F4AD1FFE7029871
:10F4000043F20B01C4F6547188420FD3FFE79DF815
:10F4100005000006002809D5FFE70398069900EBD0
:10F4200041114FF40040C1F8080B31E007980699EC
:10F4300001EBC10100EB810000F515700590059806
:10F44000006A0399069A01EB4211D1F8101B6FF381
:10F45000DF41401A05994861069898B9FFE7059879
:10F46000006940B9FFE70799086801F29C42012151
:10F4700006F096F805E00599C8684A691044C86026
:10F48000FFE7FFE707989DF81810F7F759FCFFE72B
:10F4900000E0FFE7FFE7FFE747E0029843F20A11C9
:10F4A000C4F65471884224D1FFE79DF80500000698
:10F4B000002809D5FFE70398069900EB41114FF4A6
:10F4C0000040C1F8080B13E09DF8040080060028F6
:10F4D00008D5FFE70398069900EB41112020C1F8F9
:10F4E000080BFFE707989DF81810F7F729FCFFE7CE
:10F4F0001AE0069890B9FFE70798069901EBC10159
:10F5000000EB8100D0F8640240B9FFE70799086872
:10F5100001F29C42002106F043F8FFE707989DF8AE
:10F520001810F7F70DFCFFE7FFE7002008B080BDDB
:10F5300080B58CB00A9009910A98006808900898E4
:10F5400007900A98099901EBC10100EB8100143082
:10F550000690069801694069884204D9FFE70120B6
:10F560008DF82F0079E0069908694969401A0590DD
:10F57000059806998968884204D9FFE7069880684B
:10F580000590FFE70598033080080490FFE707988F
:10F59000099900EB4110D0F8180981B2049A0020B3
:10F5A000914202900FD3FFE706980269416900205B
:10F5B0009142029007D2FFE706980069002818BF21
:10F5C00001200290FFE70298C00770B3FFE7069999
:10F5D00008694969401A0590059806998968884222
:10F5E00004D9FFE7069880680590FFE70598033087
:10F5F0008008049008980699C9689DF82420BDF8F1
:10F600001430DDF828C09CF806C0EE46CEF800C0E5
:10F6100006F052FE059A0699C8681044C860059A1B
:10F620000699486910444861B1E706990869496933
:10F6300088420ED8FFE7099800F00F0101208840AA
:10F640000390039A0799D1F834089043C1F834081D
:10F65000FFE700208DF82F00FFE79DF82F000CB08A
:10F6600080BD0000000000007047000000000000A6
:10F6700080B586B00490039100208DF8070044F215
:10F680002840C5F60200006800F00300032804D1FA
:10F69000FFE701208DF81700CBE044F20041C5F6EA
:10F6A0000201086820F080600860F7F769F90290AD
:10F6B000FFE744F20040C5F60200006800F0006178
:10F6C0000020B0EBD16F0CD0FFE7F7F759F90299A2
:10F6D000401A032804D3FFE703208DF81700A8E0A1
:10F6E000E7E7FFE744F22841C5F60201086820F485
:10F6F0007C30049A126840EA023008600499486835
:10F70000D1F808C0CB680A6901386FF35F204FF663
:10F710000061CFF6FF7101EB4C2189B20844002152
:10F72000CFF6FF7101EB034101F4FE0108444FF0F5
:10F730007F4101EB026101F0FE41084444F238418F
:10F74000C5F602010860FFE744F22C41C5F602014C
:10F750000091086820F0C000049A526910430860C4
:10F76000086820F02000049A926910430860086835
:10F7700020F01000086044F23C42C5F60202106816
:10F780004FF6F8739843049BDB6940EAC3001060AE
:10F79000086840F010000860039848B9FFE744F299
:10F7A0002C41C5F60201086840F40020086016E00C
:10F7B0000398012809D1FFE744F22C41C5F6020164
:10F7C000086840F48010086008E044F22C41C5F657
:10F7D0000201086840F400100860FFE7FFE744F208
:10F7E0000041C5F60201086840F080600860F7F744
:10F7F000C7F80290FFE744F20040C5F60200006837
:10F8000000F000610020B0EBD16F0CD1FFE7F7F7FB
:10F81000B7F80299401A032804D3FFE703208DF8B4
:10F82000170006E0E7E7FFE79DF807008DF81700EF
:10F83000FFE79DF8170006B080BD00000000000043
:10F8400080B586B00490039100208DF8070044F243
:10F850002840C5F60200006800F00300032804D128
:10F86000FFE701208DF81700CBE044F20041C5F618
:10F870000201086820F080500860F7F781F80290D4
:10F88000FFE744F20040C5F60200006800F00051B6
:10F890000020B0EB517F0CD0FFE7F7F771F8029929
:10F8A000401A032804D3FFE703208DF81700A8E0CF
:10F8B000E7E7FFE744F22841C5F60201086820F0B7
:10F8C0007C70049A126840EA025008600499486803
:10F8D000D1F808C0CB680A6901386FF35F204FF692
:10F8E0000061CFF6FF7101EB4C2189B20844002181
:10F8F000CFF6FF7101EB034101F4FE0108444FF024
:10F900007F4101EB026101F0FE41084444F24041B5
:10F91000C5F602010860FFE744F22C41C5F602017A
:10F920000091086820F44060049A5269104308600E
:10F93000086820F40070049A92691043086008680F
:10F9400020F48070086044F24442C5F60202106858
:10F950004FF6F8739843049BDB6940EAC3001060DC
:10F96000086840F480700860039848B9FFE744F2E3
:10F970002C41C5F60201086840F48000086016E0DA
:10F980000398012809D1FFE744F22C41C5F6020192
:10F99000086840F40000086008E044F22C41C5F615
:10F9A0000201086840F080700860FFE7FFE744F25A
:10F9B0000041C5F60201086840F080500860F6F783
:10F9C000DFFF0290FFE744F20040C5F60200006846
:10F9D00000F000510020B0EB517F0CD1FFE7F6F7AB
:10F9E000CFFF0299401A032804D3FFE703208DF8C4
:10F9F000170006E0E7E7FFE79DF807008DF817001E
:10FA0000FFE79DF8170006B080BD00000000000071
:10FA100080B582B045F6E060C2F20040019046F247
:10FA2000E011C2F200418022FDF7F6F80198D0F80B
:10FA3000800000681021C4F20201884200F0D180E9
:10FA4000FFE745F6E060C2F20040D0F880000068B1
:10FA50002821C4F20201884200F0C380FFE745F686
:10FA6000E060C2F20040D0F8800000684021C4F29B
:10FA70000201884200F0B580FFE745F6E060C2F27F
:10FA80000040D0F8800000685821C4F2020188428A
:10FA900000F0A780FFE745F6E060C2F20040D0F832
:10FAA000800000687021C4F20201884200F0998051
:10FAB000FFE745F6E060C2F20040D0F88000006841
:10FAC0008821C4F20201884200F08B80FFE745F6EE
:10FAD000E060C2F20040D0F880000068A021C4F2CB
:10FAE000020188427DD0FFE745F6E060C2F20040A7
:10FAF000D0F880000068B821C4F20201884270D0BA
:10FB0000FFE745F6E060C2F20040D0F880000068F0
:10FB100040F21041C4F20201884262D0FFE745F68C
:10FB2000E060C2F20040D0F88000006840F2284156
:10FB3000C4F20201884254D0FFE745F6E060C2F209
:10FB40000040D0F88000006840F24041C4F2020159
:10FB5000884246D0FFE745F6E060C2F20040D0F8A8
:10FB60008000006840F25841C4F20201884238D057
:10FB7000FFE745F6E060C2F20040D0F88000006880
:10FB800040F27041C4F2020188422AD0FFE745F6F4
:10FB9000E060C2F20040D0F88000006840F2884186
:10FBA000C4F2020188421CD0FFE745F6E060C2F2D1
:10FBB0000040D0F88000006840F2A041C4F2020189
:10FBC00088420ED0FFE745F6E060C2F20040D0F870
:10FBD0008000006840F2B841C4F2020188420CD1B2
:10FBE000FFE745F6E060C2F20040D0F8800001680F
:10FBF000086820F0080008600BE045F6E060C2F2FB
:10FC00000040D0F880000168086820F00400086017
:10FC1000FFE702B080BD000080B582B00190ADF872
:10FC200002100199BDF8022042F63020C2F20040D5
:10FC300041F62C2318440DF00FF802B080BD0000EF
:10FC400080B586B00190ADF802100199BDF80200B0
:10FC5000059104900498012820DBFFE7049805999A
:10FC600001F01F010844039005980290BFF34F8FE5
:10FC7000FFE702984EF66871CEF200010860029824
:10FC80002030029003982038039003980028F0DC7D
:10FC9000FFE7BFF34F8FBFF36F8FFFE70199BDF809
:10FCA000022045F6E060C2F20040FEF7F9FB06B024
:10FCB00080BD00000000000080B545F60040C2F2A3
:10FCC0000040FAF711FE80BD82B0019001980068F3
:10FCD0004069009001980168886940F008008861D7
:10FCE00001980168886940F01000886101980168F6
:10FCF000086820F00100086001980168086940F276
:10FD00006F329043086101980168886820F4404090
:10FD10008860019890F88100042815D0FFE79DF8CD
:10FD20000000800600280ED5FFE70199D1F8840075
:10FD300040F08000C1F8840001980168886940F0B3
:10FD400020008861FFE7FFE7019890F88100032811
:10FD500015D0FFE79DF80000400600280ED5FFE70C
:10FD60000199D1F8840040F00400C1F884000198A2
:10FD70000168886940F040008861FFE7FFE79DF86F
:10FD80000100800700280ED5FFE70199D1F8840013
:10FD900040F00100C1F8840001980168886940F4CE
:10FDA00000708861FFE79DF80100C00770B1FFE7B0
:10FDB0000199D1F8840040F00800C1F8840001984E
:10FDC0000168886940F480708861FFE7019900202C
:10FDD000A1F862000199A1F86A0002B07047000022
:10FDE00080B582B001900198806B0090009900204E
:10FDF000A1F86A000099A1F862000099012081F839
:10FE000081000098FAF76CFD02B080BD0000000090
:10FE100080B582B001900198806B00900198F2F754
:10FE200083FF022812D0FFE70098FFF74DFF0099EB
:10FE3000D1F8840040F01000C1F88400009901203E
:10FE400081F881000098FAF74BFDFFE702B080BD12
:10FE500080B582B001900198806B00900098FBF70C
:10FE6000DBFE02B080BD000080B582B00190019839
:10FE7000806B0090009890F88100072813D0FFE76E
:10FE80000098806FC069B0F5807F04D1FFE70098CB
:10FE9000FBF766FE06E000980168086940F008007C
:10FEA0000861FFE7FFE702B080BD0000000000002E
:10FEB00083B002900298C16B012000EB51100190B9
:10FEC0000298C0680130009000980730C008009088
:10FED00000980199484303B07047000000000000FB
:10FEE00082B0019000910198006843F20001C4F2D1
:10FEF000010188420AD1FFE7019840F2E861C2F2AD
:10FF0000004108600098C1F8100127E001980068DE
:10FF100043F60001C4F2000188420AD1FFE70198CC
:10FF200040F2FC71C2F2004108600098C1F8100173
:10FF300013E00198006843F60041C4F200018842D2
:10FF40000AD1FFE7019840F61011C2F200410860A3
:10FF50000098C1F81001FFE7FFE7FFE702B0704724
:10FF600080B586B084460898CDF810C00391ADF8EE
:10FF70000A20ADF80830ADF806000498006843F296
:10FF80000001C4F2010188421FD1FFE7039840F24B
:10FF9000E862C2F200425060BDF80A001081BDF86C
:10FFA0000800A2F80A01BDF80600A2F80C010498A6
:10FFB0006B464FF47A71196002F10A018A3201230B
:10FFC000FBF78AF88DF8170054E00498006843F6B0
:10FFD0000001C4F2000188421FD1FFE7039840F2FC
:10FFE000FC72C2F200425060BDF80A001081BDF8F8
:10FFF0000800A2F80A01BDF80600A2F80C01049856
:020000040801F1
:100000006B464FF47A71196002F10A018A320123BA
:10001000FBF762F88DF817002CE00498006843F6AF
:100020000041C4F20001884220D1FFE7039840F666
:100030001012C2F200425060BDF80A001081BDF8F3
:100040000800A2F80A01BDF80600A2F80C01049805
:10005000BDF80810BDF8063019448BB202F10A0150
:100060008A32FBF7BDFB8DF8170003E000208DF806
:100070001700FFE79DF8170006B080BD00000000E4
:1000800080B586B0DDF820C0049003918DF80B2078
:100090000193FFE704980068406903990840401AFB
:1000A000B0FA80F040099DF80B10884214D1FFE7A8
:1000B000F6F766FC0899401A0199884204D3FFE7D5
:1000C0000198013018B9FFE7019820B9FFE7032034
:1000D0008DF8170004E0DDE700208DF81700FFE73A
:1000E0009DF8170006B080BD7047000000000000BA
:1000F00084B003900398009000980078ADF8080051
:1001000000980130009000980078ADF80600BDF826
:100110000610BDF8080040EA0120ADF80A00BDF85D
:100120000A0004B07047000080B582B000900098CB
:100130000138B0F1807F03D3FFE70120019019E07F
:10014000009801384EF21401CEF2000108604FF021
:10015000FF300F210FF0FCFA4EF21801CEF2000131
:10016000002008604EF21002CEF20002072111605A
:100170000190FFE7019802B080BD00000000000080
:1001800080B5F6F765FC80BD80B59EB00BA84C210C
:10019000F0F7AFFA002001900A90099008900790BC
:1001A00006900590049003900220F7F7DDFEFFE72C
:1001B0000020029044F61800C5F60200016821F400
:1001C00040410160006800F4404002900298FFE75F
:1001D000FFE744F61800C5F60200006800F400507E
:1001E000B0F5005F01D0FFE7F3E729200B904FF453
:1001F00080300C90012110911191022014901590E3
:100200001690282217921891042119911A900C2007
:100210001B9000201C901D900BA8F9F7E9FD18B168
:10022000FFE7F1F75DFBFFE73F2003900321049117
:1002300000200590082006904020079008904FF479
:10024000806209920A9003A8F9F7AAF918B1FFE7AA
:10025000F1F746FBFFE71EB080BD00000000000084
:100260004EF68851CEF20001086840F47000086034
:1002700042F20000C5F20020006800F00F000628DE
:100280000AD8FFE742F20001C5F200210868072200
:1002900062F303000860FFE744F20041C5F6020183
:1002A000086840F00100086044F21042C5F60202FE
:1002B0000020106008684EF67F52CEF6F6221040FD
:1002C000086042F20000C5F20020006800F00F0054
:1002D00008280AD3FFE742F20001C5F200210868AE
:1002E000072262F303000860FFE744F21841C5F6F5
:1002F00002010020086044F21C41C5F602010860BA
:1003000044F22041C5F60201086044F22842C5F6D5
:10031000020240F20021C0F20221116044F22C429C
:10032000C5F602020021C0F2FF11116044F2304212
:10033000C5F6020240F28021C0F20111116044F2C0
:100340003442C5F60202106044F23842C5F6020299
:10035000116044F23C42C5F60202106044F2404291
:10036000C5F60202116044F24441C5F6020108607C
:1003700044F20042C5F60202116821F480211160A6
:1003800044F26041C5F60201086044F20001C5F282
:10039000002143F2D2000860704700000000000016
:1003A00080B545F62050C2F20040FBF75DFF80BDEE
:1003B00080B545F66C50C2F20040FBF755FF80BD9A
:1003C00083B0029001910298006800900298002189
:1003D000C4F20101884225D0FFE70298B0F1804FB6
:1003E00020D0FFE7029840F20041C4F200018842A9
:1003F00018D0FFE7029840F60001C4F200018842DD
:1004000010D0FFE7029840F60041C4F20001884294
:1004100008D0FFE7029840F20041C4F2010188428F
:100420000AD1FFE7009820F0700000900198416821
:10043000009808430090FFE702980021C4F20101F0
:1004400088424DD0FFE70298B0F1804F48D0FFE7D7
:10045000029840F20041C4F20001884240D0FFE718
:10046000029840F60001C4F20001884238D0FFE74C
:10047000029840F60041C4F20001884230D0FFE704
:10048000029840F20041C4F20101884228D0FFE7FF
:10049000029844F20001C4F20101884220D0FFE733
:1004A000029844F20041C4F20101884218D0FFE7EB
:1004B000029844F60001C4F20101884210D0FFE71F
:1004C00002984EF20001C4F20001884208D0FFE712
:1004D00002984EF20041C4F2000188420AD1FFE7BF
:1004E000009820F4407000900198C168009808437B
:1004F0000090FFE7009820F08000019949690843C7
:100500000090009802990860019880680299C8627A
:10051000019800680299886202980021C4F20101E2
:10052000884220D0FFE7029840F20041C4F2010166
:10053000884218D0FFE7029844F20001C4F201019A
:10054000884210D0FFE7029844F20041C4F2010152
:10055000884208D0FFE7029844F60001C4F2010186
:10056000884205D1FFE70198006902990863FFE717
:1005700002990120486102980069C00730B1FFE785
:100580000299086920F001000861FFE703B0704795
:1005900080B582B042F6D110C2F20040017801313C
:1005A000017042F6D012C2F200421178013111708E
:1005B00042F6D212C2F20042117801311170007875
:1005C000052820D1FFE742F6D111C2F200410020F8
:1005D000087045F22C50C2F20040019040F288228F
:1005E000C2F200424FF4007108230093F0F768FA5A
:1005F000009B019840F28022C2F200424FF4FF714A
:10060000F0F75EFAFFE742F6D010C2F20040007841
:10061000042807D1FFE742F6D011C2F200410020C2
:100620000870FFE742F6D210C2F2004000781428AA
:1006300007D1FFE742F6D211C2F200410020087054
:10064000FFE702B080BD000084B0039002910192E8
:10065000029800F01F01012088400090009A039941
:10066000086A904308620198029901F01F0100FA9C
:1006700001F20399086A1043086204B07047000051
:1006800085B00490039102920193049880680090D1
:10069000009820F47F40009003980299019A41EA63
:1006A0000221014300980843009000980499886053
:1006B00005B070470000000083B0029001910298DD
:1006C0008068009000984FF68F71CFF6CF71084088
:1006D000009001980099084340F0070000900098AE
:1006E0000299886003B0704782B001900091019830
:1006F00000680021C4F20101884209D1FFE7019896
:1007000040F62C21C2F2004108600098486081E068
:1007100001980068B0F1804F09D1FFE7019840F6D9
:100720003421C2F2004108600098486071E00198ED
:10073000006840F20041C4F20001884209D1FFE79D
:10074000019840F63C21C2F20041086000984860E0
:100750005EE00198006840F60001C4F200018842A2
:1007600009D1FFE7019840F64421C2F20041086038
:10077000009848604BE00198006840F60041C4F2E0
:100780000001884209D1FFE7019840F64C21C2F2EE
:10079000004108600098486038E00198006841F224
:1007A0000001C4F20001884209D1FFE7019840F638
:1007B0005421C2F2004108600098486025E0019889
:1007C000006841F20041C4F20001884209D1FFE70C
:1007D000019840F65C21C2F2004108600098486030
:1007E00012E00198006840F20041C4F20101884221
:1007F00009D1FFE7019840F66421C2F20041086088
:1008000000984860FFE7FFE7FFE7FFE7FFE7FFE744
:10081000FFE7FFE702B0704785B0049003910498AA
:10082000006A01900499086A20F0010008620498A7
:100830004068009004988069029002984FF68F718A
:10084000CFF6FE7108400290029820F0030002905B
:1008500003980168029808430290019820F0020072
:100860000190039881680198084301900498002141
:10087000C4F20101884220D0FFE7049840F2004111
:10088000C4F20101884218D0FFE7049844F2000145
:10089000C4F20101884210D0FFE7049844F20041FD
:1008A000C4F20101884208D0FFE7049844F6000131
:1008B000C4F2010188420ED1FFE7019820F0080040
:1008C00001900398C168019808430190019820F0B5
:1008D00004000190FFE704980021C4F2010188425E
:1008E00020D0FFE7049840F20041C4F201018842A1
:1008F00018D0FFE7049844F20001C4F201018842D5
:1009000010D0FFE7049844F20041C4F2010188428C
:1009100008D0FFE7049844F60001C4F201018842C0
:1009200013D1FFE7009820F480700090009820F425
:100930000070009003984169009808430090039864
:100940008169009808430090FFE700980499486087
:100950000298049988610398406804994863019853
:100960000499086205B0704785B00490039104981B
:10097000006A01900499086A20F010000862049847
:1009800040680090049880690290029848F6FF71D0
:10099000CFF6FF6108400290029820F44070029068
:1009A00003980168029840EA01200290019820F023
:1009B0002000019003988168019840EA011001909D
:1009C00004980021C4F20101884229D0FFE704986D
:1009D00040F20041C4F20101884221D0FFE70498AF
:1009E00044F20001C4F20101884203D1FFE7002074
:1009F000B0B9FFE7049844F20041C4F20101884213
:100A000003D1FFE7002058B9FFE7049844F600013E
:100A1000C4F20101884212D1FFE7012078B9FFE753
:100A2000019820F0800001900398C168019840EA85
:100A300001100190019820F040000190FFE7049818
:100A40000021C4F20101884220D0FFE7049840F25F
:100A50000041C4F20101884218D0FFE7049844F233
:100A60000001C4F20101884210D0FFE7049844F26B
:100A70000041C4F20101884208D0FFE7049844F61F
:100A80000001C4F20101884215D1FFE7009820F46B
:100A900080600090009820F4006000900398416905
:100AA000009840EA8100009003988169009840EA2C
:100AB00081000090FFE7009804994860029804992B
:100AC00088610398406804998863019804990862D2
:100AD00005B070470000000085B0049003910498B1
:100AE000006A01900499086A20F4807008620498F2
:100AF000406800900498C069029002984FF68F7188
:100B0000CFF6FE7108400290029820F00300029098
:100B100003980168029808430290019820F400703D
:100B2000019003988168019840EA0120019004989F
:100B30000021C4F20101884229D0FFE7049840F265
:100B40000041C4F20101884221D0FFE7049844F239
:100B50000001C4F20101884203D1FFE70020B0B9CF
:100B6000FFE7049844F20041C4F20101884203D136
:100B7000FFE7002058B9FFE7049844F60001C4F2EB
:100B80000101884212D1FFE7012078B9FFE70198FF
:100B900020F4006001900398C168019840EA0120A8
:100BA0000190019820F480600190FFE704980021F3
:100BB000C4F20101884220D0FFE7049840F20041CE
:100BC000C4F20101884218D0FFE7049844F2000102
:100BD000C4F20101884210D0FFE7049844F20041BA
:100BE000C4F20101884208D0FFE7049844F60001EE
:100BF000C4F20101884215D1FFE7009820F480502B
:100C00000090009820F400500090039841690098EB
:100C100040EA0110009003988169009840EA0110B1
:100C20000090FFE700980499486002980499C86111
:100C3000039840680499C86301980499086205B054
:100C4000704700000000000085B0049003910498F4
:100C5000006A01900499086A20F4805008620498A0
:100C6000406800900498C0690290029848F6FF71AD
:100C7000CFF6FF6108400290029820F44070029085
:100C800003980168029840EA01200290019820F43C
:100C90000050019003988168019840EA013001906A
:100CA00004980021C4F20101884220D0FFE7049893
:100CB00040F20041C4F20101884218D0FFE70498D5
:100CC00044F20001C4F20101884210D0FFE7049809
:100CD00044F20041C4F20101884208D0FFE70498C1
:100CE00044F60001C4F2010188420BD1FFE70098ED
:100CF00020F48040009003984169009840EA8110F8
:100D00000090FFE700980499486002980499C86130
:100D1000039840680499086401980499086205B032
:100D2000704700000000000085B004900391049813
:100D3000006A01900499086A20F4803008620498DF
:100D4000406800900498406D029002984FF68F71B1
:100D5000CFF6FE710840029003980168029808439C
:100D60000290019820F40030019003988168019866
:100D700040EA0140019004980021C4F20101884238
:100D800020D0FFE7049840F20041C4F201018842FC
:100D900018D0FFE7049844F20001C4F20101884230
:100DA00010D0FFE7049844F20041C4F201018842E8
:100DB00008D0FFE7049844F60001C4F2010188421C
:100DC0000BD1FFE7009820F4803000900398416930
:100DD000009840EA01200090FFE7009804994860DD
:100DE00002980499486503984068049988650198B9
:100DF0000499086205B0704785B004900391049887
:100E0000006A01900499086A20F48010086204982E
:100E1000406800900498406D0290029848F6FF7177
:100E2000CFF6FF610840029003980168029840EAFB
:100E300001200290019820F400100190039881682D
:100E4000019840EA0150019004980021C4F2010188
:100E5000884220D0FFE7049840F20041C4F201012B
:100E6000884218D0FFE7049844F20001C4F201015F
:100E7000884210D0FFE7049844F20041C4F2010117
:100E8000884208D0FFE7049844F60001C4F201014B
:100E900088420BD1FFE7009820F48020009003984F
:100EA0004169009840EA81200090FFE7009804998A
:100EB0004860029804994865039840680499C86599
:100EC00001980499086205B0704700000000000016
:100ED00080B542F6D310C2F20040017801310170B2
:100EE00042F6D512C2F2004211780131117042F679
:100EF000D412C2F2004211780131117042F6D612BA
:100F0000C2F2004211780131117042F6D712C2F2DA
:100F1000004211780131117042F6D812C2F200423B
:100F20001178013111700078022807D1FFE742F6ED
:100F3000D311C2F2004100200870FFE742F6D5103D
:100F4000C2F200400078052807D1FFE742F6D5112C
:100F5000C2F2004100200870FFE742F6D410C2F24E
:100F600000400078042807D1FFE742F6D411C2F20E
:100F7000004100200870FFE742F6D610C2F20040A0
:100F80000078142807D1FFE742F6D611C2F20041DB
:100F900000200870FFE742F6D710C2F20040007848
:100FA000192810D1FFE742F63020C2F2004041F686
:100FB0002C2108440BF060FE42F6D711C2F200412A
:100FC00000200870FFE742F6D810C2F20040007817
:100FD000322807D1FFE742F6D811C2F200410020C3
:100FE0000870FFE780BD000085B004900391029275
:100FF0000498006A00900499086A20F001000862D1
:10100000049880690190019820F0F0000190029905
:10101000019840EA01100190009820F00A00009029
:1010200003990098084300900198049988610098FA
:101030000499086205B0704785B00490039102924C
:101040000498006A00900499086A20F01000086271
:10105000049880690190019820F4704001900299F1
:10106000019840EA01300190009820F0A000009023
:101070000399009840EA0110009001980499886152
:1010800000980499086205B0704700000000000055
:1010900080B541F2EC20C2F20040011D46F29C00F6
:1010A000C2F20040382200F0A3FD80BD0000000025
:1010B00080B582B001900198B0F86210023189B217
:1010C000EFF7DEFD02B080BD80B582B04FF4F07066
:1010D000F0F7A6FB45F22C50C2F2004047F6415112
:1010E000C0F60101EFF754FC45F2CC50C2F20040CB
:1010F00047F6E951C0F60101EFF74AFC45F26C6092
:10110000C2F2004047F66961C0F60101EFF740FC0A
:1011100045F60040C2F2004047F2A901C0F60101C5
:10112000FEF7DEFE45F67470C2F2004047F2610140
:10113000C0F60101122200F0CBFB40F28840C2F25F
:10114000004047F28901C0F6010104F059FE46F261
:101150009C00C2F2004047F24921C0F6010138224A
:1011600000F0B6FBFEF754FC45F62050C2F20040FA
:10117000009047F2C151C0F60101FFF7B5FA45F6FC
:101180006C50C2F20040019047F2D121C0F601013B
:10119000FFF7AAFA42F63020C2F200409FED050A9E
:1011A0000AF096F80098FAF7DFFE0198FAF7DCFEED
:1011B00002B080BD00000000704700000000000089
:1011C00080B545F67470C2F20040FCF745F980BD69
:1011D00080B546F20800C2F20040FCF73DF980BD40
:1011E00080B546F29C00C2F20040FCF735F980BDA4
:1011F00080B546F23010C2F20040FCF72DF980BDF8
:1012000082B001900198406E40B9FFE7019901203A
:10121000A1F86A000199A1F8680032E010208DF869
:1012200003008DF80200019800688068C0F34260F6
:101230008DF80100019800688068400F8DF800006B
:101240009DF802009DF8002041F25063C0F60203B1
:10125000995C484341F24861C0F602018A5CB0FBE8
:10126000F2F0019AA2F86A009DF803009DF80120AF
:101270009B5C5843895CB0FBF1F00199A1F86800D0
:10128000FFE702B07047000081B00090009890F82E
:101290002800000700280BD5FFE700980068406889
:1012A00020F40040009A1168926B10434860FFE7F9
:1012B000009890F82800C00758B1FFE70098006830
:1012C000406820F40030009A1168D26A10434860E8
:1012D000FFE7009890F82800800700280BD5FFE76B
:1012E00000980068406820F48030009A1168126B02
:1012F00010434860FFE7009890F828004007002856
:101300000BD5FFE700980068406820F48020009A21
:101310001168526B10434860FFE7009890F828006E
:10132000C00600280BD5FFE700980068806820F40D
:101330008050009A1168D26B10438860FFE70098D4
:1013400090F82800800600280BD5FFE70098006879
:10135000806820F40050009A1168126C1043886075
:10136000FFE7009890F82800400600281CD5FFE70A
:1013700000980068406820F48010009A1168526C50
:10138000104348600098406CB0F5801F0BD1FFE718
:1013900000980068406820F4C000009A1168926CC0
:1013A00010434860FFE7FFE7009890F82800000628
:1013B00000280BD5FFE700980068406820F4002063
:1013C000009A1168D26C10434860FFE701B0704783
:1013D00080B588B0069006990020C1F89000F5F716
:1013E000CFFA0590069800680068000700282FD5FE
:1013F000FFE70698059B6A466FF07E4111604FF447
:101400000011002201F0C4F908B3FFE7FFE7FFE78E
:101410000698006850E8000F20F080000490FFE775
:1014200004990698026842E800100028F0D1FFE70E
:10143000FFE706992020C1F88800FFE70699002001
:1014400081F88400FFE703208DF81F005FE0FFE7CD
:101450000698006800684007002842D5FFE7069814
:10146000059B6A466FF07E4111604FF480010022B7
:1014700001F08EF9A0B3FFE7FFE7FFE706980068E9
:1014800050E8000F20F490700390FFE7039906984E
:10149000026842E800100028F0D1FFE7FFE7FFE70D
:1014A000FFE70698006850E8020F20F00100029064
:1014B000FFE702990698026842E802100028F0D17E
:1014C000FFE7FFE706992020C1F88C00FFE70699A7
:1014D000002081F88400FFE703208DF81F0016E04C
:1014E000FFE706992020C1F888000699C1F88C0012
:1014F00006990020C86606990867FFE7069900204C
:1015000081F88400FFE700208DF81F00FFE79DF8B9
:101510001F0008B080BD000080B582B00190019826
:10152000806B009000990020A1F85E000099A1F85E
:1015300056000098FBF780FF02B080BD000000005D
:1015400080B584B003900398806B02900298D0F825
:10155000880001900298D0F88C00009002980068F2
:101560008068000600280CD5FFE70198212808D1E3
:10157000FFE702990020A1F85600029800F078F9E0
:10158000FFE7029800688068400600280CD5FFE756
:101590000098222808D1FFE702990020A1F85E00F8
:1015A000029800F0F1F8FFE70299D1F8900040F0BE
:1015B0001000C1F890000298FBF73EFF04B080BD18
:1015C00080B586B005900598806B04900598C06939
:1015D000B0F5807F5BD0FFE704990020A1F85E00A2
:1015E000FFE7FFE70498006850E8000F20F48070E0
:1015F0000390FFE703990498026842E8001000286E
:10160000F0D1FFE7FFE7FFE7FFE70498006850E845
:10161000020F20F001000290FFE70299049802688F
:1016200042E802100028F0D1FFE7FFE7FFE7FFE7FD
:101630000498006850E8020F20F040000190FFE796
:1016400001990498026842E802100028F0D1FFE7EF
:10165000FFE704992020C1F88C000498C06E01288F
:1016600014D1FFE7FFE7FFE70498006850E8000F98
:1016700020F010000090FFE700990498026842E80B
:1016800000100028F0D1FFE7FFE7FFE7FFE704992C
:10169000002008670498C06E012806D1FFE704986F
:1016A000B0F85C10FBF710FB03E00498FCF7B8FE01
:1016B000FFE706B080BD000080B582B001900198C0
:1016C000806B00900099012008670098C06E012887
:1016D00007D1FFE70098B0F85C104908FBF7F4FA6F
:1016E00003E00098FCF7D8FEFFE702B080BD0000E1
:1016F00080B584B003900398806B02900398C06912
:10170000B0F5807F2BD0FFE702990020A1F85600AA
:10171000FFE7FFE70298006850E8020F20F0800022
:101720000190FFE701990298026842E80210002840
:10173000F0D1FFE7FFE7FFE7FFE70298006850E816
:10174000000F40F040000090FFE700990298026807
:1017500042E800100028F0D1FFE7FFE703E002981D
:10176000FCF722FFFFE704B080BD0000000000008E
:1017700080B582B001900198806B00900098FCF7D2
:1017800017FF02B080BD000084B00390FFE7FFE7C1
:101790000398006850E8000F20F490700290FFE773
:1017A00002990398026842E800100028F0D1FFE790
:1017B000FFE7FFE7FFE70398006850E8020F4FF6E6
:1017C000FE71CEF6FF7108400190FFE70199039882
:1017D000026842E802100028EDD1FFE7FFE7039816
:1017E000C06E012814D1FFE7FFE7FFE70398006808
:1017F00050E8000F20F010000090FFE700990398D8
:10180000026842E800100028F0D1FFE7FFE7FFE799
:1018100003992020C1F88C0003990020C866039921
:10182000486704B07047000080B582B00190FFE7C0
:10183000FFE70198006850E8000F20F0400000909A
:10184000FFE700990198026842E800100028F0D1F3
:10185000FFE7FFE701992020C1F8880001990020E7
:1018600088670198FCF7A0FE02B080BD0000000070
:1018700083B00290FFE7FFE70298006850E8000F8E
:1018800020F0C0000190FFE701990298026842E849
:1018900000100028F0D1FFE7FFE7FFE7FFE702981D
:1018A000006850E8020F20F400000090FFE7009964
:1018B0000298026842E802100028F0D1FFE7FFE733
:1018C00002992020C1F8880003B070470000000092
:1018D00080B584B003900291ADF8062003980068AB
:1018E00041F20001C4F20101884214D1FFE70398DC
:1018F00040F67C31C2F2004108600298C1F80C0148
:10190000BDF80600A1F804010398B1F80421843160
:10191000FBF782F969E10398006845F20001C4F21F
:101920000001884240F0E880FFE7039840F6BC7170
:10193000C2F2004108600298C1F80C01BDF806002F
:10194000A1F804010398B1F804215200843192B245
:10195000FBF762F945F27800C2F2004000681021FE
:10196000C4F20201884200F0B280FFE745F278003D
:10197000C2F2004000682821C4F20201884200F04F
:10198000A680FFE745F27800C2F2004000684021DF
:10199000C4F20201884200F09A80FFE745F2780025
:1019A000C2F2004000685821C4F20201884200F0EF
:1019B0008E80FFE745F27800C2F200400068702197
:1019C000C4F20201884200F08280FFE745F278000D
:1019D000C2F2004000688821C4F20201884276D039
:1019E000FFE745F27800C2F200400068A021C4F28F
:1019F000020188426BD0FFE745F27800C2F2004056
:101A00000068B821C4F20201884260D0FFE745F2C5
:101A10007800C2F20040006840F21041C4F20201B6
:101A2000884254D0FFE745F27800C2F200400068D7
:101A300040F22841C4F20201884248D0FFE745F253
:101A40007800C2F20040006840F24041C4F2020156
:101A500088423CD0FFE745F27800C2F200400068BF
:101A600040F25841C4F20201884230D0FFE745F20B
:101A70007800C2F20040006840F27041C4F20201F6
:101A8000884224D0FFE745F27800C2F200400068A7
:101A900040F28841C4F20201884218D0FFE745F2C3
:101AA0007800C2F20040006840F2A041C4F2020196
:101AB00088420CD0FFE745F27800C2F2004000688F
:101AC00040F2B841C4F2020188420AD1FFE745F270
:101AD0007800C2F200400168086820F00800086041
:101AE00009E045F27800C2F200400168086820F081
:101AF00004000860FFE777E00398006847F60001FC
:101B0000C4F20001884214D1FFE7039841F2DC11CE
:101B1000C2F2004108600298C1F80C01BDF806004D
:101B2000A1F804010398B1F804218431FBF774F89B
:101B300059E00398006847F60041C4F2000188426A
:101B400014D1FFE7039841F2EC21C2F20041086092
:101B50000298C1F80C01BDF80600A1F80401039831
:101B6000B1F804218431FBF757F83BE00398006893
:101B700041F60001C4F20101884214D1FFE7039845
:101B800041F2FC31C2F2004108600298C1F80C0138
:101B9000BDF80600A1F804010398B1F804218431CE
:101BA000FBF73AF81DE00398006841F60041C4F2E3
:101BB0000101884214D1FFE7039840F66C21C2F27C
:101BC000004108600298C1F80C01BDF80600A1F8B8
:101BD00004010398B1F804218431FBF71DF8FFE7F5
:101BE000FFE7FFE7FFE7FFE7FFE704B080BD000086
:101BF00080B584B003900291ADF806200398029955
:101C0000BDF80620FCF74CFC04B080BD00000000CD
:101C100080B59EB01D9000208DF867001D9800686B
:101C200040F60041C5F60001884201D1FFE700E01F
:101C3000FFE71D9988680B694A69C9691843104311
:101C400008431C901D980068006846F6F311CCF616
:101C5000FF7108401C9908431D99096808601D9888
:101C60000068406820F440501D9A1168D268104303
:101C700048601D9880691C901D98006840F60041DE
:101C8000C5F60001884206D0FFE71D98016A1C983E
:101C900008431C90FFE71D98006880684FF2FF41E1
:101CA000C1F2FF1108401C9908431D99096888601A
:101CB0001D980068C06A20F00F001D9A1168526AD2
:101CC0001043C862FFE71D98006841F20001C4F2AA
:101CD0000101884240F04180FFE744F25440C5F6DC
:101CE0000200006800F038000146109128282FD823
:101CF0001099DFE801F0152D2D2D2D2D2D2D192DED
:101D00002D2D2D2D2D2D1D2D2D2D2D2D2D2D212D1F
:101D10002D2D2D2D2D2D252D2D2D2D2D2D2D29002C
:101D200001208DF86D0017E004208DF86D0013E0A0
:101D300008208DF86D000FE010208DF86D000BE08D
:101D400020208DF86D0007E040208DF86D0003E045
:101D500080208DF86D00FFE76CE21D98006844F26A
:101D60000041C4F2000188422ED1FFE744F2544002
:101D7000C5F60200006800F0070001460F91052833
:101D80001DD80F99DFE801F003070B0F1317002090
:101D90008DF86D0017E004208DF86D0013E0082029
:101DA0008DF86D000FE010208DF86D000BE0202005
:101DB0008DF86D0007E040208DF86D0003E0802075
:101DC0008DF86D00FFE734E21D98006844F60001CD
:101DD000C4F2000188422ED1FFE744F25440C5F618
:101DE0000200006800F0070001460E9105281DD88A
:101DF0000E99DFE801F003070B0F131700208DF891
:101E00006D0017E004208DF86D0013E008208DF8B8
:101E10006D000FE010208DF86D000BE020208DF894
:101E20006D0007E040208DF86D0003E080208DF804
:101E30006D00FFE7FCE11D98006844F60041C4F224
:101E4000000188422ED1FFE744F25440C5F602005B
:101E5000006800F0070001460D9105281DD80D9976
:101E6000DFE801F003070B0F131700208DF86D005A
:101E700017E004208DF86D0013E008208DF86D0048
:101E80000FE010208DF86D000BE020208DF86D0024
:101E900007E040208DF86D0003E080208DF86D0094
:101EA000FFE7C4E11D98006845F20001C4F200019B
:101EB00088422ED1FFE744F25440C5F60200006884
:101EC00000F0070001460C9105281DD80C99DFE8A9
:101ED00001F003070B0F131700208DF86D0017E0BA
:101EE00004208DF86D0013E008208DF86D000FE0E0
:101EF00010208DF86D000BE020208DF86D0007E0BC
:101F000040208DF86D0003E080208DF86D00FFE724
:101F10008CE11D98006841F20041C4F20101884241
:101F200040F04180FFE744F25440C5F602000068EB
:101F300000F0380001460B9128282FD80B99DFE8D4
:101F400001F0152D2D2D2D2D2D2D192D2D2D2D2D56
:101F50002D2D1D2D2D2D2D2D2D2D212D2D2D2D2DCD
:101F60002D2D252D2D2D2D2D2D2D290001208DF8E8
:101F70006D0017E004208DF86D0013E008208DF847
:101F80006D000FE010208DF86D000BE020208DF823
:101F90006D0007E040208DF86D0003E080208DF893
:101FA0006D00FFE741E11D98006847F60001C4F2AB
:101FB000000188422ED1FFE744F25440C5F60200EA
:101FC000006800F0070001460A9105281DD80A990B
:101FD000DFE801F003070B0F131700208DF86D00E9
:101FE00017E004208DF86D0013E008208DF86D00D7
:101FF0000FE010208DF86D000BE020208DF86D00B3
:1020000007E040208DF86D0003E080208DF86D0022
:10201000FFE709E11D98006847F60041C4F200019E
:1020200088422ED1FFE744F25440C5F60200006812
:1020300000F007000146099105281DD80999DFE83D
:1020400001F003070B0F131700208DF86D0017E048
:1020500004208DF86D0013E008208DF86D000FE06E
:1020600010208DF86D000BE020208DF86D0007E04A
:1020700040208DF86D0003E080208DF86D00FFE7B3
:10208000D1E01D98006841F60001C4F201018842C8
:1020900040F04180FFE744F25440C5F6020000687A
:1020A00000F038000146089128282FD80899DFE869
:1020B00001F0152D2D2D2D2D2D2D192D2D2D2D2DE5
:1020C0002D2D1D2D2D2D2D2D2D2D212D2D2D2D2D5C
:1020D0002D2D252D2D2D2D2D2D2D290001208DF877
:1020E0006D0017E004208DF86D0013E008208DF8D6
:1020F0006D000FE010208DF86D000BE020208DF8B2
:102100006D0007E040208DF86D0003E080208DF821
:102110006D00FFE786E01D98006841F60041C4F2BB
:102120000101884240F04180FFE744F25440C5F687
:102130000200006800F038000146079128282FD8D7
:102140000799DFE801F0152D2D2D2D2D2D2D192DA1
:102150002D2D2D2D2D2D1D2D2D2D2D2D2D2D212DCB
:102160002D2D2D2D2D2D252D2D2D2D2D2D2D2900D8
:1021700001208DF86D0017E004208DF86D0013E04C
:1021800008208DF86D000FE010208DF86D000BE039
:1021900020208DF86D0007E040208DF86D0003E0F1
:1021A00080208DF86D00FFE73BE01D98006840F649
:1021B0000041C5F6000188422ED1FFE744F25840A5
:1021C000C5F60200006800F00700014606910528E8
:1021D0001DD80699DFE801F003070B0F1317022043
:1021E0008DF86D0017E004208DF86D0013E00820D5
:1021F0008DF86D000FE010208DF86D000BE02020B1
:102200008DF86D0007E040208DF86D0003E0802020
:102210008DF86D00FFE703E080208DF86D00FFE78B
:10222000FFE7FFE7FFE7FFE7FFE7FFE7FFE7FFE77E
:10223000FFE7FFE7FFE71D98006840F60041C5F69D
:102240000001884240F0B480FFE79DF86D00014630
:102250000591022814D0FFE70598042814D0FFE761
:102260000598082816D0FFE70598102818D0FFE732
:102270000598202835D0FFE70598402837D03AE068
:10228000F5F7D2FE11903CE015A8F5F7E1FE16989F
:10229000119036E012A8F6F733F81398119030E059
:1022A00044F20040C5F60200006800F02001002062
:1022B000B0EB511F0ED0FFE744F20040C5F602001C
:1022C0000068C0F3C10149F20000C0F2D030C8403C
:1022D000119005E049F20000C0F2D0301190FFE704
:1022E0000FE040F60010C0F23D00119009E04FF4FD
:1022F0000040119005E00020119001208DF867004A
:10230000FFE71198002852D0FFE711981D994A6AFB
:1023100041F25861C0F6020131F81210B0FBF1F041
:10232000189018981D99496801EB4101884207D31C
:10233000FFE718981D994968B0EB013F04D9FFE702
:1023400001208DF8670031E011981D994A680392C9
:102350004A6A41F25861C0F6020131F812200023A6
:1023600004931946EEF7B4F8039A049B090241EA74
:102370001061000210EB520041F10001EEF7A8F8E5
:102380001A901A98B0F5407F0BD3FFE71A990020F6
:10239000B0EB115F05D1FFE71A981D990968C86075
:1023A00003E001208DF86700FFE7FFE7FFE746E164
:1023B0001D98C069B0F5004F40F0A880FFE79DF878
:1023C0006D0001460291402800F263800299DFE827
:1023D00001F021256060296060602F6060606060AE
:1023E0006060356060606060606060606060606018
:1023F00060605660606060606060606060606060E7
:1024000060606060606060606060606060606060CC
:1024100060605C00F7F73CFB119040E0F7F74CFB85
:1024200011903CE015A8F5F713FE1698119036E0D0
:1024300012A8F5F765FF1398119030E044F20040C0
:10244000C5F60200006800F020010020B0EB511F2B
:102450000ED0FFE744F20040C5F602000068C0F36A
:10246000C10149F20000C0F2D030C840119005E02F
:1024700049F20000C0F2D0301190FFE70FE040F6C3
:102480000010C0F23D00119009E04FF4004011909F
:1024900005E00020119001208DF86700FFE71198FA
:1024A00098B3FFE711981D9A5168536A41F2586238
:1024B000C0F6020232F81320B0FBF2F0400000EB4D
:1024C0005100B0FBF1F01A901A98102818D3FFE7CA
:1024D000BDF86A00A0B9FFE71A9820F00F00ADF828
:1024E0006E001A9800F00E01BDF86E0040EA51002F
:1024F000ADF86E00BDF86E001D990968C86003E074
:1025000001208DF86700FFE7FFE797E09DF86D0079
:1025100001460191402800F263800199DFE801F053
:1025200021256060296060602F606060606060608D
:1025300035606060606060606060606060606060C6
:102540005660606060606060606060606060606095
:10255000606060606060606060606060606060607B
:102560005C00F7F795FA119040E0F7F7A5FA1190A3
:102570003CE015A8F5F76CFD1698119036E012A80E
:10258000F5F7BEFE1398119030E044F20040C5F616
:102590000200006800F020010020B0EB511F0ED0B7
:1025A000FFE744F20040C5F602000068C0F3C10135
:1025B00049F20000C0F2D030C840119005E049F265
:1025C0000000C0F2D0301190FFE70FE040F600109D
:1025D000C0F23D00119009E04FF40040119005E079
:1025E0000020119001208DF86700FFE7119820B3BB
:1025F000FFE711981D9A5168536A41F25862C0F67C
:10260000020232F81320B0FBF2F000EB5100B0FBF5
:10261000F1F01A901A9810280AD3FFE7BDF86A0063
:1026200030B9FFE7BDF868001D990968C86003E08C
:1026300001208DF86700FFE7FFE7FFE7FFE71D993F
:102640000120A1F86A001D99A1F868001D990020D9
:1026500048671D9988679DF867001EB080BD00001F
:1026600080B588B006900591ADF8122005980699BE
:102670008865BDF812000699A1F85C000699002053
:10268000C1F8900006992220C1F88C000698D0F875
:102690008000B0B3FFE70698D0F8801041F2C15037
:1026A000C0F60100C8630698D0F8801041F2B96006
:1026B000C0F6010008640698D0F8801041F241503D
:1026C000C0F60100C8640698D0F8801000200865A4
:1026D00006980168826DD0F880002431BDF8123070
:1026E000F2F7BAF860B1FFE706991020C1F8900040
:1026F00006992020C1F88C0001208DF81F0042E0CF
:10270000FFE706980069A0B1FFE7FFE7FFE706983B
:10271000006850E8000F40F480700390FFE70399D1
:102720000698026842E800100028F0D1FFE7FFE7B2
:10273000FFE7FFE7FFE70698006850E8020F40F068
:1027400001000290FFE702990698026842E8021031
:102750000028F0D1FFE7FFE7FFE7FFE706980068F2
:1027600050E8020F40F040000190FFE70199069801
:10277000026842E802100028F0D1FFE7FFE70020DE
:102780008DF81F00FFE79DF81F0008B080BD000016
:1027900080B586B0DDF820C0049003918DF80B2041
:1027A0000193FFE704980068C06903990840401A44
:1027B000B0FA80F040099DF80B10884266D1FFE71F
:1027C00008980130002860D0FFE7F4F7D9F80199A4
:1027D000401A0899884203D8FFE7089820B9FFE714
:1027E00003208DF8170055E0049800680068400742
:1027F000002849D5FFE70398802845D0FFE70398D4
:10280000402841D0FFE704980068C06900F0080143
:102810000120B0EBD10F16D1FFE704980168082022
:10282000009008620498FEF7AFFF00980499C1F881
:102830009000FFE70499002081F88400FFE7012061
:102840008DF8170026E004980068C06900F4006164
:102850000120B0EBD12F16D1FFE7049801684FF4A7
:10286000006008620498FEF78FFF04992020C1F8E9
:102870009000FFE70499002081F88400FFE703201F
:102880008DF8170006E0FFE7FFE78BE700208DF8E3
:102890001700FFE79DF8170006B080BD000000009C
:1028A00080B545F64C60C2F20040FAF7D5FD80BD18
:1028B00080B545F6B850C2F20040FAF7CDFD80BDB4
:1028C00080B545F6E060C2F20040FAF7C5FD80BD74
:1028D00080B586B004908DF80F100498D0F8C80227
:1028E00001900498D0F8D41200EB8100D0F8C00217
:1028F00020B9FFE703208DF817005FE00498D0F8B7
:10290000D41200EB8100D0F8C002029004989DF828
:102910000F1001F00F0101EB810100EB81008069D4
:1029200040B3FFE704989DF80F1001F00F0101EB91
:10293000810200EB82008269019801EBC10100EB8A
:102940008100C169B2FBF1F000FB112090B9FFE7F3
:1029500004989DF80F1001F00F0101EB810100EBCD
:1029600081000023836104989DF80F101A4601F03E
:1029700003FE1FE002990020C1F814020498D0F869
:10298000D41200EB8100D0F8C402006988B1FFE7DF
:102990000498D0F8D41200EB8100D0F8C402036987
:1029A0000299D1F8080201F504719DF80F209847AB
:1029B000FFE7FFE700208DF81700FFE79DF81700FD
:1029C00006B080BD0000000080B584B002908DF894
:1029D00007100298D0F8D41200EB8100D0F8C002A2
:1029E00000900298D0F8D41200EB8100D0F8C00219
:1029F00020B9FFE703208DF80F0019E002989DF839
:102A0000071001F029FB0099C1F80C020298D0F8D8
:102A1000D41200EB8100D0F8C402C2680099D1F84A
:102A2000040201F50371904700208DF80F00FFE7C5
:102A30009DF80F0004B080BD80B586B005908DF87C
:102A40001310059840F20901C2F200410091097883
:102A500001F016F900990598097801F00F0101EBD2
:102A6000810100EB8101002003908884059840F2E9
:102A70000A01C2F200410191097801F001F9019ABD
:102A800003980599127802F00F0202EB820201EB23
:102A90008201A1F86401059840F20801C2F20041E8
:102AA0000291097801F0ECF8029A039805991378DD
:102AB00003F00F0303EB830301EB83018884059983
:102AC000127802F00F0202EB820201EB8201C8844D
:102AD0000598D0F8D41200EB8100D0F8C002F0B114
:102AE000FFE70598D0F8D41200EB8100D0F8C402BB
:102AF000406880470598D0F8D41200EB8100D0F8E8
:102B0000C00202F0E5F90598D0F8D41200EB81017B
:102B10000020C1F8C0020599C1F8BC02FFE70020FF
:102B200006B080BD0000000080B584B0029002981D
:102B3000D0F8D41200EB8100D0F8C00201900198C7
:102B400020B9FFE703208DF80F0025E00298D0F8A8
:102B5000D41200EB8100D0F8C402C8B1FFE701989D
:102B600090F80002FF2813D0FFE70298D0F8D412A3
:102B700000EB8100D0F8C4028368019991F800024B
:102B800091F8012298470199FF2081F80002FFE7A0
:102B900000208DF80F00FFE79DF80F0004B080BD06
:102BA00081B0009000990A20088040F28C10C2F297
:102BB000004001B07047000080B586B0059040F23B
:102BC0004810C2F200400190822100F019FE014637
:102BD00001980491012100F013FE01460198039130
:102BE000812100F00DFE0290049820B1FFE70499C6
:102BF00010208871FFE7039820B1FFE70399402078
:102C00008880FFE7029820B1FFE702994020888082
:102C1000FFE705994320088040F24810C2F20040C7
:102C200006B080BD0000000080B586B0059040F27F
:102C30004810C2F200400190822100F0E1FD0146FF
:102C400001980491012100F0DBFD014601980391F8
:102C5000812100F0D5FD0290049820B1FFE704998E
:102C600010208871FFE7039828B1FFE703994FF41C
:102C700000708880FFE7029828B1FFE702994FF4BF
:102C800000708880FFE705994320088040F24810D3
:102C9000C2F2004006B080BD80B586B0059040F21B
:102CA0004810C2F200400190822100F0A9FD0146C7
:102CB00001980491012100F0A3FD014601980391C0
:102CC000812100F09DFD0290049820B1FFE7049956
:102CD00010208871FFE7039820B1FFE70399402097
:102CE0008880FFE7029820B1FFE7029940208880A2
:102CF000FFE705994320088040F24810C2F20040E7
:102D000006B080BD0000000080B590B00E908DF838
:102D100037104FF4077002F0DFF80C900C9860B990
:102D2000FFE70E98D0F8D41200EB81010020C1F823
:102D3000C00202208DF83F00F0E00C984FF40771BC
:102D4000EDF7D7FC0C980E99D1F8D42201EB820153
:102D5000C1F8C0020E99D1F8D40201EB8000D0F87E
:102D6000C002C1F8BC020E98007C002840D1FFE7E9
:102D70000E9840F20901C2F200410791097802223F
:102D800008924FF40073099301F05AFA0799089AD0
:102D9000099B0E98097801F00F0101EB810100EB0E
:102DA000810101200B9088840E9840F20A01C2F242
:102DB00000410A91097801F043FA0A9A0B980E999A
:102DC000127802F00F0202EB820201EB8201A1F8FD
:102DD00064010E9840F20801C2F20041097801F046
:102DE0000F0101EB810100EB81011020C8843EE05E
:102DF0000E9840F20901C2F20041029109780222C4
:102E000003924023049301F01BFA0299039A049B56
:102E10000E98097801F00F0101EB810100EB8101AF
:102E20000120069088840E9840F20A01C2F2004107
:102E30000591097801F004FA059A06980E9912781E
:102E400002F00F0202EB820201EB8201A1F86401A1
:102E50000E9840F20801C2F20041097801F00F011A
:102E600001EB810100EB81011020C884FFE70E987F
:102E700040F20801C2F200410091097803220823C0
:102E800001F0DEF900990E98097801F00F0101EBCD
:102E9000810100EB8101012088840C9900200190C0
:102EA000C1F804020E98D0F8D41200EB8100D0F8DB
:102EB000C4020068804701980C99C1F814020C996B
:102EC000C1F818020C98D0F8040220B9FFE70220DC
:102ED0008DF83F0022E00E98007C70B9FFE70E9855
:102EE00040F20A01C2F2004109780C9AD2F8042299
:102EF0004FF4007301F0CCF90CE00E9840F20A0197
:102F0000C2F2004109780C9AD2F80422402301F061
:102F1000BFF9FFE700208DF83F00FFE79DF83F0075
:102F200010B080BD0000000080B584B0029002980F
:102F3000D0F8D41200EB8100D0F8C00201900298C2
:102F4000D0F8D41200EB8100D0F8C00220B9FFE71E
:102F500003208DF80F0022E00298007C70B9FFE793
:102F6000029840F20A01C2F200410978019AD2F8AF
:102F700004224FF4007301F08BF90CE0029840F248
:102F80000A01C2F200410978019AD2F804224023D2
:102F900001F07EF9FFE700208DF80F00FFE79DF8B4
:102FA0000F0004B080BD000083B001900091009834
:102FB00020B9FFE703208DF80B000BE00098019982
:102FC000D1F8D42201EB8201C1F8C40200208DF8AF
:102FD0000B00FFE79DF80B0003B0704700000000F6
:102FE00084B0029001910298D0F8D41200EB8100D5
:102FF000D0F8C0020090009820B9FFE703208DF8B8
:103000000F0007E001980099C1F8040200208DF834
:103010000F00FFE79DF80F0004B0704700000000AC
:1030200085B00390029101920398D0F8D41200EB7E
:103030008100D0F8C0020090009820B9FFE703207B
:103040008DF813000BE002980099C1F8080201986E
:103050000099C1F8100200208DF81300FFE79DF8D9
:10306000130005B07047000080B58AB00890079142
:103070000898D0F8D41200EB8100D0F8C002069076
:1030800000208DF81500ADF812008DF8110006989B
:1030900020B9FFE703208DF82700C7E007980078E4
:1030A00000F060000146039100285ED0FFE703981E
:1030B000202840F0AE80FFE70798C088002846D05F
:1030C000FFE7079800780006002823D5FFE7089857
:1030D000D0F8D41200EB8100D0F8C4028368079ABC
:1030E00050780699D28898470798C088082803D353
:1030F000FFE70720029003E00798C0880290FFE7EF
:103100000298ADF8160008980699BDF8162000F050
:1031100083F91BE007984078069981F80002079828
:10312000C0883F2804D8FFE70798C088019002E0D4
:1031300040200190FFE70198069981F80102089864
:10314000069991F8012200F037F9FFE70CE00898A2
:10315000D0F8D41200EB8100D0F8C402836807993C
:10316000487800229847FFE75BE0079840780146DF
:1031700000910B2844D80099DFE801F00641424253
:103180004242424242421C32089890F89C02032874
:1031900007D1FFE708980DF11201022200F03CF977
:1031A00007E00898079900F0F7F803208DF8110060
:1031B000FFE72DE0089890F89C02032807D1FFE76D
:1031C00008980DF11501012200F026F907E0089892
:1031D000079900F0E1F803208DF81100FFE717E0F0
:1031E000089890F89C02032808D0FFE708980799F0
:1031F00000F0D2F803208DF81100FFE708E007E0A7
:103200000898079900F0C8F803208DF81100FFE72F
:1032100007E00898079900F0BFF803208DF8110027
:10322000FFE79DF811008DF82700FFE79DF82700C4
:103230000AB080BD0000000080B584B00290029802
:10324000D0F8D41200EB8100D0F8C0020190012028
:103250008DF80300019820B9FFE703208DF80F00D7
:103260002AE00198D0F8140208BBFFE70199012079
:10327000C1F814020198D0F81002029A40F2090134
:10328000C2F200410B7803F00F0303EB830302EB60
:103290008302906102980978019BD3F80822D3F841
:1032A000103201F069F900208DF80300FFE79DF866
:1032B00003008DF80F00FFE79DF80F0004B080BDFC
:1032C00080B582B001908DF8031000208DF80200C7
:1032D0000198D0F8B8124A689DF80310904720B1C1
:1032E000FFE703208DF80200FFE79DF8020002B01F
:1032F00080BD00000000000080B582B00190009108
:10330000019890F89C02013802280ED8FFE7009837
:103310004088012808D1FFE701990020C1F8A402E4
:10332000019800F095F8FFE704E00198009900F09B
:1033300033F8FFE702B080BD82B001908DF8031032
:10334000002002B07047000082B001908DF8031099
:10335000002002B07047000080B584B00390029155
:1033600001920398029A019B0021009100F090FFC6
:10337000009804B080BD000080B584B00390029135
:1033800001920398029A019B0021009101F0F4F848
:10339000009804B080BD000080B582B0019000911B
:1033A0000198802101F094F80198002101F090F833
:1033B00002B080BD0000000080B584B0039002918F
:1033C000019203990320C1F8940201980399C1F86E
:1033D000580101980399C1F85C010398029A019B76
:1033E0000021009100F054FF009804B080BD00005F
:1033F00080B582B0019001990520C1F8940201982E
:103400000023009319461A4600F042FF009802B0CC
:1034100080BD00000000000080B584B003900291E0
:10342000019203990220C1F89402019803998861DE
:1034300001980399C8610398029A019B00210091A9
:1034400001F09AF8009804B080BD00000000000070
:1034500080B582B0019001990420C1F894020198CE
:103460000023009319461A4601F086F8009802B02E
:1034700080BD00000000000080B584B00390029180
:103480000298C088012805D0FFE703980299FFF74A
:1034900083FF21E0039890F89C12481E01910228B6
:1034A00004D3FFE7019803280AD00FE00399002016
:1034B0008860039800F108010122FFF7ADFF0AE0E0
:1034C0000398011D0122FFF7A7FF04E0039802996A
:1034D000FFF762FFFFE7FFE704B080BD00000000D8
:1034E00080B588B0079006910020ADF816000490D2
:1034F0008DF80F000698C0780138014602910E2819
:1035000000F241810299DFE811F02A0034005100F5
:103510003E013E010B0123013E013E013E013E0101
:103520003E013E013E010F000798D0F8B402C06989
:1035300050B1FFE70798D0F8B412CA69007C0DF1CA
:1035400016019047049009E007980699FFF724FFB9
:103550009DF80F0001308DF80F00FFE71DE107987F
:10356000D0F8B4120A68007C0DF11601904704905F
:1035700013E10798007C60B9FFE70798D0F8B8021C
:10358000816A0DF116008847049004990220487062
:103590000BE00798D0F8B802C16A0DF11600884711
:1035A0000490049902204870FFE7F6E006988078BE
:1035B00001460191052800F2A8800199DFE801F099
:1035C000031E39546F8A0798D0F8B402406850B18E
:1035D000FFE70798D0F8B4124A68007C0DF1160195
:1035E0009047049009E007980699FFF7D5FE9DF8EB
:1035F0000F0001308DF80F00FFE790E00798D0F83A
:10360000B402806850B1FFE70798D0F8B4128A6816
:10361000007C0DF116019047049009E00798069987
:10362000FFF7BAFE9DF80F0001308DF80F00FFE79D
:1036300075E00798D0F8B402C06850B1FFE707986A
:10364000D0F8B412CA68007C0DF1160190470490BE
:1036500009E007980699FFF79FFE9DF80F000130DB
:103660008DF80F00FFE75AE00798D0F8B402006920
:1036700050B1FFE70798D0F8B4120A69007C0DF149
:1036800016019047049009E007980699FFF784FE19
:103690009DF80F0001308DF80F00FFE73FE007981D
:1036A000D0F8B402406950B1FFE70798D0F8B412DF
:1036B0004A69007C0DF116019047049009E00798D3
:1036C0000699FFF769FE9DF80F0001308DF80F0095
:1036D000FFE724E00798D0F8B402806950B1FFE713
:1036E0000798D0F8B4128A69007C0DF11601904752
:1036F000049009E007980699FFF74EFE9DF80F0029
:1037000001308DF80F00FFE709E007980699FFF7F1
:1037100043FE9DF80F0001308DF80F00FFE73CE0FD
:103720000798007C48B9FFE70798D0F8B802416BCA
:103730000DF116008847049009E007980699FFF7F5
:103740002BFE9DF80F0001308DF80F00FFE724E0FD
:103750000798007C60B9FFE70798D0F8B802016BC2
:103760000DF116008847049004990720487009E07D
:1037700007980699FFF710FE9DF80F0001308DF8AD
:103780000F00FFE709E007980699FFF705FE9DF88F
:103790000F0001308DF80F00FFE79DF80F0008B112
:1037A000FFE72AE00698C08818B3FFE7BDF81600C7
:1037B000C8B1FFE7BDF816000699C988884204DA47
:1037C000FFE7BDF81600009003E00698C08800905F
:1037D000FFE70098ADF8160007980499BDF8162089
:1037E000FFF71AFE04E007980699FFF7D5FDFFE7FB
:1037F00003E00798FFF72CFEFFE708B080BD00004C
:1038000080B586B005908DF8131005980390059843
:10381000029000200190029948880978884227DDAB
:10382000FFE702980078ADF80200FFE7BDF802005C
:103830000299498888421ADAFFE703980DF10201DC
:1038400000F036F803900398407805280ED1FFE782
:1038500003980190019880789DF81310884201D157
:10386000FFE704E000200190FFE7FFE7DEE7FFE766
:10387000019806B080BD000083B0029000208DF852
:10388000070002980090FFE70098007848B1FFE732
:103890009DF8070001308DF8070000980130009076
:1038A000F2E79DF8070003B0704700000000000039
:1038B00083B00290019102980090009802780199DB
:1038C00008881044088002980099097808440090FC
:1038D000009803B07047000080B582B0019000915D
:1038E000019890F89C02013802281FD8FFE7009841
:1038F000C088022805D0FFE701980099FFF74CFD2A
:1039000019E001990120C8600198D0F8A40230B1F3
:10391000FFE70199C86840F00200C860FFE701981E
:1039200000F10C010222FFF777FD04E001980099F5
:10393000FFF732FDFFE702B080BD0000000000008D
:1039400080B586B005900491039200208DF80B009D
:10395000059808B9FFE74FE0059801900198FFF737
:103960008BFF0146022000EB4100B0F5007F04D937
:10397000FFE74FF40070009008E00198FFF77CFF2C
:103980000146022000EB41000090FFE700980399F8
:1039900008800398007804999DF80B2088549DF8BE
:1039A0000B0001308DF80B0004999DF80B200320CB
:1039B00088549DF80B0001308DF80B00FFE701984B
:1039C0000078C8B1FFE70198007804999DF80B20B2
:1039D00088540198013001909DF80B0001308DF85A
:1039E0000B0004999DF80B20002088549DF80B00D3
:1039F00001308DF80B00E2E706B080BD000000004A
:103A000082B08DF8070000208DF806009DF80700B1
:103A100001460091032814D80099DFE801F002065E
:103A20000A0E00208DF806000FE003208DF8060036
:103A30000BE001208DF8060007E003208DF806005A
:103A400003E003208DF80600FFE79DF8060002B0B2
:103A5000704700000000000080B582B08DF80700BC
:103A600000919DF8070060B9FFE7009A41F6261023
:103A7000C0F6020041F21051C2F20041FFF760FFB0
:103A80000BE0009A41F62610C0F6020041F21051F8
:103A9000C2F20041FFF754FFFFE741F21050C2F2BB
:103AA000004002B080BD000082B08DF80700009198
:103AB00000991220088040F29810C2F2004002B033
:103AC000704700000000000080B582B08DF807004C
:103AD00000919DF8070060B9FFE7009A41F61810C1
:103AE000C0F6020041F21051C2F20041FFF728FF78
:103AF0000BE0009A41F61810C0F6020041F2105196
:103B0000C2F20041FFF71CFFFFE741F21050C2F282
:103B1000004002B080BD000082B08DF80700009127
:103B200000990420088040F2C010C2F2004002B0A8
:103B3000704700000000000080B584B08DF80F00D1
:103B40000291029A41F63110C0F6020041F2105182
:103B5000C2F200410191FFF7F3FE019804B080BD6D
:103B600080B582B08DF8070000919DF8070060B91C
:103B7000FFE7009A41F64410C0F6020041F21051EE
:103B8000C2F20041FFF7DCFE0BE0009A41F6441060
:103B9000C0F6020041F21051C2F20041FFF7D0FE20
:103BA000FFE741F21050C2F2004002B080BD0000B9
:103BB00080B582B08DF80700009100991A20088026
:103BC000EEF76EF840F2C410C2F2004002B080BDC1
:103BD00080B584B0029001918DF80320029820B93D
:103BE000FFE703208DF80F0023E002990020C1F8C1
:103BF000B8020299C1F8C4020299C1F8D002019832
:103C000028B1FFE701980299C1F8B402FFE70299D1
:103C1000012081F89C029DF8030002990870029827
:103C200000F02AFA8DF802009DF802008DF80F00CE
:103C3000FFE79DF80F0004B080BD00000000000009
:103C400080B582B001908DF8031000208DF802003D
:103C50008DF801000198D0F8C8029DF80310F3F721
:103C600013F98DF802009DF80200FFF7C9FE8DF8E8
:103C700001009DF8010002B080BD000000000000BE
:103C800080B582B001908DF8031000208DF80200FD
:103C90008DF801000198D0F8C8029DF80310F3F7E1
:103CA0009FF88DF802009DF80200FFF7A9FE8DF83D
:103CB00001009DF8010002B080BD0000000000007E
:103CC00080B588B006908DF8171004929DF8170003
:103CD000002874D1FFE70698143003900698D0F8B6
:103CE000940202285DD1FFE703998868C968884279
:103CF00012D9FFE703998868CA68801A8860069815
:103D00000499039A9268FFF737FB06980023194637
:103D10001A4600F0BDFA43E003988168C068884203
:103D20001ED1FFE703994868C968884218D3FFE7A6
:103D3000039840680699D1F89812884210D2FFE79C
:103D40000698002201921146FFF716FB019B069888
:103D5000C0F89832069819461A4600F099FA1EE003
:103D6000069890F89C02032811D1FFE70698D0F836
:103D7000B802C06850B1FFE706990020C1F8D4022C
:103D80000698D0F8B812C9688847FFE7FFE7069899
:103D9000802100F09DFB0698FFF72AFBFFE7FFE775
:103DA000FFE7069890F8A00240B1FFE7069800F000
:103DB00077FC0699002081F8A002FFE740E0069812
:103DC0009DF8171041F08001FFF7B6FA8DF80A0050
:103DD0009DF80A00FF2832D0FFE79DF80A0070BB6B
:103DE000FFE7069890F89C02032827D1FFE7069882
:103DF0009DF80A1000EB8100D0F8B8024069E0B1EC
:103E0000FFE79DF80A000699C1F8D40206989DF8CC
:103E10000A1000EB8101D1F8B8124A699DF8171019
:103E200090478DF80B009DF80B0028B1FFE79DF837
:103E30000B008DF81F0007E0FFE7FFE7FFE7FFE754
:103E400000208DF81F00FFE79DF81F0008B080BD1F
:103E500080B58AB008908DF81F10069200208DF86A
:103E600013009DF81F00002840F08280FFE70898AB
:103E700000F5AA7005900898D0F89402032876D12E
:103E8000FFE705998868C96888421DD9FFE7059949
:103E90008868CA68801A886008980290069803901B
:103EA00005998868C968884204D2FFE70598806848
:103EB000019003E00598C0680190FFE7039902981C
:103EC000019AFFF749FA51E0089890F8AA0200F029
:103ED0001F000146009140B1FFE70098012808D07B
:103EE000FFE7009802280CD013E000208DF81200A4
:103EF00013E0089890F8AE12FFF726FA8DF812003A
:103F00000BE0089890F8AE12FFF716FA8DF8120041
:103F100003E000208DF81200FFE79DF8120008BBB7
:103F2000FFE7089890F89C0203281AD1FFE7089849
:103F30009DF8121000EB8100D0F8B802006978B14A
:103F4000FFE79DF812000899C1F8D40208989DF87F
:103F5000121000EB8101D1F8B81209698847FFE718
:103F6000FFE7FFE70898FFF773FAFFE7FFE740E096
:103F700008989DF81F1001F07F01FFF7DDF98DF81B
:103F800012009DF81200FF2832D0FFE79DF81200C2
:103F900070BBFFE7089890F89C0203281ED1FFE74A
:103FA00008989DF8121000EB8100D0F8B8028069E3
:103FB00098B1FFE79DF812000899C1F8D40208985B
:103FC0009DF8121000EB8101D1F8B8128A699DF8B2
:103FD0001F1090478DF81300FFE7FFE79DF81300CF
:103FE00028B1FFE79DF813008DF8270005E0FFE7F3
:103FF000FFE700208DF82700FFE79DF827000AB0B3
:1040000080BD00000000000081B00090002001B0E1
:10401000704700000000000080B582B001900020D1
:104020008DF803000199012081F89C020198D0F8D5
:10403000B80268B1FFE70198D0F8B8124A68017970
:10404000904720B1FFE703208DF80300FFE7FFE76B
:104050009DF8030002B080BD80B582B001908DF85C
:1040600003100198D0F8C8029DF80310F2F770FF12
:1040700002B080BD0000000080B584B003900398BA
:104080000078012838D1FFE7039945F21C70C2F28D
:1040900000400290C0F8E0140399C1F8C802002162
:1040A000C4F204010160092101710222C2710021E0
:1040B000817142728172C17201738173C173017423
:1040C000F3F716FD18B1FFE7EDF70AFCFFE745F23D
:1040D0001C70C2F20040019080210091F2F7B4FD03
:1040E000009A01980021F2F7BBFD019801214FF4DD
:1040F000BA72F2F7B5FDFFE7002004B080BD000002
:1041000084B002908DF807100298D0F8C802009091
:104110009DF80700000600280DD5FFE700989DF8E0
:10412000071001F07F0101EBC10100EB8100807DF0
:104130008DF80F000DE000989DF8071001F07F0149
:1041400001EBC10100EB810090F856028DF80F00E1
:10415000FFE79DF80F0004B070470000000000006A
:1041600080B584B002908DF807100298D0F8D41270
:1041700000EB8100D0F8B80220B9FFE703208DF8EA
:104180000F0020E0029890F89C02032817D1FFE767
:104190000298D0F8D41200EB8100D0F8B802006A7F
:1041A00060B1FFE70298D0F8D41200EB8101D1F89A
:1041B000B8120A6A9DF807109047FFE7FFE7002052
:1041C0008DF80F00FFE79DF80F0004B080BD0000E0
:1041D00080B584B002908DF807100298D0F8D41200
:1041E00000EB8100D0F8B80220B9FFE703208DF87A
:1041F0000F0020E0029890F89C02032817D1FFE7F7
:104200000298D0F8D41200EB8100D0F8B802406ACE
:1042100060B1FFE70298D0F8D41200EB8101D1F829
:10422000B8124A6A9DF807109047FFE7FFE70020A1
:104230008DF80F00FFE79DF80F0004B080BD00006F
:1042400080B584B003908DF80B108DF80A20ADF87E
:10425000083000208DF807008DF806000398D0F88C
:10426000C8029DF80B10BDF808209DF80A30F2F73F
:1042700083FE8DF807009DF80700FFF7C1FB8DF85E
:1042800006009DF8060004B080BD0000000000009C
:1042900080B586B005908DF813100392029300202C
:1042A0008DF807008DF806000598D0F8C8029DF833
:1042B0001310039A029BF2F7D7FE8DF807009DF8C2
:1042C0000700FFF79DFB8DF806009DF8060006B07D
:1042D00080BD00000000000080B586B00590002081
:1042E0008DF81300059A012182F89C120599C1F8F6
:1042F0009402059948600599C1F8A402059981F8CE
:10430000A0020598D0F8B802A0B1FFE70598D0F850
:10431000B802406868B1FFE70598D0F8B8124A685B
:104320000179904720B1FFE703208DF81300FFE7E4
:10433000FFE7FFE70598002201924023039311460F
:10434000FFF77EFF019A039B059901200290A1F8D7
:1043500064010598C0F8603105988021FFF770FF6F
:1043600002990398059A9184059908629DF81300B3
:1043700006B080BD0000000081B00090009890F869
:104380009C02042807D1FFE7009890F89D0200994D
:1043900081F89C02FFE7002001B070470000000098
:1043A00080B582B00190019890F89C02032813D147
:1043B000FFE70198D0F8B80268B1FFE70198D0F89C
:1043C000B802C06930B1FFE70198D0F8B812C969E6
:1043D0008847FFE7FFE7FFE7002002B080BD00004D
:1043E00082B001908DF803109DF8030001990874C4
:1043F000002002B07047000080B582B001908DF8B7
:10440000031000208DF802008DF801000198D0F80B
:10441000C8029DF80310F3F70BFD8DF802009DF81C
:104420000200FFF7EDFA8DF801009DF8010002B0DF
:1044300080BD00000000000080B584B003900291B0
:10444000039800F2AA20029900F0BAF8039901201B
:10445000C1F894020399B1F8B002C1F89802039828
:1044600090F8AA0200F01F000146009140B1FFE75A
:10447000009801280CD0FFE70098022810D017E020
:10448000039800F2AA2100F067FA8DF8070019E0FE
:10449000039800F2AA2100F09FFC8DF8070011E0BC
:1044A000039800F2AA2100F0BFFA8DF8070009E096
:1044B000039890F8AA1201F0800100F009F88DF835
:1044C0000700FFE79DF8070004B080BD0000000072
:1044D00080B582B001908DF8031000208DF80200A5
:1044E0008DF801000198D0F8C8029DF80310F2F78A
:1044F000F3FD8DF802009DF80200FFF781FA8DF8B8
:1045000001009DF8010002B080BD00000000000025
:1045100080B582B0019000208DF803008DF8020074
:104520000198D0F8C802F3F7BFFC8DF803009DF89E
:104530000300FFF765FA8DF802009DF8020002B053
:1045400080BD00000000000081B00090009890F84D
:104550009C02042807D0FFE7009890F89C0200997D
:1045600081F89D02FFE70099042081F89C02002059
:1045700001B070470000000080B586B005908DF84E
:1045800013100392029300208DF807008DF80600A7
:104590000598D0F8C8029DF81310039A029BF2F711
:1045A0000BFE8DF807009DF80700FFF729FA8DF83C
:1045B00006009DF8060006B080BD00000000000067
:1045C00080B584B003900291029801900198007820
:1045D00003990870019801300190019800780399BF
:1045E00048700198013001900198FBF781FD039913
:1045F00048800198013001900198013001900198A4
:10460000FBF776FD039988800198013001900198AD
:10461000013001900198FBF76BFD0399C88004B04D
:1046200080BD00000000000080B584B002900191C0
:104630000020ADF80200019820B9FFE703208DF8B3
:104640000F0026E001980299C1F8B8020298D0F84C
:10465000D41200EB8100D0F8B802C06A78B1FFE74D
:104660000298D0F8D41200EB8100D0F8B802C16AE9
:104670000DF1020088470299C1F8D002FFE70299C4
:10468000D1F8D8020130C1F8D80200208DF80F000F
:10469000FFE79DF80F0004B080BD0000000000009F
:1046A00081B00090002001B07047000000000000C1
:1046B00080B584B00390029102988088B8BBFFE770
:1046C0000298C08898BBFFE7029840887F282ED8C0
:1046D000FFE70298807800F07F008DF807000398CC
:1046E00090F89C02032805D1FFE703980299FEF792
:1046F00053FE1BE09DF80700039981F89E02039882
:104700009DF80710FFF778FE0398FEF7A1FE9DF8CD
:10471000070028B1FFE70399022081F89C0204E01A
:104720000399012081F89C02FFE7FFE704E003986A
:104730000299FEF731FEFFE704B080BD00000000E3
:1047400080B582B001908DF8031000208DF8020032
:104750000198D0F8B80250B1FFE70198D0F8B8122C
:104760000A689DF8031090478DF80200FFE79DF856
:10477000020002B080BD000080B586B004900391B5
:1047800000208DF80B000398817841F20C50C2F2A2
:10479000004001700078022808D3FFE704980399CD
:1047A000FEF7FAFD03208DF81700A0E0049890F8BA
:1047B0009C0201460191022804D0FFE701980328DA
:1047C0002FD07FE041F20C50C2F20040007818B3C5
:1047D000FFE741F20C51C2F200410878049A5060A0
:1047E00004980978FFF7ACFF8DF80B009DF80B00DB
:1047F00048B1FFE704980399FEF7CEFD0499022023
:1048000081F89C0207E00498FEF722FE0499032039
:1048100081F89C02FFE703E00498FEF719FEFFE72A
:1048200060E041F20C50C2F20040007898B9FFE716
:104830000499022081F89C0241F20C51C2F200411D
:104840000878049A506004980978FEF739FD0498B6
:10485000FEF7FEFD35E041F20C50C2F20040007858
:1048600004994968884227D0FFE704980179FEF748
:1048700027FD41F20C51C2F200410878049A5060C1
:1048800004980978FFF75CFF8DF80B009DF80B008A
:1048900068B1FFE704980399FEF77EFD049801795B
:1048A000FEF70EFD0499022081F89C0203E00498B3
:1048B000FEF7CEFDFFE703E00498FEF7C9FDFFE732
:1048C000FFE70FE004980399FEF766FD049841F2B4
:1048D0000C51C2F200410978FEF7F2FC03208DF87A
:1048E0000B00FFE79DF80B008DF81700FFE79DF820
:1048F000170006B080BD000080B582B00190009125
:1049000000984088012808D1FFE701990120C1F8EB
:10491000A4020198FEF79CFD13E00098408802284D
:1049200009D1FFE700984079019981F8A002019828
:10493000FEF78EFD04E001980099FEF72DFDFFE7DC
:10494000FFE702B080BD000080B582B00190019801
:10495000FFF7DEFD02B080BD80B586B00590049102
:1049600000208DF80F000498007800F060000146E8
:104970000291A8B1FFE70298202804D0FFE702982F
:10498000402846D1FFE70598D0F8D41200EB81010A
:10499000D1F8B8128A68049990478DF80F003DE06D
:1049A000049840780146019109282CD80199DFE844
:1049B00001F01B252A202A0A052A160F05980499BA
:1049C000FEF78EFD24E005980499FFF771FE1FE0C5
:1049D00005980499FFF7D0FE8DF80F0018E00598B0
:1049E0000499FEF749FD13E005980499FEF774FF5A
:1049F0000EE005980499FFF77FFF09E005980499F8
:104A0000FEF77AFC04E005980499FEF7C5FCFFE781
:104A100004E005980499FEF7BFFCFFE79DF80F003E
:104A200006B080BD0000000080B58CB00B900A91EC
:104A300000208DF821000A9880888DF823000A98BC
:104A4000007800F0600001460791B8B3FFE70798CF
:104A5000202805D0FFE70798402840F0B281FFE703
:104A60000B989DF82310FEF767FC8DF822009DF847
:104A70002200FF2821D0FFE79DF82200E8B9FFE7D8
:104A80009DF822000B99C1F8D4020B989DF82210D2
:104A900000EB8100D0F8B802806868B1FFE70B989E
:104AA0009DF8221000EB8101D1F8B8128A680A99AA
:104AB00090478DF82100FFE7FFE787E10A984078EB
:104AC00001460691002800F0BD80FFE70698012806
:104AD0004CD0FFE70698032840F06D81FFE70B9864
:104AE00090F89C0201460591022804D0FFE7059842
:104AF000032819D034E09DF8230078B1FFE79DF832
:104B0000230080280AD0FFE70B989DF82310FFF7B9
:104B1000DFFC0B988021FFF7DBFC04E00B980A997F
:104B2000FEF73AFCFFE720E00A984088A0B9FFE7CB
:104B30009DF8230078B1FFE79DF8230080280AD074
:104B4000FFE70A98C08830B9FFE70B989DF823105B
:104B5000FFF7BEFCFFE7FFE70B98FEF779FC04E0E8
:104B60000B980A99FEF718FCFFE729E10B9890F8DB
:104B70009C0201460491022804D0FFE70498032810
:104B800019D059E09DF8230078B1FFE79DF8230084
:104B900080280AD0FFE70B989DF82310FFF798FCB8
:104BA0000B988021FFF794FC04E00B980A99FEF71C
:104BB000F3FBFFE745E00A984088E0BBFFE79DF87C
:104BC0002300400630B1FFE70B989DF82310FFF754
:104BD00037F8FFE70B98FEF73BFC0B989DF8231086
:104BE000FEF7AAFB8DF822009DF82200FF2821D0B5
:104BF000FFE79DF82200E8B9FFE79DF822000B9936
:104C0000C1F8D4020B989DF8221000EB8100D0F877
:104C1000B802806868B1FFE70B989DF8221000EB9E
:104C20008101D1F8B8128A680A9990478DF821005D
:104C3000FFE7FFE7FFE704E00B980A99FEF7ACFBFC
:104C4000FFE7BDE00B9890F89C0201460391022813
:104C500004D0FFE70398032838D0A6E09DF823008E
:104C600050B1FFE79DF82300802805D0FFE70B989F
:104C70000A99FEF791FB9DE09DF8230000060028AD
:104C80000CD5FFE70B989DF8231001F07F0101EB95
:104C9000810100EB8100143002900CE00B989DF82C
:104CA000231001F07F0101EB810100EB810000F591
:104CB000AA700290FFE70298099009990020086005
:104CC0000B9809990222FEF7A7FB73E09DF82300D9
:104CD0000006002812D5FFE70B989DF8231001F07D
:104CE0000F0101EB810100EB8100808C28B9FFE707
:104CF0000B980A99FEF750FB5CE012E00B989DF8C8
:104D0000231001F00F0101EB810100EB8100B0F8ED
:104D1000640128B9FFE70B980A99FEF73DFB49E0CB
:104D2000FFE79DF82300000600280CD5FFE70B984D
:104D30009DF8231001F07F0101EB810100EB810060
:104D4000143001900CE00B989DF8231001F07F01C6
:104D500001EB810100EB810000F5AA700190FFE7F3
:104D6000019809909DF8230028B1FFE79DF82300E2
:104D7000802804D1FFE70999002008600FE00B9814
:104D80009DF82310FFF7BCF920B1FFE70999012036
:104D9000086003E0099900200860FFE7FFE70B982F
:104DA00009990222FEF738FB04E00B980A99FEF7F6
:104DB000F3FAFFE704E00B980A99FEF7EDFAFFE734
:104DC00004E00B980A99FEF7E7FAFFE79DF8210047
:104DD0000CB080BD0000000080B584B0039002914B
:104DE00000208DF807000298007800F0600001466E
:104DF000009140B1FFE70098202804D0FFE7009819
:104E000040285AD1FFE7039890F89C020138022805
:104E10004DD8FFE702980079012842D8FFE70398B0
:104E200002990979FEF790FA8DF806009DF80600C0
:104E3000FF2825D0FFE79DF8060008BBFFE7039891
:104E40009DF8061000EB8100D0F8B802806890B1A0
:104E5000FFE79DF806000399C1F8D40203989DF876
:104E6000061000EB8101D1F8B8128A6802999047C8
:104E70008DF8070003E003208DF80700FFE703E04B
:104E800003208DF80700FFE70298C08840B9FFE7CC
:104E90009DF8070020B9FFE70398FEF7D9FAFFE76E
:104EA00004E003980299FEF777FAFFE704E003981D
:104EB0000299FEF771FAFFE704E003980299FEF702
:104EC0006BFAFFE79DF8070004B080BD000000000A
:104ED00081B0009001B0704781B0009041F2107035
:104EE000C2F2004001B0704784B003900291039871
:104EF000019002980078009002984078012830D103
:104F0000FFE70298007800F00F01012000FA01F29B
:104F10000199D1F81C081043C1F81C0801980099A8
:104F200000EB4110D0F800090004002818D4FFE776
:104F3000029988686FF3DF20097940EA8140009A7E
:104F400040EA8250019901EB4211D1F80029104347
:104F500048F20002C1F200021043C1F80009FFE765
:104F60002EE00298007800F00F01012000FA01F213
:104F70000199D1F81C0840EA0240C1F81C080198C8
:104F8000009900EB4110D0F8000B0004002816D463
:104F9000FFE7029988686FF3DF20097940EA8140D2
:104FA0000199009A01EB4211D1F8002B104348F20D
:104FB0000002C1F200021043C1F8000BFFE7FFE757
:104FC000002004B07047000082B00190019800906A
:104FD0000099D1F8000940F2FF729043C1F800092E
:104FE0000099D1F8040840F48070C1F8040800204A
:104FF00002B070470000000080B58AB0DDF830C014
:10500000CDF814C00493039202919DF814108DF80A
:1050100024100299039A049B089307920691019029
:105020009DF81D00012823D1FFE70199886B20F42A
:10503000803088630199C8684FF6BF72CFF6BD72A1
:105040001040C8600199C86820F44010C8609DF8FD
:105050002400012806D1FFE70199C86840F48010B8
:10506000C860FFE7019800F03FF88DF803001AE0F0
:105070000199C86840F04000C860019800F034F819
:105080008DF803009DF8210030B9FFE70199886B86
:1050900040F48030886305E00199886B20F480300B
:1050A0008863FFE7FFE79DF81A00012816D1FFE7A4
:1050B0000199C86D80B2C8650199C86D0022C0F21F
:1050C000EE321043C8650199886840F00600886098
:1050D0000199886840F020008860FFE79DF8030090
:1050E0000AB080BD0000000083B001900020009055
:1050F000FFE70098013000900098B0F1706F04D97C
:10510000FFE703208DF80B0026E0FFE70198006918
:10511000C00F0028EDD0FFE700200090019908693A
:1051200040F001000861FFE700980130009000980E
:10513000B0F1706F04D9FFE703208DF80B000BE08E
:10514000FFE70198006900F001000128ECD0FFE7BB
:1051500000208DF80B00FFE79DF80B0003B07047AF
:1051600084B0039002910398019002980078009017
:1051700002984078012845D1FFE70198009900EB9B
:105180004110D0F80009C00FA8B1FFE701980099BD
:1051900000EB4111D1F8000940F00060C1F80009AE
:1051A0000198009900EB4111D1F8000940F08040CE
:1051B000C1F80009FFE70298007800F00F01012014
:1051C00000FA01F3019AD2F83C189943C2F83C184E
:1051D0000299097801F00F0100FA01F20199D1F862
:1051E0001C089043C1F81C080198009900EB41117C
:1051F000D1F8000947F60002CEF633421040C1F85C
:10520000000946E00198009900EB4110D0F8000B2E
:10521000C00FA8B1FFE70198009900EB4111D1F848
:10522000000B40F00060C1F8000B0198009900EB02
:105230004111D1F8000B40F08040C1F8000BFFE7AE
:105240000298007800F00F01012000FA01F3019AA2
:10525000D2F83C1821EA0341C2F83C1802990978B7
:1052600001F00F0100FA01F20199D1F81C0820EABF
:105270000240C1F81C080198009900EB4111D1F8D7
:10528000000B47F60002CEF6F3721040C1F8000B97
:10529000FFE7002004B0704782B0019001980090B1
:1052A0000099D1F8000E20F00300C1F8000E00991B
:1052B000D1F8040820F00200C1F80408002002B070
:1052C000704700000000000082B00190019800903B
:1052D0000099D1F8000E20F00300C1F8000E0099EB
:1052E000D1F8040840F00200C1F80408002002B020
:1052F000704700000000000080B58CB0DDF838C0B9
:10530000CDF81CC00693059204919DF81C108DF8F1
:105310002C100499059A069B0A9309920891039010
:1053200000208DF80B00039901910090FFE7009891
:105330000E280CD8FFE70398009900EB81010020AC
:10534000C1F80401FFE7009801300090EFE79DF8F5
:105350002A00B8B9FFE70199D1F8040840F002002B
:10536000C1F804080399886B20F40010886303993E
:10537000086840F0400008600399086840F0800029
:10538000086005E00399886B40F400108863FFE72C
:1053900001990020C1F8000E9DF8250001280FD1C9
:1053A000FFE79DF8230028B9FFE70398002100F0EC
:1053B0008FFE04E00398012100F08AFEFFE704E07D
:1053C0000398032100F084FEFFE70398102100F00A
:1053D000A7FC20B1FFE701208DF80B00FFE7039841
:1053E00000F062FC20B1FFE701208DF80B00FFE721
:1053F00001990020C1F810080199C1F81408019919
:10540000C1F81C080090FFE700989DF82010884222
:105410003BD2FFE70198009900EB4110D0F800095A
:10542000C00FB0B1FFE7009848B9FFE701980099B5
:1054300000EB41114FF00060C1F8000908E001984D
:10544000009900EB41114FF09040C1F80009FFE7CF
:1054500007E00198009900EB41110020C1F8000914
:10546000FFE70198009900EB41110020C1F81009F5
:105470000198009900EB41114FF67F30C1F80809FF
:10548000FFE7009801300090BEE700200090FFE7A2
:1054900000989DF8201088423BD2FFE701980099C0
:1054A00000EB4110D0F8000BC00FB0B1FFE700983F
:1054B00048B9FFE70198009900EB41114FF00060F7
:1054C000C1F8000B08E00198009900EB41114FF082
:1054D0009040C1F8000BFFE707E00198009900EB4E
:1054E00041110020C1F8000BFFE70198009900EB83
:1054F00041110020C1F8100B0198009900EB4111F7
:105500004FF67F30C1F8080BFFE70098013000909C
:10551000BEE70199D1F8100820F48070C1F8100896
:1055200003990020886103996FF0804048619DF8DD
:10553000220030B9FFE70399886940F010008861C4
:10554000FFE70399886943F60002C8F23C02104362
:1055500088619DF8260030B1FFE70399886940F023
:1055600008008861FFE79DF82A00012808D1FFE7BD
:10557000039988690422C4F2000210438861FFE79E
:105580009DF80B000CB080BD81B000900099886838
:1055900020F001008860002001B07047000000008A
:1055A00086B004908DF80F10029204980190049830
:1055B000006C0090009843F20B01C4F654718842CD
:1055C0000BD3FFE70198D0F8000BC00F20B1FFE725
:1055D00000208DF817002EE0FFE701990020C1F8A8
:1055E000100B0199D1F8100B40F40020C1F8100BFA
:1055F0000199D1F8100B40F01800C1F8100B019977
:10560000D1F8100B40F0C040C1F8100B9DF80F000E
:1056100001280CD1FFE702980199C1F8140B0199F8
:10562000D1F8000B40F08020C1F8000BFFE700200C
:105630008DF81700FFE79DF8170006B070470000CF
:1056400084B0039002910398019002980078009032
:1056500002984078012820D1FFE70198009900EBDB
:105660004111D1F8000920F40010C1F80009029896
:105670000079032805D0FFE70298007902280BD1B2
:10568000FFE70198009900EB4111D1F8000940F0C3
:105690008050C1F80009FFE71FE00198009900EB76
:1056A0004111D1F8000B20F40010C1F8000B029852
:1056B0000079032805D0FFE70298007902280BD172
:1056C000FFE70198009900EB4111D1F8000B40F081
:1056D0008050C1F8000BFFE7FFE7002004B07047DF
:1056E00084B0039002910398019002980078009092
:1056F00002984078012822D1FFE70198009900EB39
:105700004110D0F80009C00F70B9FFE7009858B1F8
:10571000FFE70198009900EB4111D1F8000920F052
:105720008040C1F80009FFE70198009900EB4111A2
:10573000D1F8000940F40010C1F8000921E00198F7
:10574000009900EB4110D0F8000BC00F70B9FFE7D3
:10575000009858B1FFE70198009900EB4111D1F88A
:10576000000B20F08040C1F8000BFFE70198009982
:1057700000EB4111D1F8000B40F40010C1F8000B10
:10578000FFE7002004B0704780B588B0079006910D
:105790008DF81720079804900698007803900698D3
:1057A0004078012840F01C81FFE706980069F8B9AD
:1057B000FFE70498039900EB4111D1F810096FF34A
:1057C000DC40C1F810090498039900EB4111D1F8AD
:1057D000100940F40020C1F810090498039900EB67
:1057E0004111D1F810096FF31200C1F8100969E0F6
:1057F0000498039900EB4111D1F810096FF31200DE
:10580000C1F810090498039900EB4111D1F810096F
:105810006FF3DC40C1F810090398A8B9FFE70698B8
:1058200081680069884204D9FFE7069988680861A1
:10583000FFE70498039900EB4111D1F8100940F4F7
:105840000020C1F8100915E0069881680069084435
:105850000138B0FBF1F10020C1F6F87000EAC14256
:105860000498039900EB4111D1F810091043C1F8D5
:105870001009FFE7069802696FF3DF420498039965
:1058800000EB4111D1F810091043C1F81009069836
:105890000079012815D1FFE70498039900EB411125
:1058A000D1F8100920F0C040C1F8100904980399FC
:1058B00000EB4111D1F8100940F00050C1F8100977
:1058C000FFE7FFE79DF8170001283BD1FFE70698A7
:1058D000C06948B1FFE70698C0690499039A01EBD3
:1058E0004211C1F81409FFE70698007901281ED17A
:1058F000FFE70498D0F80808C00500280BD4FFE79C
:105900000498039900EB4111D1F8000940F00050D0
:10591000C1F800090AE00498039900EB4111D1F89D
:10592000000940F08050C1F80009FFE7FFE7049844
:10593000039900EB4111D1F8000940F00440C1F88F
:1059400000094CE00498039900EB4111D1F80009DB
:1059500040F00440C1F8000906980079012813D0EE
:10596000FFE70698006970B1FFE70698007800F03D
:105970000F01012000FA01F20499D1F83408104314
:10598000C1F83408FFE729E00498D0F80808C005FA
:1059900000280BD4FFE70498039900EB4111D1F8DC
:1059A000000940F00050C1F800090AE0049803998A
:1059B00000EB4111D1F8000940F08050C1F8000916
:1059C000FFE70798069BD9681A781B8A9DF817C0CD
:1059D000EE46CEF800C000F06FFCFFE7FFE7C4E042
:1059E0000498039900EB4111D1F8100B6FF31200EA
:1059F000C1F8100B0498039900EB4111D1F8100B7A
:105A00006FF3DC40C1F8100B039818BBFFE7069852
:105A1000006920B1FFE7069988680861FFE70699E9
:105A2000886808620698026A6FF3DF420498039957
:105A300000EB4111D1F8100B1043C1F8100B049882
:105A4000039900EB4111D1F8100B40F40020C1F88C
:105A5000100B49E006980069C0B9FFE70698826814
:105A60006FF3DF420498039900EB4111D1F8100B5A
:105A70001043C1F8100B0498039900EB4111D1F8C1
:105A8000100B40F40020C1F8100B2CE00698816840
:105A9000006908440138B0FBF1F0ADF80A0006993E
:105AA0008868BDF80A2050430862BDF80A1000203B
:105AB000C1F6F87000EAC1420498039900EB411165
:105AC000D1F8100B1043C1F8100B0698026A6FF35F
:105AD000DF420498039900EB4111D1F8100B1043F9
:105AE000C1F8100BFFE7FFE79DF8170001280ED162
:105AF000FFE70698C06848B1FFE70698C0680499B8
:105B0000039A01EB4211C1F8140BFFE7FFE7069877
:105B1000007901281ED1FFE70498D0F80808C005D5
:105B200000280BD4FFE70498039900EB4111D1F84A
:105B3000000B40F00050C1F8000B0AE004980399F4
:105B400000EB4111D1F8000B40F08050C1F8000B80
:105B5000FFE7FFE70498039900EB4111D1F8000B30
:105B600040F00440C1F8000BFFE7002008B080BD02
:105B700085B004900391002002908DF807000498EE
:105B800000900398407801283ED1FFE700980399E0
:105B9000097800EB4110D0F80009C00F98B3FFE777
:105BA00000980399097800EB4111D1F8000940F001
:105BB0000060C1F8000900980399097800EB4111D1
:105BC000D1F8000940F08040C1F80009FFE70298D1
:105BD00001300290029842F21171884204D3FFE72B
:105BE00001208DF807000DE0FFE700980399097880
:105BF00000EB4110D0F8000900F00040B0F1004F78
:105C0000E5D0FFE7FFE73DE000980399097800EB56
:105C10004110D0F8000BC00F98B3FFE7009803992C
:105C2000097800EB4111D1F8000B40F00060C1F899
:105C3000000B00980399097800EB4111D1F8000B93
:105C400040F08040C1F8000BFFE70298013002905D
:105C5000029842F21171884204D3FFE701208DF8C7
:105C600007000DE0FFE700980399097800EB411069
:105C7000D0F8000B00F00040B0F1004FE5D0FFE796
:105C8000FFE7FFE79DF8070005B070470000000040
:105C900081B000900099886840F001008860002081
:105CA00001B070470000000083B001900020009018
:105CB000FFE70098013000900098B0F1706F04D9B0
:105CC000FFE703208DF80B0024E0FFE7019800694F
:105CD000C00F0028EDD0FFE70020009001991020B0
:105CE0000861FFE70098013000900098B0F1706FF4
:105CF00004D9FFE703208DF80B000BE0FFE70198C4
:105D0000006900F010001028ECD0FFE700208DF8AB
:105D10000B00FFE79DF80B0003B070470000000088
:105D200084B00290019100200090FFE700980130BC
:105D300000900098B0F1706F04D9FFE703208DF850
:105D40000F0026E0FFE702980069C00F0028EDD0A1
:105D5000FFE700200090019880012030029908613F
:105D6000FFE70098013000900098B0F1706F04D9FF
:105D7000FFE703208DF80F000BE0FFE702980069B2
:105D800000F020002028ECD0FFE700208DF80F0065
:105D9000FFE79DF80F0004B070470000000000000E
:105DA00084B00390039802900298D0F8080800F09D
:105DB00006000090009820B9FFE700208DF807004A
:105DC00010E00098022804D0FFE70098062804D1CC
:105DD000FFE702208DF8070003E00F208DF8070091
:105DE000FFE7FFE79DF8070004B0704700000000E0
:105DF00081B000900098406900F0010001B0704748
:105E000082B00190009100980199486602B07047F5
:105E100083B00290029801900198D0F81808009081
:105E20000198D0F81C18009808400090BDF80000B8
:105E300003B070470000000083B002900298019008
:105E40000198D0F8180800900198D0F81C18009814
:105E500008400090BDF8020003B070470000000049
:105E600086B005908DF81310059803900398D0F82C
:105E7000100801900398D0F83408009000989DF81D
:105E8000131001F00F01C84000F00101019840EA31
:105E9000C110019003989DF8131000EB4110D0F849
:105EA0000809019908400290029806B07047000066
:105EB00084B003908DF80B100398019001989DF821
:105EC0000B1000EB4110D0F8080B00900198D0F8AF
:105ED0001418009808400090009804B07047000023
:105EE00082B0019001984069009001988169009802
:105EF00008400090009802B07047000000000000C9
:105F000089B008900791ADF81A2008980590079875
:105F10000490BDF81A0080080190BDF81A0000F046
:105F20000300ADF8020000200290FFE702980199FB
:105F3000884217D2FFE705984FF4805140580499E2
:105F4000086004980130049004980130049004988B
:105F500001300490049801300490FFE7029801306A
:105F60000290E3E7BDF8020008B3FFE700200290CB
:105F700005984FF4805140580390FFE703989DF82F
:105F80000810C900C84004990870029801300290B6
:105F9000049801300490BDF802000138ADF8020009
:105FA000FFE7BDF802000028E8D1FFE7FFE704980B
:105FB00009B070470000000080B586B004908DF8ED
:105FC0000F10002002900499C86820F0C040C860FB
:105FD0009DF80F00012823D1FFE70499C86840F01D
:105FE0000050C860FFE70A20EEF7BAFF02980A30B7
:105FF0000290FFE70498FFF7FBFE0146002001290D
:10600000019007D0FFE702990020C82938BF01207E
:106010000190FFE70198C0070028E4D1FFE72AE0DC
:106020009DF80F0010BBFFE70499C86840F080405E
:10603000C860FFE70A20EEF793FF02980A3002904B
:10604000FFE70498FFF7D4FE01460020009039B125
:10605000FFE702990020C82938BF01200090FFE720
:106060000098C0070028E5D1FFE703E001208DF884
:1060700017000CE0FFE70298C82804D1FFE70120D1
:106080008DF8170003E000208DF81700FFE79DF85A
:10609000170006B080BD000083B002908DF8071095
:1060A000029800900099D1F8000820F4FE60C1F831
:1060B00000089DF8070000F07F020099D1F8000861
:1060C00040EA0210C1F80008002003B07047000049
:1060D00083B002908DF80710029800909DF8072079
:1060E0000099D1F800081043C1F80008002003B05F
:1060F000704700000000000084B0039002918DF80A
:1061000007209DF80700022840F0B880FFE70298BA
:106110004AF6C041C0F2D80188420BD3FFE702988B
:106120004EF2BF11C0F2E401884203D8FFE70F200E
:106130000090A2E002984EF2C011C0F2E401884241
:106140000BD3FFE7029842F2FF31C0F2F40188421C
:1061500003D8FFE70E2000908EE0029842F2004143
:10616000C0F2F40188420BD3FFE7029847F27F3177
:10617000C0F20611884203D8FFE70D2000907AE0B4
:10618000029847F28031C0F2061188420BD3FFE734
:10619000029844F69F11C0F21A11884203D8FFE713
:1061A0000C20009066E0029844F6A011C0F21A118B
:1061B00088420BD3FFE7029842F6FF41C0F231114B
:1061C000884203D8FFE70B20009052E0029842F685
:1061D0000051C0F2311188420BD3FFE702984AF216
:1061E0003F41C0F24C11884203D8FFE70A200090DB
:1061F0003EE002984AF24041C0F24C1188420BD373
:10620000FFE7029843F2FF51C0F26E11884203D8B3
:10621000FFE7092000902AE0029843F20061C0F2F3
:106220006E1188420BD3FFE702984AF61F31C0F285
:10623000A611884203D8FFE70820009016E00298D4
:106240004AF62031C0F2A61188420BD3FFE702982C
:1062500044F2FF71C0F2E811884203D8FFE707203B
:10626000009002E006200090FFE7FFE7FFE7FFE76E
:10627000FFE7FFE7FFE7FFE7FFE70AE09DF807001A
:1062800018B9FFE70920009002E009200090FFE71D
:10629000FFE70399C86820F47050C860009800F0C8
:1062A0000F020399C86840EA8220C860002004B049
:1062B000704700000000000080B588B084460A984E
:1062C000CDF81CC006918DF81720ADF814308DF86C
:1062D000130007980390069802909DF8130048BB9E
:1062E000FFE7BDF814000330800801900020009003
:1062F000FFE70098019988421BD2FFE702980068E7
:1063000003999DF8172001EB02314FF48052885019
:1063100002980130029002980130029002980130F8
:106320000290029801300290FFE70098013000903F
:10633000DFE7FFE7002008B080BD0000000000009C
:10634000FFE7FEE70000000080B509F095FA09F0CC
:1063500053FB80BD0000000080B509F0DDFA09F0B4
:106360006BFB09F091FB80BD80B509F0FDFA09F0E7
:1063700073FB80BD0000000080B509F0A5FA09F0AC
:106380004BFB80BD0000000080B509F04DFA09F01C
:1063900023FB80BD0000000080B509F01DFA09F064
:1063A0000BFB09F069FB80BD80B582B001900091C4
:1063B0000098019948600199002088600098800049
:1063C000EAF730F80199086001980068009989009F
:1063D000EAF78FF902B080BD82B001908DED000A1E
:1063E00001994FF07A50C86001990020C3F6A0705F
:1063F000086101994FF07E504861019988610098C9
:106400000199086001990020C4F27A40486002B006
:10641000704700000000000080B584B0039041F296
:106420000400CEF200000068029002980399096807
:10643000401A00EE100AB8EE400A40F2D430C2F220
:10644000004090ED001AB8EE411A80EE010A8DED81
:10645000010A02980399086001F0B2FD9DED010A5E
:1064600004B080BD0000000084B003908DED020AEE
:10647000039890ED001A90ED050A20EE010A8DEDCB
:10648000010A039890ED011A90ED030A90ED052A98
:1064900022EE011AA1EE020A8DED000A9DED000A1E
:1064A000039890ED041A90ED062A20EE020AA0EE61
:1064B000021A80EE010A80ED020A9DED010A03989E
:1064C0009DED022A90ED021A90ED063AA3EE402AC5
:1064D000A1EE020A80ED000A039890ED021A90EDF9
:1064E000062ABFEE000AA1EE020A9DED001A20EE78
:1064F000410A80ED010A04B070470000000000006E
:1065000083B002908DED010ACDED000A029890ED66
:10651000000A9DED011AB4EE410AF1EE10FA04DA18
:10652000FFE70198029908600FE0029890ED000AD9
:106530009DED001AB4EE410AF1EE10FA04DDFFE71A
:10654000009802990860FFE7FFE703B0704700007A
:1065500086B005908DF81310059845F22C51C2F2C3
:10656000004188425BD1FFE79DF8130001380146E6
:1065700002910A2852D80299DFE801F0060C131A9A
:1065800021272E353C42490040F28820C2F20040CB
:10659000039043E040F28820C2F2004002300390B2
:1065A0003CE040F28820C2F200400430039035E025
:1065B00040F28820C2F20040063003902EE040F204
:1065C0008020C2F20040039028E040F28020C2F216
:1065D00000400230039021E040F28020C2F20040EF
:1065E000043003901AE040F28020C2F200400630EE
:1065F000039013E040F29020C2F2004003900DE0BF
:1066000040F29020C2F200400230039006E040F2D7
:106610009020C2F2004004300390FFE7C7E00598E5
:1066200045F2CC51C2F2004188425BD1FFE79DF8B0
:1066300013000138014601910A2852D80199DFE878
:1066400001F0060C131A21272E353C42490040F276
:10665000D820C2F20040039043E040F2D820C2F2BA
:106660000040023003903CE040F2D820C2F20040EB
:106670000430039035E040F2D820C2F200400630EA
:1066800003902EE040F2D020C2F20040039028E0B8
:1066900040F2D020C2F200400230039021E040F2EC
:1066A000D020C2F20040043003901AE040F2D02023
:1066B000C2F200400630039013E040F2E020C2F244
:1066C000004003900DE040F2E020C2F200400230B2
:1066D000039006E040F2E020C2F200400430039054
:1066E000FFE763E0059845F26C61C2F20041884221
:1066F0005BD1FFE79DF813000138014600910A289D
:1067000052D80099DFE801F0060C131A21272E3524
:106710003C42490040F22830C2F20040039043E07E
:1067200040F22830C2F20040023003903CE040F2D8
:106730002830C2F200400430039035E040F22830A7
:10674000C2F20040063003902EE040F22030C2F248
:106750000040039028E040F22030C2F200400230B6
:10676000039021E040F22030C2F200400430039058
:106770001AE040F22030C2F200400630039013E0ED
:1067800040F23030C2F2004003900DE040F2303071
:10679000C2F200400230039006E040F23030C2F214
:1067A000004004300390FFE7FFE7FFE7FFE70398AF
:1067B00006B070470000000080B582B000F024F8F9
:1067C00040F62420C2F2004090ED000AB8EE400AE4
:1067D000818801EE101AB8EEC11A9FED092AA1EEC8
:1067E000020AC08801EE100AB8EEC11A9FED052A10
:1067F000A1EE020A8DED010A9DED010A02B080BDF5
:106800006F12833ABD378635B0B586B001F0D8FB3C
:1068100041F20400CEF200000068059040F2EC3036
:10682000C2F2004001680598002302934FF0FF3C3C
:106830001A46E1FB0C0240F2E031C2F20041009145
:106840004A6008600868496840F2D434C2F20044E3
:106850002268E9F73DFE029B02468C46009942F60B
:106860009810C2F20040C0F804C00260D1F800C025
:106870004968D0F800E042682468AEFB04E502FBFA
:106880000452BCEB0E0C61EB020242F6A011C2F204
:1068900000410391C1F800C04A60006840F624221C
:1068A000C2F20042049210600868496840F2D8328F
:1068B000C2F2004201921268E9F70AFEDDF804C054
:1068C000029B049A0146039891800168406892886F
:1068D000DCF800C002FB0CF28A1A60F1000042F6FC
:1068E000A811C2F200410A6048600868496840F295
:1068F000DC32C2F200421268E9F7EAFD0499C8806E
:1069000006B0B0BD0000000087B08DED060ACDEDE9
:10691000050A8DED041A039002919DED060A9DED86
:10692000052A30EE420A9DED041A31EE421A80EE3D
:10693000010A8DED010A9DED011A02990398091AC9
:1069400000EE101AB8EEC02A00EE100AB8EEC00A27
:10695000A1EE020ABDEEC00A8DED000A009807B054
:10696000704700000000000080B58AB009908DF8E3
:1069700023108DF822208DF8213046F26621C2F2D4
:10698000004106910420088046F26421C2F20041D1
:10699000082008809DF82300099908739DF82200BB
:1069A000099948739DF82100099988730999002075
:1069B00008749DF82100E9F735FD099948610998A7
:1069C00040699DF82110E9F772FE069800889DF84D
:1069D00021104843E9F726FD0699099A9061099824
:1069E000806909889DF821205143E9F782FE0698C5
:1069F00000889DF821104843E9F714FD0699099A8B
:106A0000D0610998C06909889DF821205143E9F7B0
:106A100070FE069800889DF823104843E9F702FDB0
:106A20000699099A10620998006A09889DF823203E
:106A30005143E9F75EFE9DF82100E9F7F3FC09995F
:106A400048620998406A9DF82110E9F730FE0698DF
:106A500000889DF823104843E9F7E4FC0699099A59
:106A600010600998006809889DF823205143E9F7D0
:106A700040FE069800889DF821104843E9F7D2FCB3
:106A80000699099A50600998406809889DF8212064
:106A90005143E9F72EFE069800889DF822104843DE
:106AA000E9F7C0FC0699099A9060099880680988FE
:106AB0009DF822205143E9F71CFE069800889DF8B6
:106AC00023104843E9F7AEFC0699099AC2F8E8009A
:106AD0000998D0F8E80009889DF823205143E9F788
:106AE00008FE099A02F13000117BD2F8E830012249
:106AF000079209F009F8069800889DF8231048438A
:106B0000E9F790FC0699099AC2F8EC000998D0F8C8
:106B1000EC0009889DF823205143E9F7EAFD079A24
:106B2000099B03F13800197BD3F8EC3008F0ECFF37
:106B30009DF8220010B3FFE746F26620C2F2004043
:106B4000059000889DF822104843E9F76BFC0599F1
:106B5000099AC2F8F0000998D0F8F00009889DF869
:106B600022205143E9F7C5FD099A02F14000517B0B
:106B7000D2F8F030012208F0C7FFFFE746F26620A6
:106B8000C2F20040049000889DF821104843E9F7C4
:106B900049FC0499099AC2F8F4000998D0F8F40065
:106BA00009889DF821205143E9F7A3FD099A02F1D4
:106BB0004800917BD2F8F430012208F0A5FF049838
:106BC00000889DF8231048434843E9F72BFC0499BB
:106BD000099AC2F8F8000998D0F8F80009889DF8D9
:106BE000232051435143E9F784FD099901F15000F5
:106BF0000A7BD1F8F830114608F086FF0498008827
:106C00009DF8231048434843E9F70CFC0499099A7E
:106C1000C2F8FC000998D0F8FC0009889DF82320F0
:106C200051435143E9F765FD099901F158000A7B89
:106C3000D1F8FC30114608F067FF049800889DF8F1
:106C4000231048434843E9F7EDFB01460498099AAD
:106C5000C2F8001100889DF8231048434843E9F723
:106C6000E1FB0499099AC2F804010998D0F80001DF
:106C700009889DF8232051435143E9F73AFD0499CF
:106C80000998D0F8040109889DF823205143514305
:106C9000E9F72FFD099901F160000A7BD1F8003175
:106CA000114608F031FF099901F168000A7BD1F81B
:106CB0000431114608F028FF9DF8220040B3FFE799
:106CC00046F26620C2F20040039000889DF823102F
:106CD00048439DF822104843E9F7A4FB0399099A19
:106CE000C2F808010998D0F8080109889DF8232006
:106CF00051439DF822205143E9F7FBFC099B03F126
:106D00007000197B5A7BD3F8083108F0FDFEFFE7CD
:106D100046F26620C2F20040019000889DF82110E2
:106D200048439DF823104843E9F77CFB014601984E
:106D3000099AC2F80C1100889DF8231048439DF869
:106D400021104843E9F76EFB0199099AC2F8100136
:106D50000998D0F80C0109889DF8212051439DF82D
:106D600023205143E9F7C5FC01990998D0F8100197
:106D700009889DF8232051439DF821205143E9F7CC
:106D8000B8FC099B03F178001A7B997BD3F80C318E
:106D900008F0BAFE099B03F18000197B9A7BD3F8B7
:106DA000103108F0B1FE019800889DF82310484387
:106DB0004843E9F737FB0199099AC2F81401099889
:106DC000D0F8140109889DF8232051435143E9F775
:106DD00090FC099901F188000A7BD1F81431114621
:106DE00008F092FE019800889DF82110484348431E
:106DF000E9F718FB0199099AC2F818010998D0F827
:106E0000180109889DF8212051435143E9F771FC8D
:106E1000099901F190008A7BD1F81831114608F0E8
:106E200073FE019800889DF8231048439DF82110B7
:106E30004843E9F7F7FA0199099AC2F81C01099841
:106E4000D0F81C0109889DF8232051439DF821208A
:106E50005143E9F74EFC099B03F19800197B9A7B9B
:106E6000D3F81C3108F050FE019800880999097B7D
:106E700048434843E9F7D6FA01460198099AC2F80F
:106E8000201100880999097B48434843E9F7CAFA69
:106E900001460198099AC2F8241100880999097BD2
:106EA00048434843E9F7BEFA01460198099AC2F8F7
:106EB000281100880999097B4843E9F7B3FA01468C
:106EC0000198099AC2F82C1100880999097B484356
:106ED000E9F7A8FA0999C1F83001099901F1A00070
:106EE0000A7BD1F82031114608F00EFE099901F114
:106EF000A8000A7BD1F82431114608F005FE099953
:106F000001F1B0000A7BD1F82831114608F0FCFDF0
:106F1000099A02F1B800117BD2F82C3101220292B9
:106F200008F0F2FD029A099B03F1C000197BD3F827
:106F3000303108F0E9FD0999002081F8280009990D
:106F400081F82900099981F82A00099981F82B0014
:106F5000099981F82C000AB080BD000000000000F3
:106F600080B582B00190019890F82A00002872D173
:106F7000FFE7019901F17800803109F071F9019979
:106F800081F8C8000199B1F87800A1F8A80001992A
:106F9000B1F85A00A1F8AA00019A02F1780002F1B2
:106FA0005801A83209F0A0F8019981F8C8000199A8
:106FB000B1F8A800A1F8B0000199B1F88200A1F8D9
:106FC000B200019A02F1A80002F18001B03209F08A
:106FD0008BF8019981F8C8000199B1F89000A1F8E7
:106FE000A0000199B1F89200A1F8A200019A02F163
:106FF000B00002F19001A03208F052FD019981F831
:10700000C800019901F1A000B03108F091FD01998B
:1070100081F8C8000199B1F85800A1F8A8000199B9
:10702000B1F88200A1F8AA00019A02F1580002F119
:107030008001A83209F058F8019981F8C800019A36
:1070400002F1A80002F1B001983209F04DF801995F
:1070500081F8C800FFE702B080BD0000000000001A
:1070600080B584B00390ADF80A10039942F6302041
:10707000C2F20040019000F6D85001F0C1FF019823
:1070800003F0FAFF04B080BD80B582B0019000919A
:10709000019942F63020C2F2004000F6F46002F09E
:1070A0009FFE02B080BD000083B002900191ADF858
:1070B000022003B07047000080B584B003900398AD
:1070C00000F0D2F80398D0F8CC0028B1FFE703987D
:1070D000D0F8CC108847FFE7039800F0C9FE03986A
:1070E000D0F8D00028B1FFE70398D0F8D010884737
:1070F000FFE7039800F0E4FD0398D0F8D40028B12E
:10710000FFE70398D0F8D4108847FFE70398007C86
:1071100020B9FFE70398C07BF0B9FFE70398FFF7BA
:107120001FFF0398D0F8D80028B1FFE70398D0F8E4
:10713000D8108847FFE7039800F06AFD0398D0F85D
:10714000DC0028B1FFE70398D0F8DC108847FFE7A0
:10715000039800F0E1F91BE0039BD3F8E800D3F8B3
:10716000EC1046F26622C2F20042019212881B7BAA
:107170005A43E9F76AFA019A039BD3F8F800D3F867
:10718000FC1012881B7B5A435A43E9F75EFAFFE76B
:107190000398D0F8E00028B1FFE70398D0F8E0109A
:1071A0008847FFE700208DF80B00FFE79DF80B00F4
:1071B0000399097B88422CDAFFE70398D0F8F8207E
:1071C0009DF80B10037B11FB031302EB830292ED7E
:1071D000000A006A00EB810090ED001AB4EE410A4B
:1071E000F1EE10FA0EDAFFE7039B186A9DF80B2008
:1071F00050F82200D3F8F8101B7B12FB032241F851
:107200002200FFE7FFE79DF80B0001308DF80B002F
:10721000CCE7039B1868D3F8E81046F26622C2F266
:10722000004212881B7B5A43E9F70FFA0398D0F803
:10723000E40028B1FFE70398D0F8E4108847FFE79F
:107240000398006804B080BD80B582B00190ADF8AD
:107250000210019942F63020C2F2004000F6F460BC
:1072600002F002FE02B080BD80B582B001900198AC
:10727000C07B20B1FFE7019800F0C2FE16E0019B41
:10728000D3F8F400596846F26622C2F20042009236
:1072900012889B7B5A43E9F7D8F90099019A506804
:1072A0000988927B5143E9F724FAFFE7019BD3F861
:1072B000F000996846F26622C2F2004212885B7BB7
:1072C0005A43E9F7C2F902B080BD00000000000097
:1072D00080B546F2C810C2F2004001680131016079
:1072E0000068B0F5FA6F07D9FFE746F26821C2F2ED
:1072F000004101200870FFE742F63020C2F2004052
:1073000003F076FF45F20C70C2F20040EFF794FBF9
:1073100046F26820C2F200400078C007002851D031
:10732000FFE742F63020C2F2004003F045FFF9F7D4
:107330002FF9F9F7CDFD42F6B010C2F20040016816
:107340000131016042F6B812C2F200421168013107
:10735000116042F6B412C2F20042116801311160AC
:10736000006805280FD1FFE740F28840C2F20040D4
:10737000F9F79EFEF9F78CFE42F6B011C2F2004119
:1073800000200860FFE742F6B810C2F20040006833
:10739000642807D1FFE742F6B811C2F2004100208D
:1073A0000860FFE742F6B410C2F2004000684428CB
:1073B00007D1FFE742F6B411C2F200410020086095
:1073C000FFE7FFE780BD000080B58AB08DED090AB8
:1073D000CDED080A8DED071ACDED061A8DED052AC3
:1073E000049004990120087009980499C1F8B0012B
:1073F00008980499C1F8B40107980499C1F8B80134
:1074000004994CF67740C3F22B20C1F8CC010499C3
:10741000002081F838010499C1F84401C1F8400105
:107420000499C1F84C01C1F848019DED060AB7EE78
:10743000001AB4EE410AF1EE10FA04DDFFE74FF056
:107440007E500690FFE706980499C1F8D001059890
:107450000499C1F890010498043006210022019299
:107460000323FFF781FA049901F5E07001F5E47355
:1074700001220292114608F047FB01990298049AF2
:10748000D2F8EC304FF07E521A60049AD2F8EC2019
:107490005160049AD2F8EC209160049AD2F8EC2062
:1074A000D160049A48F2F921C0F60101C2F8D01067
:1074B000049A48F6A111C0F60101C2F8D410049A4A
:1074C00048F29111C0F60101C2F8D810049A48F2AE
:1074D0004131C0F60101C2F8DC10049981F82E0098
:1074E000049981F82F000498D0F8040141F6700146
:1074F000C0F6020190220392E9F7A7F8039A0498D4
:10750000D0F8FC0040F23001C2F20041E9F79DF8EA
:107510000AB080BD0000000080B582B001900198E3
:1075200090F82C00B0BBFFE70199B1F89800A1F8E2
:10753000A8000199B1F87A00A1F8AA000199B1F860
:10754000A800A1F8B0000199B1F85A00A1F8B20062
:10755000019A02F1980002F17801A83208F0C4FD06
:10756000019981F8C800019A02F1A80002F15801BE
:10757000B03208F0B9FD019981F8C800019A02F112
:10758000580002F1B001503208F036FE019981F83E
:10759000C800FFE702B080BD84B003900291039859
:1075A0000190029800900198407800990870019825
:1075B00000780099487004B0704700000000000097
:1075C00080B542F63020C2F2004000F6C87007F0E5
:1075D000C3FB42F6BC11C2F20041086801300860EA
:1075E00064200860002038B9FFE742F6BC11C2F2FF
:1075F000004100200860FFE780BD0000000000009F
:1076000080B590B009A9069181ED060AC1ED050A81
:1076100081ED041AC1ED031A81ED022AC1ED012AA0
:1076200081ED003A08900898007870B9FFE7089853
:10763000B2EE040ADFEDD10A9FEDD11AF7EE001A7F
:107640009FEDD02AFFF7C0FEFFE706980999089A38
:10765000C2F8BC1190ED060A089991ED581A30EE67
:10766000410A81ED5B0A90ED050A089991ED591ADE
:1076700030EE410A81ED5C0A90ED040A089991ED23
:107680005A1A30EE410A81ED5D0A089991ED5B0AC4
:10769000B6EE001A20EE010A90ED002A20EE020A52
:1076A00042F6C411C2F20041059181ED000A089929
:1076B00091ED5C0A20EE010A90ED002A20EE020A0C
:1076C00042F6C811C2F20041049181ED000A089906
:1076D00091ED5D0A20EE010A90ED001A20EE010AFC
:1076E00042F6CC10C2F20040039080ED000A0898E8
:1076F000D0F8040141F67001C0F602019022E8F7CB
:10770000A4FF039A0499059890ED000AB1EE400A8F
:10771000089BD3F8043183ED010A91ED000AB1EE24
:10772000400A089BD3F8043183ED020A92ED000A67
:10773000B1EE400A089BD3F8043183ED030A0368D5
:10774000DDF820C0DCF804C1CCF818301368DDF88F
:1077500020C0DCF804C1CCF8203091ED000AB1EE75
:10776000400A089BD3F8043183ED090A0B68DDF861
:1077700020C0DCF804C1CCF8303092ED000AB1EE44
:10778000400A089BD3F8043183ED0D0A0368DDF845
:1077900020C0DCF804C1CCF83C301268089BD3F858
:1077A00004319A640968089AD2F80421D16490EDF2
:1077B000000AB1EE400A0898D0F8040180ED140ADE
:1077C0000899D1F84801D1F84C11084368B9FFE78E
:1077D0000C980899C1F878010B980899C1F87C01B8
:1077E0000A980899C1F88001FFE70699089890ED7A
:1077F0005E0A90ED641A90ED6F3A20EE010A33EEC6
:10780000012A80EE020A91ED031A21EE031A81EE9D
:10781000021A30EE010A80ED5E0A089890ED5F0AC8
:1078200090ED641A90ED6F3A20EE010A33EE012AD2
:1078300080EE020A91ED021A21EE031A81EE021A7D
:1078400030EE010A80ED5F0A089890ED600A90ED35
:10785000641A90ED6F3A20EE010A33EE012A80EEB1
:10786000020A91ED011A21EE031A81EE021A30EE9E
:10787000010A80ED600A089890ED5E2A90ED5F0A9B
:1078800090ED601A20EE000AA2EE020AA1EE010AB3
:1078900001F0B6F942F6C010C2F2004080ED000AD5
:1078A00000208DF81F00FFE79DF81F0002281BDC59
:1078B000FFE708989DF81F1000EB810292ED5E0A29
:1078C00042F6C012C2F2004292ED001A20EE010A06
:1078D000806800EB810080ED000AFFE79DF81F0043
:1078E00001308DF81F00DFE7089890ED5B2A90EDDE
:1078F0005C0A90ED5D1A20EE000AA2EE020AA1EEEB
:10790000010A01F07DF9B0EE401AB7EE000A80EEF0
:10791000011A089880ED651A42F6C010C2F20040C4
:1079200090ED001A80EE010A089880ED660A08982A
:1079300090ED650A9FEDAF1AB4EE410AF1EE10FA30
:1079400022DAFFE7089890ED660A9FEDAB1AB4EED5
:10795000410AF1EE10FA17DDFFE7089890ED660A8C
:107960009FEDA61AB4EE410AF1EE10FA0CDAFFE729
:107970000899012081F839010BE000BF6F12833AAA
:107980008096184B000000000899002081F839010A
:10799000FFE7089890ED6C0A90ED6F1A20EE010A4F
:1079A000D0F8180180ED000A089890ED6C0A90ED6F
:1079B0006F1A20EE010AD0F8180180ED070A089826
:1079C00090ED6C0A90ED6F1A20EE010AD0F81801C4
:1079D00080ED0E0A089890ED6C0A90ED6F1A20EE7B
:1079E000010AD0F8180180ED150A089890ED6D0A8B
:1079F00090ED6F1A20EE010AD0F8180180ED1C0AF4
:107A0000089890ED6D0A90ED6F1A20EE010AD0F8FB
:107A1000180180ED230A0898D0F81C11D0F8B8019D
:107A200008600898D0F81C11D0F8B80108610898CF
:107A3000D0F81C11D0F8B801086208980430FFF79C
:107A40003BFB089948680068C1F8500108994868EC
:107A50004068C1F85401089948688068C1F8580125
:107A600008994868C068C1F85C01089948680069CD
:107A7000C1F86001089948684069C1F8640140F2A2
:107A80000020C2F2004000680899C1F86801089817
:107A900090ED542A90ED551A90ED560A90ED573A14
:107AA00021EE000AA2EE030A30EE000A21EE011ACE
:107AB000A2EE021AB0EE002A8DED012AFFEE000AB6
:107AC000CDED000AE1EE020A08F07CFDDDED000AD2
:107AD0009DED012A9FED4A1A8DED021A20EE010A52
:107AE000089880ED6A0A089890ED543A90ED554A4E
:107AF00090ED560A90ED571A20EE010AA3EE040A03
:107B000030EE000A21EE011AA3EE031AE1EE020A9A
:107B100008F058FD9DED021A20EE010A089880ED4C
:107B2000690A089890ED540A90ED551A90ED563A6E
:107B300090ED572A20EE030A91EE020AB8EE001AE1
:107B400020EE010A08F0A8FC9DED021A20EE010AC1
:107B5000089880ED680A089890ED6A0A90ED761A08
:107B600030EE410A9FED271AB4EE410AF1EE10FA09
:107B700007DDFFE70899B1F8D4010138A1F8D40175
:107B800016E0089890ED6A0A90ED761A30EE410AF8
:107B90009FED1D1AB4EE410AF1EE10FA07DAFFE785
:107BA0000899B1F8D4010130A1F8D401FFE7FFE74B
:107BB0000898B0F9D41100EE101AB8EEC01A90ED82
:107BC0006A0A9FED122AA1EE020A80ED6B0A08995B
:107BD000D1F8A801C1F8D8010899D1F84821D1F805
:107BE0004C01013240F10000C1F84821C1F84C01BC
:107BF00010B080BD9A99993ECDCC1441CDCC244192
:107C0000E12E654200003443000034C30000B44359
:107C100080B582B00190019890F82B0000284BD1DC
:107C2000FFE70199B1F87800A1F8B80001990120A7
:107C30000090A1F8BA00019A02F1780002F138012F
:107C4000B83208F051FA01460098019A82F8C8103B
:107C5000019AB2F84810A2F8C0100199A1F8C20028
:107C6000019A02F1480002F1B801C03208F0C4FAEA
:107C700001460098019A82F8C810019AB2F898104B
:107C8000A2F8B8100199A1F8BA00019A02F198007F
:107C900002F1C001B83208F027FA019981F8C80052
:107CA000019A02F1380002F1B801303207F0F8FE13
:107CB000019981F8C800FFE702B080BD0000000014
:107CC00080B582B00190019890F82900A8BBFFE729
:107CD000019901F16000683108F0C2FA019981F858
:107CE000C800019A02F1600002F15001583208F018
:107CF000FBF9019981F8C8000199B1F85800A1F881
:107D0000A8000199B1F86A00A1F8AA00019A02F14D
:107D1000580002F16801A83208F0E6F9019981F8EB
:107D2000C800019A02F1A80002F18801583207F058
:107D3000B7FE019981F8C800FFE702B080BD0000DE
:107D400080B582B0019001980068A0F20120014640
:107D50000091042846D80099DFE801F003101D2A9D
:107D60003700019800F1280142F63020C2F20040AD
:107D700041F64C22104405F067FB33E0019800F116
:107D8000280142F63020C2F2004041F67032104421
:107D900005F05AFB26E0019800F1280142F6302058
:107DA000C2F2004041F69442104405F04DFB19E048
:107DB000019800F1280142F63020C2F2004041F65D
:107DC000D072104405F0C8F80CE0019800F12801C9
:107DD00042F63020C2F2004041F6B852104405F09D
:107DE0005FFEFFE702B080BD80B582B001900198D0
:107DF0000068009040F2012188420CD0FFE7009813
:107E000040F20221884213D0FFE7009840F203219C
:107E100088421AD026E0019800F1280142F630206D
:107E2000C2F2004041F27C42104405F095F819E09E
:107E3000019800F1280142F63020C2F2004041F2E0
:107E40009452104405F088F80CE0019800F12801E4
:107E500042F63020C2F2004041F2AC62104405F01C
:107E60007BF8FFE702B080BD81B0009001B07047A1
:107E700080B582B00190019890F82800002846D182
:107E8000FFE70198407B012834DBFFE70199087B7D
:107E9000A1F8B800019901200090A1F8BA00019A58
:107EA00002F1600002F13001B83208F01DF901461C
:107EB0000098019A82F8C810019A117BA2F8C010AC
:107EC0000199A1F8C200019A02F1700002F140018B
:107ED000C03208F009F9019981F8C800019A02F14D
:107EE000B80002F1C001383207F0DAFD019981F8DB
:107EF000C8000BE0019A02F1600002F13001383253
:107F000008F0F2F8019981F8C800FFE7FFE702B036
:107F100080BD00000000000081B08DED000A9DEDE5
:107F2000000AB0EEC00A01B0704700000000000077
:107F300082B08DED010A9DED010AB5EE400AF1EE29
:107F400010FA05DDFFE79DED010A8DED000A06E060
:107F50009DED010AB1EE400A8DED000AFFE79DEDAF
:107F6000000A02B07047000083B08DED020A41F2B2
:107F70000400CEF200000068019002980090FFE734
:107F800041F20400CEF2000000680199401A00EEB0
:107F9000100AB8EE400A9DED001A40F2D430C2F249
:107FA000004090ED002AB8EE422A21EE021AB4EE0B
:107FB000410AF1EE10FA01DAFFE7E1E703B070479A
:107FC00081B041F20400CEF20000006800900098F9
:107FD00040F2E831C2F200410968884208D2FFE766
:107FE00040F2EC31C2F20041086801300860FFE75E
:107FF000009840F2E831C2F20041086001B07047D9
:1080000080B584B003900399002001900874039B0D
:10801000D3F8F400596846F26622C2F20042009298
:1080200012889B7B5A43E8F710FB0099039A50682B
:108030000988927B5143E8F75CFB0099039AD2F8D8
:1080400018010988927B51435143E8F752FB00998C
:10805000039AD2F80C010988137B927B5943514350
:10806000E8F747FB01988DF80B00FFE79DF80B0040
:108070000399897B884243DAFFE70398D0F8F4003C
:108080009DF80B1000EB810090ED000AB5EE400A60
:10809000F1EE10FA2DD0FFE7039AD2F8F4109DF814
:1080A0000B0051F82000127C41F822009DF80B00D3
:1080B000039A516A127C8854DDF80CC0DCF8180071
:1080C0009DF80BE050F82E00DCF80C119CF80C2009
:1080D0009CF81030DCF814C01CF80EC012FB03C270
:1080E00001EB820141F8040C0399087C013008740B
:1080F000FFE7FFE79DF80B0001308DF80B00B5E7B7
:1081000000208DF80A00FFE79DF80A000399097C1A
:10811000884216DAFFE7039BD869596A9DF80A205E
:10812000895C50F82100D3F818111B7C12FB032244
:1081300041F82200FFE79DF80A0001308DF80A009F
:10814000E2E70399087CA1F878000399087BA1F87D
:108150007A000399087BA1F880000399087CA1F8B4
:1081600082000399087CA1F890000399087CA1F88B
:1081700092000399087BA1F898000399087CA1F864
:108180009A000399087CA1F8480004B080BD000063
:1081900080B586B005900598D0F8EC0090ED000A07
:1081A00030EE000A42F6DC10C2F20040019080ED91
:1081B000000A0598D0F8EC0090ED010A30EE000AB4
:1081C00042F6E010C2F20040029080ED000A0598ED
:1081D000D0F8EC0090ED020A30EE000A42F6E4100E
:1081E000C2F20040039080ED000A0598D0F8EC0040
:1081F00090ED030A30EE000A42F6E810C2F20040A9
:10820000049080ED000A059BD3F80C0146F266212C
:10821000C2F2004109881A7B9B7B59435143E8F71E
:1082200068FA019B029A0399049891ED000AB1EE55
:10823000400ADDF814C0DCF80CC18CED000AD0F85F
:1082400000C0DDF814E0DEF80CE1CEF804C093EDD8
:10825000000AB1EE400ADDF814C0DCF80CC18CED68
:10826000020AD2F800C0DDF814E0DEF80CE1CEF826
:108270000CC0D2F800C0DDF814E0DEF80CE1CEF856
:1082800018C0D3F800C0DDF814E0DEF80CE1CEF839
:108290001CC0D0F800C0DDF814E0DEF80CE1CEF828
:1082A00020C0D1F800C0DDF814E0DEF80CE1CEF813
:1082B00024C01B68DDF814C0DCF80CC1CCF83030E9
:1082C00092ED000AB1EE400A059AD2F80C2182ED37
:1082D0000D0A91ED000AB1EE400A0599D1F80C1192
:1082E00081ED0E0A00680599D1F80C11C86306B03B
:1082F00080BD00000000000080B582B001900198B0
:10830000D0F8F81040F23000C2F200409022E8F7B6
:108310009CF90198D0F81C1140F24040C2F2004094
:1083200048220092E8F791F9009A0198D0F80C11D0
:1083300040F2F830C2F20040E8F787F902B080BDA1
:1083400080B586B00590059901F17800803107F07D
:1083500087FF059981F8C8000599B1F87800A1F860
:10836000A8000599B1F85A00A1F8AA00059A02F1EF
:10837000780002F15801A83207F0B6FE059981F89D
:10838000C8000599B1F8A800A1F8B0000599B1F8A6
:108390008200A1F8B200059A02F1A80002F1800162
:1083A000B03207F0A1FE059981F8C8000599B1F82F
:1083B0009000A1F8A0000599B1F89200A1F8A200E0
:1083C000059A02F1B00002F19001A03207F068FBBB
:1083D000059981F8C800059901F1A000B03107F0B6
:1083E000A7FB059981F8C8000598D0F8EC00006853
:1083F00042F6EC13C2F2004318600598D0F8EC0086
:10840000406842F6F012C2F2004210600598D0F8BF
:10841000EC00806842F6F411C2F200410860059851
:10842000D0F8EC00D0F80CC042F6F810C2F20040D0
:10843000C0F800C0DDF814E0BEF878C0AEF8B8C0EF
:10844000DDF814E04FF0010CAEF8BAC092ED001A5E
:1084500090ED002A93ED000A91ED003A20EE030A18
:1084600091EE020A30EE000ADDF814C0DCF82CC1EF
:108470008CED000A93ED001A92ED002A91ED000AAE
:1084800090ED003A20EE030AA1EE020A30EE000A57
:10849000DDF814C0DCF82CC18CED010A93ED001A54
:1084A00092ED000A20EE000A91EE010A91ED001A09
:1084B000A1EE410A90ED001AA1EE010A0598D0F84C
:1084C0002C0180ED020A00208DF81300FFE79DF8D3
:1084D000130002281EDCFFE70598D0F82C019DF858
:1084E000131000EB810090ED000AB0EEC00A07F017
:1084F00047FF9DF8131040F20850C2F2004000EB15
:10850000810080ED610AFFE79DF8130001308DF8CE
:108510001300DCE70599B1F84800A1F8C0000599FF
:1085200001200190A1F8C200059A02F1480002F171
:10853000B801C03207F060FE01460198059A82F842
:10854000C810059AB2F8C010A2F8A8100599A1F8B1
:10855000AA00059A02F1B00002F1C001A83207F0AA
:10856000C3FD01460198059A82F8C8100599A1F843
:10857000B8000599B1F8C000A1F8BA00059901F159
:10858000C000B83107F06CFE059981F8C800059964
:1085900001F1B800A83140F20852C2F20042029242
:1085A00002F5E07207F0A0FD01460298059A82F8F4
:1085B000C81090ED720A90ED731AB6EE002A21EE03
:1085C000021AB4EE410AF1EE10FA08DAFFE740F2BF
:1085D0000851C2F20041012081F83801FFE740F262
:1085E0000850C2F2004090ED720A90ED731AB4EE9A
:1085F000410AF1EE10FA64DDFFE740F20850C2F2E2
:10860000004090F8380100285BD0FFE740F20850A6
:10861000C2F2004090F8390180B1FFE740F2085102
:10862000C2F20041D1F84021D1F84401013240F1B9
:108630000000C1F84021C1F8440109E040F20851AE
:10864000C2F200410020C1F84401C1F84001FFE737
:1086500040F20850C2F20040D0F84011D0F8440176
:10866000333970F100000BD3FFE740F20851C2F23A
:108670000041002081F83801059981F82C001FE0A5
:10868000059BD3F8E800D3F8EC1046F26622C2F25C
:108690000042009212881B7B5A43E7F7D6FF009AEC
:1086A000059BD3F8F800D3F8FC1012881B7B5A43C3
:1086B0005A43E7F7CAFF0599012081F82C0063E1CE
:1086C00042E040F20850C2F2004090ED720A90ED94
:1086D000731A9FEDAE2A21EE021AB4EE410AF1EEB2
:1086E00010FA1BDDFFE740F20850C2F2004090F89C
:1086F000380198B1FFE740F20850C2F2004090ED17
:10870000720A90ED731A31EE400A9FEDA12A21EE14
:10871000021A80EE010A80ED670A08E040F2085173
:10872000C2F200414FF07E50C1F89C01FFE740F2D9
:108730000851C2F200410020C1F84401C1F84001D3
:10874000059981F82C00FFE70599B1F85800A1F8C8
:10875000A8000599B1F88200A1F8AA00059A02F1D3
:10876000580002F18001A83207F0BEFC059981F89B
:10877000C800059A02F1A80002F1B001983207F092
:10878000B3FC059981F8C80000208DF81200FFE7BE
:108790009DF81200059AB2F89810B2F89A20514349
:1087A00088421ADAFFE740F20850C2F2004090ED2A
:1087B000671A0598D0F81C019DF8121000EB810093
:1087C00090ED000A20EE010A80ED000AFFE79DF817
:1087D000120001308DF81200DAE704208DF8110044
:1087E000FFE79DF81100052835DCFFE700208DF834
:1087F0001000FFE79DF81000022825DCFFE79DF838
:10880000111040F20850C2F2004000EB810090EDE0
:108810005D0A9FED621A80EE011A0598D0F81C01DE
:1088200001EB41019DF81020114400EB810090ED17
:10883000000A20EE010A80ED000AFFE79DF8100013
:1088400001308DF81000D5E7FFE79DF811000130E9
:108850008DF81100C5E70599B1F89800A1F8B800A6
:1088600005990120A1F8BA00059A02F1980002F1D9
:10887000C001B83207F038FC059981F8C80040F211
:108880000850C2F2004090F8380100286BD0FFE792
:1088900004208DF80F00FFE79DF80F00052861DC2C
:1088A000FFE70598D0F8BC009DF80F1000EB8100A1
:1088B00090ED000A40F20850C2F2004090ED6F1AAD
:1088C0009FED342A21EE021AB4EE410AF1EE10FABD
:1088D00014DDFFE740F20850C2F2004090ED6F0A4D
:1088E0009FED2C1A20EE010A0598D0F8BC009DF8E7
:1088F0000F1000EB810080ED000AFFE70598D0F82B
:10890000BC009DF80F1000EB810090ED000A40F2D2
:108910000850C2F2004090ED6F1A9FED1F2A21EE21
:10892000021AB4EE410AF1EE10FA14DAFFE740F24F
:108930000850C2F2004090ED6F0A9FED171A20EE2A
:10894000010A0598D0F8BC009DF80F1000EB8100DB
:1089500080ED000AFFE7FFE79DF80F0001308DF87A
:108960000F0099E7FFE70598D0F8BC100020C86019
:10897000059A02F1380002F1B801303207F090F8A0
:10898000059981F8C800FFE706B080BDCDCCCC3D8D
:108990006666663F0AD7233C0AD723BCDA0FC93F75
:1089A00080B584B003900398D0F8EC00006842F6DC
:1089B000FC13C2F2004318600398D0F8EC00406842
:1089C00042F60022C2F2004210600398D0F8EC0098
:1089D000806842F60421C2F2004108600398D0F892
:1089E000EC00D0F80CC042F60820C2F20040C0F8FB
:1089F00000C093ED001A92ED000A20EE000AA1EEED
:108A0000010A91ED001AA1EE010A90ED001AA1EE03
:108A1000010A00F0F5F842F60C20C2F2004080EDA9
:108A2000000A00208DF80B00FFE79DF80B000328DB
:108A30001ADCFFE742F60C20C2F2004090ED001A6B
:108A40000398D0F8EC009DF80B1000EB810090ED3E
:108A5000000A20EE010A80ED000AFFE79DF80B00F6
:108A600001308DF80B00E0E742F60021C2F2004130
:108A700091ED000A40F20850C2F20040009090EDE3
:108A80006F1A20EE010AB0EE001A8DED011A80EE89
:108A9000010A039AD2F8002182ED040A42F6042268
:108AA000C2F2004292ED000A90ED6F2A20EE020A17
:108AB00080EE010A039BD3F8003183ED050A42F6EC
:108AC000FC13C2F2004393ED000A90ED6F2A20EEF2
:108AD000420A80EE010ADDF80CC0DCF800C18CED22
:108AE0000A0A42F6082CC2F2004C9CED000A90EDF6
:108AF0006F2A20EE020A80EE010ADDF80CE0DEF8B3
:108B000000E18EED0B0A9CED000A90ED6F2A20EE3D
:108B1000420A80EE010ADDF80CC0DCF800C18CEDE1
:108B2000100A93ED000A90ED6F2A20EE420A80EEC3
:108B3000010A039BD3F8003183ED110A92ED000A7C
:108B400090ED6F2A20EE020A80EE010A039AD2F815
:108B5000002182ED160A91ED000A90ED6F2A20EEB9
:108B6000420A80EE010A0399D1F8001181ED170A3B
:108B700090ED741A0399D1F8F81091ED1C0A80EE6B
:108B8000010A81ED1C0A90ED741A0398D0F8F800E0
:108B900090ED230A80EE010A80ED230A0398D0F8B5
:108BA000F80090ED1C0A9FED151AB4EE410AF1EEA3
:108BB00010FA09DDFFE70398D0F8F81044F200003E
:108BC000C4F21C600867FFE70398D0F8F80090ED46
:108BD000230A9FED0A1AB4EE410AF1EE10FA0ADDFB
:108BE000FFE70398D0F8F81044F20000C4F21C60CC
:108BF000C1F88C00FFE704B080BD00BF00401C46F8
:108C000084B08DED030A9DED030AB6EE001A20EE46
:108C1000010A8DED020A03980190019800900099D5
:108C200045F68620C5F63770A0EB610000900098ED
:108C300001909DED011A9DED020A20EE012ABFEE82
:108C4000080AA2EE010A20EE410A8DED010A9DED0F
:108C5000010A04B07047000081B00090009890EDC8
:108C6000190A01B07047000081B00090009890EDA3
:108C70001A0A01B07047000087B0069005918DF880
:108C800013208DF812309DF812000146039101283F
:108C900008D0FFE70398022820D0FFE703980328B5
:108CA00038D053E09DF8130001460291012808D006
:108CB000FFE70298022808D0FFE70298032808D0AF
:108CC0000BE005990020087007E005990420087062
:108CD00003E0059901200870FFE737E09DF81300D5
:108CE00001460191012808D0FFE70198022808D029
:108CF000FFE70198032808D00BE0059902200870CF
:108D000007E005990620087003E005990520087022
:108D1000FFE71BE09DF8130001460091012808D0F1
:108D2000FFE70098022808D0FFE70098032808D042
:108D30000BE005990220087007E0059904200870EF
:108D400003E0059903200870FFE7FFE707B07047CD
:108D500010B59EB00790269805902598019024980C
:108D600002902398039022980690DDF884C0209802
:108D7000CDF860C017901693159214910DF166000E
:108D800014A912220492E7F71BFCDDF804C0029B31
:108D90000399049ADDF814E00698CDF838E0CDF890
:108DA00034C00C930B910A900DF13E000AA9E7F72D
:108DB00007FC0798099009980890DDF866006FF3A2
:108DC000DF20DDF83E106FF3DF21884230D1FFE76E
:108DD000DDF86600C0F3CA20DDF83E10C1F3CA21F9
:108DE000884225D1FFE7BDF86A10DDF86600800DE6
:108DF00040EA81206FF3DF20BDF84220DDF83E100D
:108E0000890D41EA82216FF3DF21884210D1FFE70B
:108E1000BDF86A00C0F34A00BDF84210C1F34A0130
:108E2000884205D1FFE70899002081F8610004E03D
:108E30000899012081F86100FFE71EB010BD000015
:108E400081B00090009890F8740001B07047000065
:108E50002DE9F043A7B02690269811900168D1F82B
:108E60008430D1F88820D1F88CC0D1F890E0C0F8D7
:108E70001CE0C0F818C04261024642F8103F099257
:108E8000B1F894100184016884312591259909680D
:108E90006FF3DF2100EE101AB8EEC00A90ED022A3F
:108EA00090ED031A30EE420A80EE010A80ED190AB5
:108EB00025990968C1F3CA2100EE101AB8EEC00A5C
:108EC00090ED022A90ED031A30EE420A80EE010A7C
:108ED00080ED1A0A25998A880968890D41EA82215C
:108EE0006FF3DF2100EE101AB8EEC00A90ED022AEF
:108EF00090ED031A30EE420A80EE010A80ED1B0A63
:108F000025998988C1F34A0100EE101AB8EEC00A0B
:108F100090ED022A90ED031A30EE420A80EE010A2B
:108F200080ED1C0A00F17401259A9288920B00F1E1
:108F300022030893C38C9B0BFFF79EFE119800F150
:108F40007501259A9288C38CC3F30133C2F30132B1
:108F5000FFF792FE08991198259A128A6FF3DF2283
:108F600000EE102AB8EEC00A90ED022A90ED031A26
:108F700030EE420A80EE010A80ED260A0DF18200F1
:108F80000A9012220C92E7F71BFB09990C9A1CA875
:108F90000B90E7F715FB0A990C9A17A8E7F710FB57
:108FA0000B990C9A17980E9018980F90199810908A
:108FB0001A980D901B9C12A8E7F702FBDDF834C04D
:108FC0000E990F9A109B1198129D139E149FDDF815
:108FD0005480DDF85890EE46CEF81890CEF8148004
:108FE000CEF81070CEF80C60CEF80850CEF80440E1
:108FF000CEF800C0FFF7ACFE27B0BDE8F08300005C
:1090000080B584B00390029103980190C16C013146
:10901000C164FFF71DFF019901F122000968843145
:109020001222E7F7CDFA04B080BD00000000000076
:1090300082B0019001990091C86C096D884210D1ED
:10904000FFE70099486D896D88420AD1FFE70099D2
:10905000002081F86000B1F85C000130A1F85C00EC
:1090600004E00099012081F86000FFE70099C86CD6
:109070000865486D8865012081F8600002B070477E
:1090800084B00390029101920398009002980068C6
:1090900041F20001C4F20101884207D1FFE70099C3
:1090A00040F67C30C2F20040086054E0029800684C
:1090B00044F20041C4F20001884207D1FFE7009961
:1090C00040F68C40C2F20040086043E0029800681D
:1090D00044F60001C4F20001884207D1FFE700997D
:1090E00040F69C50C2F20040086032E002980068EE
:1090F00044F60041C4F20001884207D1FFE700991D
:1091000040F6AC60C2F20040086021E002980068BE
:1091100045F20001C4F20001884207D1FFE700993F
:1091200040F6BC70C2F20040086010E0029800688F
:1091300041F20041C4F20101884207D1FFE70099E2
:1091400041F2CC00C2F200400860FFE7FFE7FFE712
:10915000FFE7FFE7FFE70198006841F20001C4F272
:109160000101884207D1FFE7009940F67C30C2F246
:109170000040486054E00198006844F20041C4F2A5
:109180000001884207D1FFE7009940F68C40C2F207
:109190000040486043E00198006844F60001C4F2D2
:1091A0000001884207D1FFE7009940F69C50C2F2C7
:1091B0000040486032E00198006844F60041C4F283
:1091C0000001884207D1FFE7009940F6AC60C2F287
:1091D0000040486021E00198006845F20001C4F2B7
:1091E0000001884207D1FFE7009940F6BC70C2F247
:1091F0000040486010E00198006841F20041C4F26C
:109200000101884207D1FFE7009941F2CC00C2F288
:1092100000404860FFE7FFE7FFE7FFE7FFE7FFE702
:1092200004B070470000000081B0009000984FF03B
:10923000894181600021C4F22541C1600021C164DF
:10924000016541658165A0F85C10A0F85E1080F8AA
:10925000601080F8611001B070470000000000004D
:1092600081B0009000984FF4B671018040F2946193
:1092700041804FF0894141600021C4F22541816065
:109280000021818101B0704780B584B003908DEDDD
:10929000020A03980190D0ED020A02A89FED050A88
:1092A000FDF72EF901980299C16000F01DF804B095
:1092B00080BD00BF0000000080B584B00390029123
:1092C0008DF807208DED000A0399029808609DF83B
:1092D000070008710098886002989DF80710F3F75E
:1092E0007BFA04B080BD000087B006900698049019
:1092F00090ED021A90ED030AB0EE002A81EE021AF8
:1093000030EE410A80EE011A9FED322A9FED320ABB
:10931000A1EE020ABDEEC00A10EE101AADF816104A
:10932000007940B9FFE70498BDF81610006800689E
:1093300040F8341F4BE004980079042809D1FFE776
:109340000498BDF816100068006840F8381F0390B4
:109350003BE004980079082809D1FFE70498BDF89C
:1093600016100068006840F83C1F02902AE004983C
:1093700000790C2809D1FFE70498BDF816100068A1
:10938000006840F8401F019019E004980079102807
:1093900009D1FFE70498BDF816100068006840F88E
:1093A000581F009008E00498BDF816100068006887
:1093B00040F85C1F0090FFE700980190FFE70198DC
:1093C0000290FFE702980390FFE70398FFE707B0DA
:1093D000704700BF0000C8420000164300000000B4
:1093E00081B0009000980021C16001B0704700007A
:1093F00081B000900098002101614161816101B05C
:10940000704700000000000081B00090009800F656
:10941000240090ED000A01B0704700000000000039
:1094200082B001908DED000A01990098C1F82408DE
:1094300002B070470000000082B001908DED000A7C
:1094400001990098C1F8280802B070470000000098
:1094500082B001908DF8031001999DF8030081F806
:10946000200802B07047000080B582B001900198DA
:10947000009000F041F9009800F2E46003F088FDEC
:10948000009800F2B44003F083FD009800F2CC5045
:1094900003F07EFD02B080BD80B598B0179017989C
:1094A0000A9005F0DDFD0A9901F57370C1F82014EA
:1094B00001F234420192C1F888140921029100227C
:1094C000109205F0B5FA01980299109A05F0B0FAD9
:1094D0000A98109900F2B4400490B3EE090A8DED99
:1094E000080ADFED7D2ACDED092ADFED7C4ACDEDBE
:1094F0000E4A9FED7B5A8DED0F5AF0EE450AB0EE05
:10950000451AF0EE451AB0EE622AB0EE453AF0EE9A
:10951000453AB0EE454A06F05FF804980A9901F220
:109520000451039103F004FDDDED0E4A9DED0F5A49
:1095300010990246039800EE102AF8EE402A9FED9B
:10954000690A8DED0B0AF2EE040ACDED0C0A9FEDCF
:10955000662A8DED052AB0EE641AF0EE451AB0EEDB
:10956000453AF0EE453AB0EE454A06F035F8049833
:1095700045F2CC51C2F2004113910122022314930F
:109580009FED5A0A8DED150ADFED590ACDED160A49
:1095900003F0AAFD9DED080ADDED092A0A98DDED2C
:1095A0000E4A9DED0F5A109900F2CC500790F0EE44
:1095B000450AB0EE451AF0EE451AB0EE622AB0EE5A
:1095C000453AF0EE453AB0EE454A06F005F8079800
:1095D0000A9901F21C61069103F0AAFC9DED052A8F
:1095E000DDED0E4A9DED0F5A10990246069800EEE9
:1095F000102AF8EE402AF3EE040AB0EE420AB0EE6A
:10960000641AF0EE451AB0EE453AF0EE453AB0EE87
:10961000454A05F0E1FF07981399149B9DED150A43
:10962000DDED160A1A4603F05FFD9DED080ADDED3B
:10963000092A0A98DDED0E4A9DED0F5A109900F2A5
:10964000E4601290F0EE450AB0EE451AF0EE451ACD
:10965000B0EE622AB0EE453AF0EE453AB0EE454A39
:1096600005F0BAFF0A99129801F23471119103F0D2
:109670005FFC0146129800EE101AB8EE400A8DED1C
:109680000D0A03F055FC9DED0B0ADDED0C0A9DED76
:109690000D2ADDED0E4A9DED0F5A109902461198E4
:1096A00001EE102AF8EE412AB0EE641AF0EE451AE7
:1096B000B0EE453AF0EE453AB0EE454A05F08CFF83
:1096C00012981399149B9DED150ADDED160A0322DD
:1096D00003F00AFD18B080BDD2537B416F12833A6C
:1096E0000000000000803B450000FA4400001042EA
:1096F00000401C460000000080B58AB0099009981F
:10970000089090F8200808B9FFE750E0089890F812
:109710002008032801D1FFE748E0089890F82008C6
:10972000012842D1FFE7089800F2E460029003218B
:10973000019103F021FC0199089800F2B4400390D4
:1097400003F01AFC0199089800F2CC50079003F03E
:1097500013FC0298089901F6240191ED000A03F028
:10976000EFFB0899039801F62801049191ED000A96
:109770009FED101A8DED051A20EE410A9FED0E1A8D
:109780008DED061A80EE010A03F0DAFB04999DEDD7
:10979000052A9DED061A079891ED000A20EE020AAF
:1097A00080EE010A03F0CCFBFFE7FFE7FFE70AB01A
:1097B00080BD00BFDB0F49400000344300000000C3
:1097C00080B582B001900198009005F045FD0098A9
:1097D00000F5737004F00CFB009800F2344005F0C3
:1097E00097F8009800F2B44003F0F2FC009800F201
:1097F000CC5003F0EDFC009800F2E46003F0E8FCCC
:1098000000980021C4F2C821C0F800180021C4F259
:109810008C21C0F804180021CCF22011C0F80818DF
:109820000022C4F22012C0F80C280022CCF2C81288
:10983000C0F81828C0F81C18002180F82018C0F8BB
:109840002418C0F8281802B080BD000000000000F5
:1098500080B59AB019908DED180ACDED170A8DEDEF
:10986000161A19980D909DED160A8DED0E0A9DEDB4
:10987000181A9DED170A20EE000AA1EE010A07F062
:1098800067F9F0EE400A9DED0E0A06F09BFE8DEDA5
:10989000150A00201490FFE71498132800F2C580E1
:1098A000FFE70D9890ED200A8DED020A9DED150A57
:1098B00006F0DEFF0D98B0EE401A9DED020A20EE94
:1098C000010A8DED130A90ED200A8DED030A9DED3E
:1098D000150A07F075F8B0EE401A9DED030A20EE68
:1098E000010A8DED120A9DED181A9DED170A20EE62
:1098F000000AA1EE010A07F02BF99DED131A80EE84
:10990000010A8DED110A9DED120A9DED111A8DEDE2
:10991000051A20EE010A10EE100A07F09DFD02461E
:109920000D9804920A46049942EC101B8DED0A0B27
:10993000C06F07F091FD41EC100B9FED451B53EC00
:10994000112B51EC100B07F09BFB9DED050A41EC30
:10995000110B8DED061B10EE100A07F07DFD9DED3D
:10996000061B41EC100B51EC110B53EC102B09931F
:10997000089207F085FB089A099B41EC100B51EC0B
:10998000100B07F07DFB9DED0A0B02460B4651ECD8
:10999000100B43EC102B53EC102B07F009FA41ECA1
:1099A000100B51EC100B07F0D1F910909DED160A39
:1099B0009DED101A30EE410A8DED0F0A9DED0F0A54
:1099C000FEF7AAFA10EE100A07F046FD41EC100B64
:1099D0009FED211B53EC112B51EC100B07F07CFD7C
:1099E00008B9FFE721E00D989DED0F0A8DED010A02
:1099F0009DED180ADDED170A9DED161A00F0C0F96D
:109A0000B0EE401A9DED010A80EE010A06F044FD19
:109A1000B0EE401A9DED150A30EE010A8DED150AE3
:109A2000FFE714980130149036E79DED150A9FED7D
:109A30000C1A20EE010A9FED0B1A80EE010A8DED43
:109A4000150A9DED150A1AB080BD00BF00BF00BF0A
:109A5000000000000000E0BF7B14AE47E17A843FC5
:109A6000000034C3DB0F494080B588B007908DF803
:109A70001B10079801909DF81B0000284BD1FFE7B1
:109A80000198826802F13001B2F8602000F02CFAEF
:109A900008B9FFE76DE1019901F1210089683031D2
:109AA00040F20012C2F200421268E6F789FD019806
:109AB000D0F8361040F2CC32C2F200421160418F31
:109AC0009180818FD1800021C4F2E011C0F8801014
:109AD000B0F92C30B0F92E20B0F9301000EE103A69
:109AE000B8EEC00A9FEDA42A80EE020A01EE102A09
:109AF000B8EEC11AC1EE020A01EE101AB8EEC11A90
:109B000081EE021A00F1780100F1740200F1840381
:109B100000F0F6FB2DE19DF81B00012840F0A48029
:109B2000FFE74FF0FF30059000200490FFE7049816
:109B30007F281FDCFFE7019845F22851C2F200415F
:109B40000968049A1144CA1701EB526222F07F029D
:109B5000891A0391C0680399084490F88400A528E5
:109B600003D1FFE70398059004E0FFE70498013074
:109B70000490DCE70598B0F1FF3F01DCFFE7F8E077
:109B800000200290FFE702981E2818D8FFE70198EE
:109B9000C0680599029A1144CB1701EB536323F077
:109BA0007F03C91A084490F8840046F26921C2F282
:109BB00000418854FFE7029801300290E3E70198E2
:109BC00046F26921C2F200411F2200F08DF908B966
:109BD000FFE7CEE00198213046F26921C2F2004150
:109BE0001F22E6F7EDFC0198059940F20012C2F23F
:109BF000004212681144CA1701EB526222F07F0240
:109C0000891A45F22852C2F200421160D0F836108B
:109C100040F2CC32C2F200421160418F9180818FBC
:109C2000D180B0F92C30B0F92E20B0F9301000EE10
:109C3000103AB8EEC00A9FED502A80EE020A01EEFB
:109C4000102AB8EEC11AC1EE020A01EE101AB8EEDF
:109C5000C11A81EE021A00F1780100F1740200F1DC
:109C6000840300F04DFB83E09DF81B00022840F0C8
:109C70007E80FFE7019800694068A0F58270014688
:109C80000091032866D80099DFE801F002121F5501
:109C900001990A69D06A126B4A640864B1F84000FD
:109CA0004884B1F842008884B1F84400C88451E087
:109CB00001990A69D06A126BCA648864B1F84800D5
:109CC0000885B1F84A00488544E001980269D16AE4
:109CD000126B42650165B0F850108185B0F85210E2
:109CE000C185B0F85410018690F8561080F83310F2
:109CF000B0F92C30B0F92E20B0F9301000EE103A47
:109D0000B8EEC00A9FED1C2A80EE020A01EE102A6E
:109D1000B8EEC11AC1EE020A01EE101AB8EEC11A6D
:109D200081EE021A00F1780100F1740200F184035F
:109D300000F0E6FA0EE001990A69D06A126BCA6572
:109D4000886591F85E0081F8320091F85F0081F833
:109D50003500FFE70198D0F8362040F2CC31C2F24E
:109D600000410A60428F8A80808FC880FFE7FFE74A
:109D7000FFE708B080BD00BF0000C842000000003F
:109D800080B586B005908DED040ACDED030A8DED0A
:109D9000021A9DED041A9DED030A20EE000AA1EEC1
:109DA000010A9DED021AA1EE010A06F0D1FE8DED29
:109DB000010A9DED010A06B080BD00000000000010
:109DC00081B00090009890F8200001B0704700002A
:109DD00081B00090009890F8340001B07047000006
:109DE00080B582B001900091019881690131816153
:109DF0000021FFF739FE02B080BD00000000000026
:109E000085B0039002910192ADF80230029828B912
:109E1000FFE74FF6FF70ADF8120021E0FFE7019871
:109E2000411E0191B8B1FFE70298411C02910078F0
:109E30008DF80100BDF802109DF801004840C2B243
:109E400041F27060C0F6020030F8120080EA112082
:109E5000ADF80200E3E7BDF80200ADF81200FFE73D
:109E6000BDF8120005B0704780B582B00190009136
:109E700001988169013181610121FFF7F5FD02B08F
:109E800080BD00000000000080B586B00590049100
:109E90000392059801900020ADF80A00049820B1C3
:109EA000FFE70398022801D8FFE718E0019804991A
:109EB000039A023A4FF6FF73FFF7A2FFADF80A00CC
:109EC000BDF80A00049A0399114401F8020C9DF8A8
:109ED0000B00049A0399114401F8010CFFE706B046
:109EE00080BD00000000000080B588B0069005919C
:109EF0000492069802900020ADF80E00059820B15B
:109F0000FFE70498022804D8FFE700208DF81F001F
:109F100028E002980599049A023A4FF6FF73FFF77A
:109F20006FFFADF80E009DF80E10059A04981044CE
:109F300010F8022C0020914201900DD1FFE79DF80E
:109F40000F00059A0499114411F8011C401AB0FA47
:109F500080F040090190FFE7019800F001008DF8C2
:109F60001F00FFE79DF81F0008B080BD0000000043
:109F700080B582B00190019800F03AF802B080BD3F
:109F800082B00190019900918869C969884205D120
:109F9000FFE70099002081F8200004E000990120EB
:109FA00081F82000FFE700998869C86102B0704716
:109FB00080B585B08C46864608980799CDF810E0A4
:109FC000CDF80CC0029201938DF803108DF80200B9
:109FD0000499039888600298C860019808619DF808
:109FE000030008759DF80200487505B080BD0000AB
:109FF00070B588B0079007980590017D80F88C10A7
:10A0000090ED190A9FEDBC1A8DED041A20EE010A9D
:10A01000BDEEC00A10EE101AA0F88F1090ED1A0ACB
:10A0200020EE010ABDEEC00A10EE101AA0F88D1045
:10A03000006804F081FD9DED041A059991ED1B2A3D
:10A0400030EE020A20EE010ABDEEC00A10EE100A40
:10A05000A1F8910040F23832C2F20042107881F843
:10A0600093009088A1F89400D088A1F896005088B9
:10A07000A1F89E0040F24230C2F200404388A1F8AD
:10A0800098300388A1F89A30137ADA0142EA431231
:10A0900081F8A0208088A1F89C0040F24A30C2F2EA
:10A0A0000040027981F8A520427981F8A62040F28B
:10A0B0006432C2F200421388A1F8A7305288A1F896
:10A0C000A920C07981F8AB0046F2C410C2F200406A
:10A0D00000680690032840D80699DFE801F0020ED8
:10A0E0001E2E059940F25230C2F200400288A1F8BB
:10A0F000A1204088A1F8A3002FE0059940F25A3032
:10A10000C2F20040028842F48042A1F8A1204088B7
:10A1100040F48040A1F8A3001FE0059940F25A30B6
:10A12000C2F20040828842F40042A1F8A120C08817
:10A1300040F40040A1F8A3000FE0059940F252302E
:10A14000C2F20040828842F44042A1F8A120C088B7
:10A1500040F44040A1F8A300FFE705984FF6FF71D7
:10A16000A0F8AC1082680192D0F88C10D0F8903032
:10A17000D0F894C0D0F898E0D0F89C40D0F8A05027
:10A1800055611461C2F80CE0C2F808C05360116058
:10A19000D0F8A410D0F8A830D3619161B0F8AC1019
:10A1A0001184816822220292A1F862208168FFF75F
:10A1B0006BFE029A0598C3680393D0F88C10D0F810
:10A1C00090C0D0F894E0D0F89840D0F89C50D0F8E7
:10A1D000A0609E615D611C61C3F80CE0C3F808C01B
:10A1E0005960D0F8A410D0F8A8C0C3F820C0D96135
:10A1F000B0F8AC109984C168A1F80621C168043197
:10A20000FFF742FE0599B1F88F00A1F8B200B1F84E
:10A210008D00A1F8B000B1F89100A1F8BA00B1F832
:10A220009400A1F8BC00B1F89600A1F8BE00B1F806
:10A230009800A1F8C000B1F89C00A1F8C400B1F8E2
:10A240009E00A1F8C600B1F89A00A1F8C20091F8EA
:10A25000A00081F8C900B1F8A100A1F8CA00B1F8C6
:10A26000A300A1F8CC0091F8930081F8C80091F800
:10A27000A50081F8CE0091F8A60081F8CF00D1F8B2
:10A28000B000D1F8B43040F2AC32C2F200425360B8
:10A290001060D1F8B800D1F8BC3040F2B432C2F24C
:10A2A000004253601060D1F8C000D1F8C43040F2D1
:10A2B000BC32C2F2004253601060D1F8C800D1F83D
:10A2C000CC2040F2C431C2F200414A60086046F23C
:10A2D000C410C2F200400168013101600068042826
:10A2E00007D1FFE746F2C411C2F200410020086026
:10A2F000FFE708B070BD00BF0000C84200000000CA
:10A3000080B588B007908DED060ACDED050A8DED7C
:10A31000041A039102920193079800909DED060A9A
:10A32000DDED050A9DED041A00F01EF80098039972
:10A3300081ED000A9DED060ADDED050A9DED041A8A
:10A34000FFF786FA0098029981ED000A9DED060A52
:10A35000DDED050A9DED041AFFF712FD019880ED71
:10A36000000A08B080BD000080B586B005908DED74
:10A37000040ACDED030A8DED021A9DED030ADDED11
:10A38000040A06F01FF98DED010A9DED010A9FED0B
:10A39000071A20EE010A9FED061A80EE010A8DEDE4
:10A3A000010A9DED010A06B080BD00BF00003443E4
:10A3B000DB0F49400000000081B0009000980021B0
:10A3C0008161C16180F820104CF6CD41C4F21C11AE
:10A3D000C1670021C4F2E011C0F8801001B07047DD
:10A3E00081B00090009890F8410901B070470000DA
:10A3F00082B001908DF8031001999DF8030081F857
:10A40000410902B07047000081B00090009800F54B
:10A41000136090ED000ABDEEC00A10EE100A01B004
:10A42000704700000000000081B00090009800F626
:10A430002C1090ED000ABDEEC00A10EE100A01B01B
:10A44000704700000000000080B586B005908DF8D0
:10A450001310059802909DF81300C00748B1FFE75C
:10A46000029800F07DF8029800F63C1080ED000A9A
:10A47000FFE70298FFF7D8FF0146029800EE101A96
:10A48000B8EEC00A00F63411019181ED000AFFF721
:10A49000BBFF02990246019800EE102AB8EEC00AEE
:10A4A00001F6381181ED000A91ED000A90ED001AD5
:10A4B00030EE410A8DED030A9DED030A05F010F917
:10A4C0009FED261AB4EE410AF1EE10FA03DAFFE727
:10A4D00000200390FFE7029840F2C001C2F2004161
:10A4E00091ED001A9DED032A00F63C1090ED000A54
:10A4F000A1EE420A80ED000A90ED000AB7EE001AC4
:10A50000B4EE410AF1EE10FA06DDFFE702994FF0D2
:10A510007E50C1F83C09FFE7029800F63C1090ED30
:10A52000000AB5EE400AF1EE10FA05DAFFE70299EB
:10A530000020C1F83C09FFE7029800F51570009073
:10A54000032102F0A9FF0299009801F63C1191ED58
:10A55000000A02F061FF06B080BD00BFCDCC4C3ECA
:10A5600081B00090009800F5106090ED000A01B0F5
:10A57000704700000000000081B00090009800F6D5
:10A58000FC0090ED000A01B07047000000000000E0
:10A5900082B001908DED000A01990098C1F8000980
:10A5A00002B070470000000082B001908DED000AFB
:10A5B00001990098C1F8FC0802B070470000000043
:10A5C00081B00090009890F8400901B070470000F9
:10A5D00082B001908DF8031001999DF8030081F875
:10A5E000400902B07047000081B00090009800F66A
:10A5F000481090ED000ABDEEC00A10EE100A01B03E
:10A60000704700000000000081B00090009800F644
:10A61000441090ED000ABDEEC00A10EE100A01B021
:10A62000704700000000000082B001908DED000A2C
:10A6300001990098C1F8480902B070470000000075
:10A6400082B001908DED000A01990098C1F844098B
:10A6500002B070470000000080B582B00190019800
:10A66000009000F50D7002F073F9009800F62C11BF
:10A6700081ED000AB83003F0A3FE009800F59E704B
:10A6800003F0EEFC009801F083FF009800F0D8FA88
:10A69000009800F5157002F00BFF009800F55E7051
:10A6A00002F006FF009800F29C4002F001FF02B0A9
:10A6B00080BD00000000000080B5AEB02D902D9848
:10A6C0002B90406509210022299204F0B1F9299AC2
:10A6D0002B9901F15C00C1F8B0100621019104F042
:10A6E000A7F90199299A2B9B03F1B800C3F80C3103
:10A6F00004F09EF90199299A2B9B03F59E70C3F8EB
:10A70000903104F095F90199299A2B9B03F5D270A9
:10A71000C3F8F83104F08CF9299A2B9800F50570EC
:10A72000029045F68841C2F2004103919FEDFB0A79
:10A730008DED040AFEF7C0FD02982B9901F61C115D
:10A7400091ED000AFEF7A0FD03999DED040A2B98F8
:10A7500000F5097005900822FEF7AEFD05989FED03
:10A76000F00AFEF791FD29992B9800F515720992D0
:10A7700000F5167040F2CC02C2F2004292ED000ADF
:10A7800040F2F042C2F20042D2ED000A9FEDE52A0B
:10A790008DED202ADFEDE42ADFEDE44ACDED274AF6
:10A7A0009FEDE35A8DED285AB0EE451AF0EE451AAA
:10A7B000B0EE453AF0EE453AB0EE454A04F00CFFF3
:10A7C00009982B9901F52A71089140F2D401C2F23F
:10A7D000004191ED000A8DED060A40F2D001C2F26F
:10A7E000004191ED000A8DED070A02F00DFE9DED8E
:10A7F000060ADDED070ADDED274A9DED285A299965
:10A800000246089801EE102AF8EE412A9FEDC92A67
:10A81000B0EE451AF0EE451AB0EE453AF0EE453A84
:10A82000B0EE454A04F0D8FE099845F22C51C2F228
:10A8300000411E91012202232C939FEDFA0ADFEDC5
:10A84000FA0ACDED170A02F0E3FE9DED202ADDEDB8
:10A85000274A9DED285A29992B9800F55E720E9291
:10A8600000F55F7040F2D802C2F200420F9292ED02
:10A87000000A40F2F442C2F200421092D2ED000A05
:10A88000DFEDEA2ACDED212AB0EE451AF0EE451AA9
:10A89000B0EE453AF0EE453AB0EE454A04F09CFE83
:10A8A0000E982B9901F573710D9140F2C801C2F217
:10A8B000004191ED000A8DED0A0A40F2C401C2F296
:10A8C000004191ED000A8DED0B0A02F09DFD01465D
:10A8D0000E9800EE101AB8EEC00AB6EE001A8DED12
:10A8E000181A20EE010A8DED0C0A02F08DFD9DED87
:10A8F0000A0ADDED0B0A9DED0C2ADDED274A9DEDE0
:10A90000285A299902460D9801EE102AF8EE412A9C
:10A91000B0EE451AF0EE451AB0EE453AF0EE453A83
:10A92000B0EE454A04F058FE0E98DDED170A1E9968
:10A930002C9BB7EE000A8DED160A1A4602F068FE4F
:10A940000F9B109A9DED202ADDED212ADDED274A8F
:10A950009DED285A29992B9800F29C4CCDF854C0B3
:10A9600000F5946093ED000AD2ED000AB0EE451AAE
:10A97000F0EE451AB0EE453AF0EE453AB0EE454AF3
:10A9800004F02AFE15982B9901F59E61149140F26E
:10A99000E001C2F2004191ED000A8DED110A40F292
:10A9A000DC01C2F2004191ED000A8DED120A02F0C5
:10A9B0002BFD9DED181A0146159800EE101AB8EE01
:10A9C000C00A20EE010A8DED130A02F01DFD9DED77
:10A9D000110ADDED120A9DED132ADDED274A9DEDEA
:10A9E000285A29990246149801EE102AF8EE412AB5
:10A9F000B0EE451AF0EE451AB0EE453AF0EE453AA3
:10AA0000B0EE454A04F0E8FD15989DED160ADDED1F
:10AA1000170A1E992C9B03221F9202F0F9FD9DED4F
:10AA2000202ADDED212ADDED274A9DED285A2999BE
:10AA30002B9800F5FB601D9040F2F402C2F2004238
:10AA400092ED000A40F2FC42C2F20042D2ED000A4E
:10AA5000B0EE451AF0EE451AB0EE453AF0EE453A42
:10AA6000B0EE454A04F0B8FD1D982B9901F6280177
:10AA70001C9140F2FC01C2F2004191ED000A8DED03
:10AA8000190A40F2F801C2F2004191ED000A8DED81
:10AA90001A0A02F04DFA9DED181A01461D9800EEB3
:10AAA000101AB8EEC00A20EE010A8DED1B0A02F062
:10AAB0003FFA9DED190ADDED1A0A9DED1B2ADDED29
:10AAC000274A9DED285A299902461C9801EE102A22
:10AAD000F8EE412AB0EE451AF0EE451AB0EE453ACE
:10AAE000F0EE453AB0EE454A04F076FD1D981E9909
:10AAF0002C9B04229FED4E0ADFED4E0A02F0F4FA81
:10AB00001E991F9B299A2B9800F5B8602290EC465D
:10AB1000CCF80020052200F00FB800BF00008743EA
:10AB20000000B442D2537B411A34CC436F12833AB3
:10AB3000000000000000FA449FED3F0A02F0CCFF45
:10AB40009DED202ADDED212A2298DDED274A9DED9D
:10AB5000285A299940F2E802C2F2004292ED000A16
:10AB600040F2E402C2F20042D2ED000AB0EE451A11
:10AB7000F0EE451AB0EE453AF0EE453AB0EE454AF1
:10AB800004F02AFD22982B9901F5C2612A9140F226
:10AB9000F001C2F2004191ED000A8DED230A40F26E
:10ABA000EC01C2F2004191ED000A8DED240A40F261
:10ABB000F841C2F2004191ED000A8DED250A02F044
:10ABC00053FF0146229800EE101AB8EEC00A9FED1E
:10ABD0001B1A20EE010A8DED260A02F045FF9DEDBD
:10ABE000230ADDED240A9DED251A9DED262ADDEDD3
:10ABF000274A9DED285A299902462A9803EE102AE1
:10AC0000F8EE432AF0EE451AB0EE453AF0EE453A3A
:10AC1000B0EE454A04F0E0FC2B982C99FFF7E8FBD6
:10AC20002EB080BD91ED5E4100008046959EEB43C5
:10AC30000000104200401C46920A06426666663FCB
:10AC400080B586B005900598049046F2EC20C2F2DB
:10AC500000400068012824D1FFE7049800F60C1199
:10AC6000029191ED000A9FED1F1A30EE010A81ED6D
:10AC7000000A00F5B8600390032102F021FF029959
:10AC8000039891ED000A02F0FFFE04985C30052164
:10AC900003F0B2FE46F2EC21C2F20041002008604F
:10ACA000FFE7049890F840090146019120B1FFE7C1
:10ACB0000198012801D001E000E0FFE746F26020A2
:10ACC000C2F20040006801280AD1FFE7049901F5AB
:10ACD000057001F61C1191ED000AFEF7D5FAFFE7A9
:10ACE00006B080BD920A863F80B582B0019001987F
:10ACF000009001F01DFE00985C3001F0D9FB009837
:10AD0000B83003F0E1FD009800F59E7003F0ECFA16
:10AD1000009800F5D27003F027FE009800F505704A
:10AD2000FEF75EFB009800F50970FEF759FB0098EE
:10AD300000F50D70012102F00BF8009800F5157078
:10AD400002F0EAFC009800F55E7002F0E5FC009865
:10AD500000F29C4002F0E0FC009800F5B86002F0C0
:10AD600027FF009800F5FB6002F032FA00980021FE
:10AD700080F8F01880F8F1184CF28F22C3F6F542F3
:10AD8000C0F8F4284FF07C52C0F8F828C0F8FC183E
:10AD9000C0F8001940F69222C3F68672C0F8042962
:10ADA00046F26662C3F66672C0F80829C0F80C194C
:10ADB0004CF28F22C3F67572C0F81029C0F814192E
:10ADC000C0F818190022C4F28232C0F81C290022EF
:10ADD000C4F2F022C0F820290022C4F21632C0F8D2
:10ADE00024290022C4F2B422C0F82829C0F82C1962
:10ADF0000022C4F2FA62C0F83029C0F83419C0F851
:10AE00003819D0F8F828C0F83C2980F8401980F8A3
:10AE10004119C0F84419C0F8481902B080BD0000BB
:10AE200080B58AB009900998049000F6D850FDF7D3
:10AE300013FFFDF77DF8049842F20821084490EDD5
:10AE4000001AB4EE410AF1EE10FA08DDFFE70498AB
:10AE500000F6D850FDF700FF8DED030A04E09FEDEA
:10AE60005F0A8DED030AFFE704989DED030A8DED5F
:10AE7000060A00F6D850FDF7F7FEFDF759F80498DA
:10AE800042F20821084490ED001AB4EE410AF1EEB6
:10AE900010FA08DDFFE7049800F6D850FDF7E4FE4D
:10AEA0008DED020A04E09FED4D0A8DED020AFFE7E9
:10AEB00004989DED020A8DED050A00F6C870FEF7B4
:10AEC000A3FA04988DED080A9DED061A42F21C21A2
:10AED000014491ED002A9DED080AA1EE420A8DED94
:10AEE000080A9DED051A42F22021084490ED002A3F
:10AEF0009DED070AA1EE420A8DED070A9DED080AB5
:10AF0000B2EE041AB4EE410AF1EE10FA05DDFFE7E5
:10AF10000020C4F2201008900FE09DED080ABAEE60
:10AF2000041AB4EE410AF1EE10FA05DAFFE7002048
:10AF3000CCF220100890FFE7FFE79DED070AB5EE81
:10AF4000400AF1EE10FA03DDFFE700200790FFE76B
:10AF50009DED070ABBEE091AB4EE410AF1EE10FAB4
:10AF600005DAFFE70020CCF2C8100790FFE704984D
:10AF700000F6D850FDF764FF062807D1FFE70498D4
:10AF800000F6C8700221FEF763FA25E0049800F687
:10AF9000D850FDF755FF03280ED1FFE7049800F6BF
:10AFA000C87001909DED080AFEF73AFA01989DEDF0
:10AFB000070AFEF741FA0EE0049800F6D850FDF7B4
:10AFC0003FFF38B9FFE7049800F6C8700321FEF789
:10AFD0003FFAFFE7FFE7FFE70AB080BD000000008F
:10AFE00080B588B007900798029041F2F871084444
:10AFF0000190FFF709FB0146019800EE101AB8EE28
:10B00000C00A8DED060AFFF7EFFA0146029800EE3E
:10B01000101AB8EEC00A8DED050A00F6D850FDF7FB
:10B020000FFF049004980390C0B1FFE70398032832
:10B0300004D0FFE7039806280FD017E0029841F2EA
:10B04000F871084400909DED050AFFF7EDFA0098AD
:10B050009DED060AFFF7F4FA08E007E0029841F2D6
:10B06000F87108440221FFF7B3FAFFE708B080BD8A
:10B0700081B0009001B0704780B582B00190019816
:10B080000090FFF7F5FF0098FFF7CAFE0098FFF762
:10B09000A7FF02B080BD000080B590B00AA907915B
:10B0A0000F900F98009000210E910D91ADF8321085
:10B0B000ADF83010ADF82E100A9100F6F460029051
:10B0C000FEF77EFE0146009842F2F812815400F528
:10B0D0000C70019002F0DCFD0198079981ED040AE3
:10B0E00002F0E2FD0198079981ED030A02F0ACFD40
:10B0F0000198079981ED000A02F0E2FD01460298ED
:10B100008DF82710FEF764FE014607988DF826108B
:10B1100090ED040AF9EE000ACDED050AB1EE001A31
:10B120008DED061A4FF63E60CFF6FF7004904FF497
:10B13000E1710391FBF7E8FB0399079ADDED050A3E
:10B140009DED061A03460498ADF8323040F26C3C8F
:10B15000C2F2004CCDF820C0BDF83230ACF800305F
:10B1600092ED030AFBF7D0FBDDED050A9DED061A13
:10B17000089A01460798ADF83010BDF8301051809C
:10B1800090ED000A6FF0C700C821FBF7BDFB0899DE
:10B190004042ADF82E00BDF82E0088809DF82600B4
:10B1A00088719DF8272044F69840C2F20040027052
:10B1B0000078C87110B080BD80B582B00190019850
:10B1C000009000F6C870FEF74FF9009841F2F87150
:10B1D0000844FFF741FA009800F6F460FEF7C8FE55
:10B1E0000098FFF759FF02B080BD0000000000008A
:10B1F00080B584B003900398029042F61120C2F209
:10B200000040017801310170007832285BD1FFE7FE
:10B2100042F61020C2F2004001780131017000783E
:10B220004AF6AA22C2F6AA224AF6AB21CAF6AA21F7
:10B2300000FB0120B0F1553F0FD2FFE7029800F06C
:10B24000CBF8029800F6D850FDF7F2FE42F6102136
:10B25000C2F2004100200870FFE7029800F6C871B2
:10B26000019141F27C41084401F012FF029841F241
:10B270009451084401F00CFF029841F2AC6108447B
:10B2800001F006FF019803F07BFE029841F64C2185
:10B29000084402F091F9029841F67031084402F036
:10B2A0008BF9029841F69441084402F085F902981E
:10B2B00000F6F460FEF764FE42F61121C2F200418E
:10B2C00000200870FFE704B080BD0000000000000F
:10B2D00080B58CB00B908DED0A0A0B98089000F5A4
:10B2E0000C700390B1EE000A8DED040A02F0B8FC78
:10B2F00003989DED040A02F0BFFC089942F2441045
:10B300000844416505210022099203F091FB089849
:10B3100000F6D85045F67471C2F2004145F6B852B5
:10B32000C2F20042FDF7ACFE08980A9942F20822E8
:10B33000815000F6C8700790FEF7AEF8079A08989B
:10B3400000F6F4610691C2F8C81341F2F87108449E
:10B350000590FFF7B1F905990698C1F810026A4601
:10B36000012151605A21116040F28841C2F200412E
:10B3700041F2EC22C2F2004240F27433C2F20043C6
:10B38000FEF716FE079A08980999C0F8F42EC0F83F
:10B39000F80E00F61C509FED0D0AF7EE002ADFEDC7
:10B3A0000C4A9FED0C5AF0EE450AB0EE451AF0EE4D
:10B3B000451AB0EE622AB0EE453AF0EE453AB0EEEC
:10B3C000454A04F009F90CB080BD00BF8FC2F53CBE
:10B3D0006F12833A0000000082B001900199009141
:10B3E00042F24C20085842F250228958884206D135
:10B3F000FFE7009942F254220020885405E00099AA
:10B4000042F2542201208854FFE7009942F24C2076
:10B41000085842F25022885002B0704700000000E5
:10B4200080B582B001900198009000F0B9F80098C2
:10B4300000F50C7002F04CFC009800F6D850FDF7B7
:10B44000F3FE009800F67460FDF70AFF009800F61E
:10B45000F460FEF7B1FF009800F6C870FEF7B0F98F
:10B46000009841F2F8710844FFF73EFC009842F260
:10B470004411084402F0A8FC009842F29C110844D0
:10B4800003F062FA009842F2F4120021815442F271
:10B49000F512815442F2F612815442F2F7128154AD
:10B4A00042F2F812815442F2F912815442F2FC1233
:10B4B00081504FF40852815440F27432C2F200427B
:10B4C00042F20423C25042F20C234FF08042C25099
:10B4D00042F210234FF4C872C25242F2142341F2D6
:10B4E0006F22C3F68322C25042F218234DF20A7231
:10B4F000C3F62342C25042F21C2345F2EE12C3F6B9
:10B50000B872C25042F2202343F67152C3F60A7257
:10B51000C25042F2242346F66322C3F61A42C250B6
:10B5200042F22823C25042F22C2343F23332C4F2B7
:10B530006732C25042F2302343F23332C4F2672200
:10B54000C25042F2342349F6A632C3F64432C25006
:10B5500042F23823C25042F23C22815242F23E2251
:10B56000815242F24C22815042F25022815042F2EA
:10B570005422815442F25522815442F25623012230
:10B58000C25442F25722815442F25822815442F26C
:10B590005922815442F25A220221815402B080BDC4
:10B5A00080B582B001900198009000214171052280
:10B5B00082710222C2710272C16001610175E630BE
:10B5C00003F00AFA0098EE3003F0E6F9009800F272
:10B5D000031003F0E9F9009800F2271003F0ECF9EA
:10B5E000009800F5BC7003F0EFF9009800F5EC70DE
:10B5F00003F0FAF9009800F2192001F0B9FB009865
:10B6000000F2232002F0ECFB009802B080BD0000A5
:10B6100081B00090009844F20001C4F29C61816105
:10B6200000210162416280F8351080F836104164D3
:10B6300001B070470000000081B00090009940F216
:10B640000810C2F2004002684DF68363C4F21B3357
:10B65000A2FB0332920C8A60006844F6D352C1F216
:10B660006202A0FB02208009C86001B070470000A0
:10B6700080B584B0039002910398019000F068F9BE
:10B6800002460198017911430171407928B1FFE721
:10B690000198029900F0F4F922E0029943F6AC0017
:10B6A000C3F622304862029941F2B060C3F6CE1070
:10B6B00088620299C862029941F23F60C4F21B108D
:10B6C0000863029890ED0C1A9FED070A80EE010ABC
:10B6D00080ED080A02990020C4F220208861FFE76B
:10B6E0000198007904B080BDC3F51C410000000042
:10B6F00080B586B0059004910598029042F6142218
:10B70000C2F2004203921221062300F049FD029882
:10B71000039A1178537841EA032142F61223C2F2C8
:10B7200000431980B3F9001000EE101AB8EEC00AF9
:10B7300040F20001C2F2004191ED001A20EE010A30
:10B74000DDF810C08CED000A92F802C092F803E018
:10B750004CEA0E2CA3F800C0B3F900C000EE10CAEA
:10B76000B8EEC00A91ED001A20EE010ADDF810C013
:10B770008CED010A92F804C092F805E04CEA0E2C18
:10B78000A3F800C0B3F9003000EE103AB8EEC00ADA
:10B7900091ED001A20EE010A049981ED020A0021C0
:10B7A000082300F0C5FC039800780F2840F095802E
:10B7B000FFE70298407900284AD0FFE742F61423B9
:10B7C000C2F200439878D97840EA012042F612216B
:10B7D000C2F200410880B1F9000000EE100AB8EE94
:10B7E000C01A40F20400C2F2004090ED002A049A10
:10B7F00092ED090A91EE020A82ED030A1A7993F892
:10B8000005C042EA0C220A80B1F9002000EE102A9D
:10B81000B8EEC01A90ED002A049A92ED0A0A91EE51
:10B82000020A82ED040A9A79DB7942EA03220A804D
:10B83000B1F9001000EE101AB8EEC01A90ED002A0F
:10B84000049890ED0B0A91EE020A80ED050A43E0A0
:10B8500042F61423C2F200439878D97840EA0120D6
:10B8600042F61221C2F200410880B1F9000000EE58
:10B87000100AB8EEC00A40F20400C2F2004090ED97
:10B88000001A20EE010A049A82ED030A1A7993F84D
:10B8900005C042EA0C220A80B1F9002000EE102A0D
:10B8A000B8EEC00A90ED001A20EE010A049A82ED6B
:10B8B000040A9A79DB7942EA03220A80B1F900107E
:10B8C00000EE101AB8EEC00A90ED001A20EE010A40
:10B8D000049880ED050AFFE7FFE7029842F614227C
:10B8E000C2F2004201922221022300F059FC019988
:10B8F00008784978C00040EA511142F61220C2F29D
:10B9000000400180B0F90000B0F5806F09DBFFE76F
:10B9100042F61221C2F200410888A0F500600880BA
:10B92000FFE742F61220C2F20040B0F9000000EE3C
:10B93000100AB8EEC01AB4EE002AB3EE070AA1EE60
:10B94000020A049880ED070A06B080BD00000000DE
:10B9500080B58AB0089008980590002103918DF871
:10B960001F108DF81E100DF11F02049200F054FC00
:10B9700005989621069100F043FD0399049A0598D5
:10B9800000F04AFC0598069900F03AFD05987E21E2
:10B99000B62200F06DFC0598502100F0E5FC0399FB
:10B9A000049A059800F038FC0598069900F028FDE7
:10B9B0000399049A059800F02FFC0598069900F069
:10B9C0001FFD9DF81F001E2804D0FFE7FF208DF803
:10B9D00027004FE000208DF81E00FFE79DF81E00B5
:10B9E000052843DCFFE705989DF81E1001EB410395
:10B9F00040F2DE11C2F200410291CA18C95C5278CD
:10BA000000F036FC05989621019100F0F9FC0598AC
:10BA100002999DF81E2002EB4202895C0DF11F0283
:10BA200000F0FAFB0598019900F0EAFC02999DF8F4
:10BA30001F009DF81E2002EB420211444978884203
:10BA40000DD0FFE79DF81E0000EB400140F2DE1034
:10BA5000C2F20040084480788DF827000AE0FFE732
:10BA60009DF81E0001308DF81E00B7E700208DF80C
:10BA70002700FFE79DF827000AB080BD0000000006
:10BA800080B594B006AA0292139012911398039075
:10BA9000002011901090FAF78FFE42F61C20C2F29F
:10BAA000004080ED000AFFE7FAF786FE42F61C2010
:10BAB000C2F2004090ED001A30EE410AB2EE041AD4
:10BAC000B4EE410AF1EE10FA1ADDFFE7129943F6DF
:10BAD000AC00C3F622304862129941F2B060C3F65E
:10BAE000CE1088621299C862129941F23F60C4F286
:10BAF0001B10086312990020C4F220208861E1E243
:10BB00009FEDE40AFCF730FA1299002008631299BD
:10BB10004862129988621299C862ADF81600FFE770
:10BB2000BDF8160040F2F011C2F2004109888842C7
:10BB300080F2DA81FFE70398122110AA019206230E
:10BB400000F02EFB9DF840009DF8411040EA0120D6
:10BB5000ADF83E00BDF93E0000EE100AB8EEC00A96
:10BB600040F20000C2F2004090ED001A20EE010AFF
:10BB7000129981ED000A9DF842109DF8432041EA98
:10BB80000221ADF83E10BDF93E1000EE101AB8EEDD
:10BB9000C00A90ED001A20EE010A129981ED010A07
:10BBA0009DF844109DF8452041EA0221ADF83E1071
:10BBB000BDF93E1000EE101AB8EEC00A90ED001A62
:10BBC00020EE010A129880ED020A129890ED002AE8
:10BBD00090ED010A90ED021A20EE000AA2EE020A90
:10BBE000A1EE010A04F0B4FF02990398019A81EDD5
:10BBF000020A91ED021A129991ED0C0A30EE010A37
:10BC000081ED0C0A0021082300F092FA9DF8400013
:10BC10000F285FD1FFE79DF842009DF8431040EAEE
:10BC20000120ADF83E00BDF93E0000EE100AB8EE6E
:10BC3000C00A40F20400C2F2004090ED001A20EE6B
:10BC4000010A129981ED030A129991ED031A91EDFF
:10BC5000090A30EE010A81ED090A9DF844109DF8A9
:10BC6000452041EA0221ADF83E10BDF93E1000EE3C
:10BC7000101AB8EEC00A90ED001A20EE010A1299CF
:10BC800081ED040A129991ED041A91ED0A0A30EE41
:10BC9000010A81ED0A0A9DF846109DF8472041EA05
:10BCA0000221ADF83E10BDF93E1000EE101AB8EEBC
:10BCB000C00A90ED001A20EE010A129880ED050AE4
:10BCC000129890ED051A90ED0B0A30EE010A80ED06
:10BCD0000B0AFFE7BDF8160038BBFFE7089807908E
:10BCE0000898069000208DF81500FFE79DF81500D4
:10BCF000022819DCFFE712989DF8152000EB82005E
:10BD0000C0680CA941F8220012989DF8152000EB9C
:10BD10008200C06809A941F82200FFE79DF81500DC
:10BD200001308DF81500E1E764E0029890ED020A19
:10BD300090ED011AB4EE410AF1EE10FA03DDFFE7CF
:10BD400008980790FFE7029890ED020A90ED001A1C
:10BD5000B4EE410AF1EE10FA03DAFFE70898069014
:10BD6000FFE700208DF81400FFE79DF8140002287B
:10BD70003FDCFFE712989DF8141000EB810090ED76
:10BD8000030A0CA800EB810090ED001AB4EE410A02
:10BD9000F1EE10FA0ADDFFE712989DF8142000EB8F
:10BDA0008200C0680CA941F82200FFE712989DF8B4
:10BDB000141000EB810090ED030A09A800EB81004C
:10BDC00090ED001AB4EE410AF1EE10FA0ADAFFE73C
:10BDD00012989DF8142000EB8200C06809A941F870
:10BDE0002200FFE7FFE79DF8140001308DF81400F2
:10BDF000BBE7FFE7029890ED010A90ED001A30EEE4
:10BE0000410A44F69C40C2F2004080ED000A002046
:10BE10008DF81300FFE79DF8130002281DDCFFE7F3
:10BE20009DF813100CA800EB810090ED000A09A802
:10BE300000EB810090ED001A30EE410A44F6A0407C
:10BE4000C2F2004000EB810080ED000AFFE79DF8A0
:10BE5000130001308DF81300DDE744F69C40C2F278
:10BE6000004090ED000AB6EE001AB4EE410AF1EE81
:10BE700010FA2DDCFFE744F6A040C2F2004090ED3E
:10BE8000000A9FED961AB4EE410AF1EE10FA1FDC9B
:10BE900002E000BF0AD7A33B44F6A040C2F2004034
:10BEA00090ED010A9FED8D1AB4EE410AF1EE10FA01
:10BEB0000EDCFFE744F6A040C2F2004090ED020A1B
:10BEC0009FED861AB4EE410AF1EE10FA01DDFFE7AC
:10BED0000AE09FED830AFCF747F8FFE7BDF816007C
:10BEE0000130ADF816001BE640F2F010C2F200403F
:10BEF000008800EE100AB8EE401A129890ED0C0A75
:10BF000080EE010A80ED0C0A00208DF81200FFE798
:10BF10009DF8120002281BDCFFE740F2F010C2F28D
:10BF20000040008800EE100AB8EE401A12989DF802
:10BF3000121000EB810090ED090A80EE010A80EDFD
:10BF4000090AFFE79DF8120001308DF81200DFE7C3
:10BF50000398222110AA022300F022F99DF8400044
:10BF60009DF84110C00040EA5110ADF83E00BDF907
:10BF70003E00B0F5806F07DBFFE7BDF83E00A0F59F
:10BF80000060ADF83E00FFE7BDF93E0000EE100A8C
:10BF9000B8EEC01AB4EE002AB3EE070AA1EE020A08
:10BFA000129880ED060A42F62E21C2F2004108885E
:10BFB00001300880FFE744F69C40C2F2004090ED5B
:10BFC000000A0120B6EE001AB4EE410AF1EE10FAB2
:10BFD000009071DCFFE7129890ED0C0A9FED411A7A
:10BFE00030EE010AB0EEC00A0120B6EE001AB4EE3F
:10BFF000410AF1EE10FA00905EDCFFE744F6A04043
:10C00000C2F2004090ED000A01209FED341AB4EE18
:10C01000410AF1EE10FA00904EDCFFE744F6A04032
:10C02000C2F2004090ED010A01209FED2C1AB4EEFF
:10C03000410AF1EE10FA00903EDCFFE744F6A04022
:10C04000C2F2004090ED020A01209FED241AB4EEE6
:10C05000410AF1EE10FA00902EDCFFE7129890ED05
:10C06000090AB0EEC00A01209FED1F1AB4EE410A82
:10C07000F1EE10FA00901FDCFFE7129890ED0A0A2B
:10C08000B0EEC00A01209FED181AB4EE410AF1EE9D
:10C0900010FA009010DCFFE7129890ED0B0AB0EE5A
:10C0A000C00A9FED111A0020B4EE410AF1EE10FA19
:10C0B000C8BF01200090FFE70098C00700287FF468
:10C0C000F3ACFFE7129890ED0C1A9FED080A80EE92
:10C0D000010A80ED080A14B080BD00BF9A99193E8C
:10C0E0006F12033ACDCC1CC10AD7233CC3F51C41C7
:10C0F00080B584B003908DF80B10039801909DF8E3
:10C100000B100268917200680068694601230B6099
:10C1100040F60001C5F602010822F3F721FF01985D
:10C12000006890F88A0004B080BD000000000000A4
:10C1300080B586B005908DF8131003928DF80B3002
:10C140000598019040F60000C5F602000821EAF7C4
:10C15000EBFB01989DF8131041F08001FFF7C8FF39
:10C16000FFE79DF80B0078B1FFE701985521FFF735
:10C17000BFFF039908700398013003909DF80B00EE
:10C1800001388DF80B00ECE740F60000C5F6020020
:10C190000821EAF7C9FB06B080BD000000000000DE
:10C1A00080B586B005908DF8131003928DF80B3092
:10C1B0000598019040F60000C5F602000121EAF75B
:10C1C000B3FB01989DF8131041F08001FFF790FF39
:10C1D00001989DF8131041F08001FFF789FFFFE7F8
:10C1E0009DF80B0078B1FFE701985521FFF780FF1C
:10C1F000039908700398013003909DF80B000138F3
:10C200008DF80B00ECE740F60000C5F602000121B6
:10C21000EAF78AFB06B080BD80B588B007908DF83C
:10C220001B1005920798029040F60000C5F6020028
:10C23000049001210391EAF777FB02989DF81B1007
:10C2400041F08001FFF754FF029855210191FFF75B
:10C250004FFF01990298FFF74BFF0399024604989C
:10C26000059B1A70EAF760FB08B080BD0000000073
:10C2700080B586B005908DF813108DF812200598C2
:10C28000019040F60000C5F60200039001210291E2
:10C29000EAF74AFB01989DF81310FFF729FF019870
:10C2A0009DF81210FFF724FF02990398EAF73CFB70
:10C2B00006B080BD0000000080B586B004900391F8
:10C2C000029204980190039820B9FFE700208DF8AE
:10C2D000170045E00398006843F20001C4F2010131
:10C2E000884207D1FFE7019940F2E860C2F20040BE
:10C2F000086025E00398006843F60001C4F20001DD
:10C30000884207D1FFE7019940F2FC70C2F2004079
:10C31000086014E00398006843F60041C4F200018D
:10C32000884207D1FFE7019940F61010C2F20040A1
:10C33000086003E000208DF8170011E0FFE7FFE739
:10C34000FFE70198FFF778F9FFE701980299FFF7F7
:10C350008FF908B1FFE7F8E701208DF81700FFE734
:10C360009DF8170006B080BD87B00690ADF8161096
:10C3700006990020049003900290019000904EF2E4
:10C380001400CEF2000000680090BDF81600C968E5
:10C39000484304904EF21800CEF20000006803906B
:10C3A000FFE74EF21800CEF20000006802900298FB
:10C3B000039988421ED0FFE702980399884207D26A
:10C3C000FFE703980299411A01980844019008E098
:10C3D00000980299401A0399014401980844019079
:10C3E000FFE70298039001980499884201D3FFE780
:10C3F00001E0FFE7D5E707B070470000000000004C
:10C4000087B00690ADF816100699002004900390AE
:10C410000290019000904EF21400CEF200000068ED
:10C420000090BDF816008968484304904EF2180049
:10C43000CEF2000000680390FFE74EF21800CEF243
:10C440000000006802900298039988421ED0FFE71E
:10C4500002980399884207D2FFE703980299411A8C
:10C4600001980844019008E000980299401A039945
:10C470000144019808440190FFE702980390019855
:10C480000499884201D3FFE701E0FFE7D5E707B051
:10C49000704700000000000081B00090009800216B
:10C4A000017141718160C16001B0704700000000FE
:10C4B00080B582B001900198009002F0E9FA0098EE
:10C4C000002180F8581002B080BD0000000000007C
:10C4D00082B00190009100994FF07E500860009961
:10C4E00000204860009988600099C86002B07047D9
:10C4F00081B0009000984FF07E51016000214160B2
:10C500000022C4F27A428260C1600161416101B0DF
:10C51000704700000000000081B0009000984FF0CC
:10C520007E5101604FF07F5181600021C4F23421BF
:10C53000C1600021C4F2F011416181614CF68601B5
:10C54000C3F23661C1614FF06751016248F2413177
:10C55000C3F6F631416246F26661C3F6A6718162A6
:10C560004CF28F21C3F67541C162002101634CF684
:10C57000CD42C4F21812426380F840100022C4F287
:10C58000C822C0F89020C0F8941001B07047000095
:10C5900080B588B007900798049090F8511000EB90
:10C5A000C10251680131516090F851000146059176
:10C5B000042800F2AF810599DFE811F005001200B0
:10C5C0002000BE0077010498406DFDF7F9FF0128B7
:10C5D00005D1FFE70498012102F00EFAFFE799E187
:10C5E0000498406DFDF7ECFF012805D1FFE70498A2
:10C5F000022102F001FA00E0FFE78BE1049890F8D5
:10C60000511000EBC1004068012835D1FFE70498C4
:10C61000406D00F515700321039100F03DFF039973
:10C620000498406D00F55E7000F036FF03990498A1
:10C63000406D00F29C4000F02FFF0498416D01F521
:10C64000157001F6F80191ED000A00F0E5FE04987E
:10C65000416D01F55E7001F6F40191ED000A00F004
:10C66000DBFE0498416D01F29C4001F6F40191ED6E
:10C67000000A00F0D1FEFFE70498406DFDF77CFF53
:10C680009FEDA81AB4EE410AF1EE10FA32DAFFE794
:10C69000049890F8511000EBC1004068B0F5FA7FA3
:10C6A00028D9FFE70498416D01F5057001F5126185
:10C6B00091ED000AFCF7E8FD049890F8511000EBAA
:10C6C000C1004068B0F52F7F13D9FFE70498406D93
:10C6D00000F55E709FED900A8DED020A00F09CFE61
:10C6E00004989DED020A406D00F29C4000F094FE1B
:10C6F000FFE7FFE70498406DFDF762FF012819D1BD
:10C70000FFE70498406DFDF737FF9FED871AB4EE01
:10C71000410AF1EE10FA0DDDFFE740F20410C2F21B
:10C7200000400078C00728B1FFE70498032102F019
:10C7300063F900E0FFE7EDE0049890F8511000EB9A
:10C74000C10149680139B1FA81F149098DF81B101D
:10C75000406D00F515700321009100F09DFE0498D6
:10C76000406D9DF81B1001F00101FDF76DFE009971
:10C770000498406D00F55E7000F08EFE00990498FC
:10C78000406D00F29C4000F087FE0498406D00F57B
:10C790005E709FED610A8DED010A00F03DFE9DED9A
:10C7A000010A0498406D00F29C4000F035FE0498A8
:10C7B000406D00F6341191ED000A00F6381090ED4E
:10C7C000001A30EE410A02F08BFF9FED541AB4EECE
:10C7D000410AF1EE10FA08DAFFE746F2EA21C2F266
:10C7E000004108880130088006E046F2EA21C2F2E2
:10C7F000004100200880FFE70498406DFDF7E0FE4F
:10C80000012850D1FFE70498406DFDF7B5FE9FED7C
:10C81000441AB4EE410AF1EE10FA44DDFFE7049841
:10C82000406D00F6341191ED000A00F6381090EDDD
:10C83000001A30EE410A02F053FF9FED381AB4EEB1
:10C84000410AF1EE10FA2EDAFFE746F2EA20C2F2D0
:10C8500000400088C82826DBFFE70498406DFDF7FC
:10C86000BFFD02281FD1FFE740F20410C2F20040D2
:10C870000078C007B8B1FFE740F2F410C2F2004000
:10C88000006801280FD1FFE70498416D01F505709C
:10C8900001F61C1191ED000AFCF7F6FC0498042146
:10C8A00002F0AAF800E0FFE734E040F2F410C2F230
:10C8B00000400068012801D1FFE7FFE7049890F8E5
:10C8C000511000EBC1004068B0F5FA7F21D9FFE7B5
:10C8D00040F2F410C2F20040006801280BD1FFE7DB
:10C8E0000498416D01F5057001F61C1191ED000AE7
:10C8F000FCF7CAFCFFE742F69011C2F2004108685B
:10C900000130086040F20411C2F2004100200870BA
:10C91000FFE7FFE708B080BDEC51783F0000C84258
:10C920003333733F295C8F3D1F856B3F0000000050
:10C9300080B582B001900198009002F0A9F80098AB
:10C94000012180F8581002B080BD000000000000F6
:10C9500081B00090009890ED010A01B0704700008E
:10C9600080B58CB00B900A91ADF826200B98019001
:10C97000BDF82600082801DCFFE763E10020ADF8E0
:10C980002400FFE7BDF82400BDF8261009398842CD
:10C9900000F35881FFE701990A98BDF82420805CD4
:10C9A0000978884240F04781FFE70A99BDF82400E2
:10C9B00008444078032840F03E81FFE70A99BDF81B
:10C9C000240008448078042840F03581FFE701986E
:10C9D0000A9ABDF824100A44D179127A41EA022158
:10C9E000ADF822100A99BDF824201144072200F066
:10C9F0006BF9ADF82000BDF82200BDF82010884288
:10CA000040F01381FFE701980A9ABDF82410114401
:10CA1000C9788DF81F100A9ABDF8241011440979BD
:10CA20008DF81E100A9ABDF82410114449798DF82A
:10CA30001D100A9ABDF82410114489798DF81C1034
:10CA40009DF81F1009069DF81E2041EA02419DF83D
:10CA50001D2041EA02219DF81C201144816090EDC7
:10CA6000020AB8EEC00A9FED7A1A20EE010A8DED97
:10CA7000060A42F62020C2F2004090ED000AB5EE10
:10CA8000400AF1EE10FA25D1FFE742F62020C2F26B
:10CA9000004090ED010AB5EE400AF1EE10FA19D10E
:10CAA000FFE742F62020C2F2004090ED020AB5EE08
:10CAB000400AF1EE10FA0DD1FFE79DED060A42F6AD
:10CAC0002020C2F2004080ED020A80ED010A80EDD4
:10CAD000000AFFE7069942F62C22C2F200421378C0
:10CAE00042F62020C2F2004040F8231011780131B4
:10CAF00045F25653C5F25553A1FB03C303EB430361
:10CB0000C91A11700168049141680391806802900C
:10CB10009DED040A9DED031AB4EE410AF1EE10FA00
:10CB20000ADCFFE79DED030A9DED021AB4EE410A0F
:10CB3000F1EE10FA14DDFFE79DED020A9DED031AF8
:10CB4000B4EE410AF1EE10FA0DDCFFE79DED030AA9
:10CB50009DED041AB4EE410AF1EE10FA03DCFFE792
:10CB6000039805902EE09DED030A9DED041AB4EEA6
:10CB7000410AF1EE10FA0ADCFFE79DED040A9DED93
:10CB8000021AB4EE410AF1EE10FA14DDFFE79DED52
:10CB9000020A9DED041AB4EE410AF1EE10FA0DDC22
:10CBA000FFE79DED040A9DED031AB4EE410AF1EE94
:10CBB00010FA03DCFFE70498059002E00298059064
:10CBC000FFE7FFE7019890ED010AFBF7A5F910EEEA
:10CBD000100A04F041FC41EC100B9FED1B1B53ECC1
:10CBE000112B51EC100B04F077FC20B9FFE70199F1
:10CBF00005984860FFE7019840F20C01C2F200413D
:10CC000091ED001A9DED052AB7EE000A30EE410ABB
:10CC100090ED013A20EE030AA1EE020A80ED010A2E
:10CC2000E9F7AEFE0199C860FFE7BDF824000930BE
:10CC3000ADF8240005E0BDF824000130ADF8240073
:10CC4000FFE79FE60CB080BDFCA9F1D24D62503FDA
:10CC5000727326390000000080B584B00390029101
:10CC6000ADF8062003980299BDF80620FFF778FE7C
:10CC700004B080BD0000000080B584B0039003982C
:10CC800000900278014601F8102F019103224274AE
:10CC900000228274C274027502224275062200F0DC
:10CCA00013F8009A01460198ADF80A10BDF80A1071
:10CCB00091759DF80B10D1750821F2F7C1FF04B0F2
:10CCC00080BD00000000000084B003900291ADF828
:10CCD00006204FF6FF70ADF80400FFE7BDF8060030
:10CCE000411EADF8061070B3FFE70298411C029197
:10CCF0000178BDF804004840ADF804000020009021
:10CD0000FFE7009807281DDCFFE7BDF80400C00717
:10CD100068B1FFE7BDF804004008ADF80400BDF8B5
:10CD200004004AF201014840ADF8040005E0BDF8F6
:10CD300004004008ADF80400FFE7FFE70098013069
:10CD40000090DEE7CAE7BDF8040004B070470000B9
:10CD500082B001908DF8031001989DF803100170C6
:10CD6000002141608160C16002B070470000000096
:10CD700081B0009000984FF49071018048F28001DA
:10CD8000818001B07047000080B586B0059005989D
:10CD90000090D0F8A0002C300190019804A9FAF777
:10CDA000FBFB019802300DF10E01FAF7F5FB01983B
:10CDB000043003A9FAF7F0FB019806300DF10A01DF
:10CDC000FAF7EAFB009890F8B40001282CD1FFE7AD
:10CDD0000099BDF81000D1F8E020801AADF81200DB
:10CDE000BDF91200B1F8B6104A42C1EBD271B0EBF6
:10CDF000610F07DAFFE70099D1F8E8000130C1F8C8
:10CE0000E80010E00099BDF91200B1F8B610B0EBDF
:10CE1000510F07DDFFE70099D1F8E8000138C1F8AC
:10CE2000E800FFE7FFE7FFE70098D0F8E810B0F868
:10CE3000B620BDF8103001FB0231C0F8E41090EDCF
:10CE40002B1A90ED390AB8EEC00AB0F8B61002EE0F
:10CE5000101AB8EE422A80EE020A9FED312A20EE27
:10CE6000020A80EE010A80ED320A90ED2B1A90ED55
:10CE7000390AB8EEC00AB0F8B61002EE101AB8EED1
:10CE8000422A80EE020A30EE000A9FED262A20EEAA
:10CE9000020A80EE010A80ED330ABDF90E1000EEA1
:10CEA000101AB8EEC00A9FED201A20EE010A90ED8C
:10CEB0002B1A80EE010A80ED340ABDF90E1000EE47
:10CEC000101AB8EEC00AB1EE081A20EE010A90ED71
:10CED0002B1A80EE010A80ED350ABDF90C1000EE28
:10CEE000101AB8EEC00A80ED360ABDF90A1000EE3D
:10CEF000101AB8EEC00A9FED0D1A30EE010A80ED4F
:10CF0000370ABDF81010C0F8E01090F8B40028B946
:10CF1000FFE70099012081F8B400FFE706B080BD6B
:10CF20000000B443DB0F49405077D63D339388432C
:10CF300081B000900098B0F8B80001B070470000D0
:10CF400082B001908DED000A01990098C1F80001AE
:10CF500002B070470000000080B582B001900091DF
:10CF60000198D0F8BC100131C0F8BC10FFF70CFFDD
:10CF700002B080BD0000000082B001908DF8031067
:10CF800001999DF8030081F8F40002B07047000099
:10CF900080B586B005900598039090F8F40001469E
:10CFA000049103286AD80499DFE801F00214263EB0
:10CFB000039890ED2C1A90ED420A80EE010AB0F829
:10CFC000B81001EE101AB8EEC11A20EE010A80ED79
:10CFD000430A58E0039890ED2C1A90ED420A80EE37
:10CFE000010AB0F8B81001EE101AB8EEC11A20EE1E
:10CFF000010A80ED430A46E0039901F150000290D6
:10D0000091ED410A02F07CF90298039991ED340AFE
:10D0100002F026FB029802F08BF9029802F018FB4E
:10D02000039880ED430A2EE0039890ED400A02F049
:10D0300067F9039890ED440A02F012FB039802F09E
:10D0400077F9039802F004FB039981ED410A01F19D
:10D050005000019091ED410A02F052F901980399B4
:10D0600091ED340A02F0FCFA019802F061F901989E
:10D0700002F0EEFA039880ED430A04E003990020E1
:10D08000C1F80C01FFE7039800F08AF806B080BDF4
:10D0900080B584B0039003990291D1F8BC00D1F817
:10D0A000C010884211D1FFE70298002180F8C41017
:10D0B0009FED0C0A8DED010A02F02EF902989DED0C
:10D0C000010A503002F028F904E00299012081F8A9
:10D0D000C400FFE70299D1F8BC00C1F8C00004B059
:10D0E00080BD00BF0000000080B586B005900491AF
:10D0F0008DF80F208DF80E308DED020ACDED010A6E
:10D1000005980090049800684AF20001C4F20001FA
:10D11000884208D1FFE7009940F29820C2F200400F
:10D12000C1F8A00023E0049800684AF20041C4F26C
:10D130000001884208D1FFE7009940F2E820C2F2DE
:10D140000040C1F8A00011E0049800684DF20041D1
:10D15000C4F20001884208D1FFE7009940F2743020
:10D16000C2F20040C1F8A000FFE7FFE7FFE7009927
:10D170009DF80F0081F8A4009DF80E0081F8F400DE
:10D180000298C1F8AC000198C1F8B00004989DF86D
:10D190000F10F9F7DDF90099C1F8A80006B080BDBD
:10D1A00081B00090009991ED430ABDEEC00A10EEE7
:10D1B000100A000AD1F8A820107091ED430ABDEEC4
:10D1C000C00A10EE100AD1F8A810487001B07047DC
:10D1D00080B582B001900198009002F04DFA00985D
:10D1E000503002F049FA00980021C4F21021C0F832
:10D1F000AC10002180F8B4104FF40052A0F8B62013
:10D2000042F21072A0F8B820C0F8BC10C0F8C010EC
:10D2100080F8C410032280F8F420C0F8F810C0F899
:10D22000FC10C0F80011C0F80411C0F80811C0F8D3
:10D230000C11C0F81011C0F8141102B080BD00002C
:10D2400080B586B0059005980090D0F8B0002C30DD
:10D250000190019804A9FAF79FF9019802300DF1A5
:10D260000E01FAF799F90198043003A9FAF794F935
:10D27000019806300DF10A01FAF78EF9009890F83E
:10D28000C00001282CD1FFE70099BDF81000D1F8AB
:10D29000EC20801AADF81200BDF91200B1F8C210EE
:10D2A0004A42C1EBD271B0EB610F07DAFFE7009998
:10D2B000D1F8F4000130C1F8F40010E00099BDF994
:10D2C0001200B1F8C210B0EB510F07DDFFE7009973
:10D2D000D1F8F4000138C1F8F400FFE7FFE7FFE7F9
:10D2E0000098D0F8F410B0F8C220BDF8103001FB5F
:10D2F0000231C0F8F01090ED2E1A90ED3C0AB8EE15
:10D30000C00AB0F8C21002EE101AB8EE422A80EE3F
:10D31000020A30EE000A9FED302A20EE020A80EE6B
:10D32000010A80ED360A90ED2E1A90ED3C0AB8EE17
:10D33000C00AB0F8C21002EE101AB8EE422A80EE0F
:10D34000020A9FED262A20EE020A80EE010A80EDF5
:10D35000350ABDF90E1000EE101AB8EEC00A9FEDA6
:10D36000201A20EE010A90ED2E1A80EE010A80EDBF
:10D37000370ABDF90E1000EE101AB8EEC00AB1EE71
:10D38000081A20EE010A90ED2E1A80EE010A80EDB7
:10D39000380ABDF90C1000EE101AB8EEC00A80ED84
:10D3A000390ABDF90A1000EE101AB8EEC00A9FED56
:10D3B0000D1A30EE010A80ED3A0ABDF81010C0F8DF
:10D3C000EC1090F8C00028B9FFE70099012081F81F
:10D3D000C000FFE706B080BDDB0F49400000B4434A
:10D3E0005077D63D3393884381B00090009890EDFC
:10D3F000350A01B07047000081B00090009890EDB0
:10D40000390A01B07047000081B000900098B0F870
:10D41000C40001B07047000082B001908DED000A99
:10D4200001990098C1F80C0102B07047000000009B
:10D4300082B001908DED000A01990098C1F81401A5
:10D4400002B070470000000080B582B001900091EA
:10D450000198D0F8C8100131C0F8C810FFF7F0FEED
:10D4600002B080BD0000000082B001908DED000A86
:10D4700001990098C1F81C0102B07047000000003B
:10D4800082B001908DED000A01990098C1F8100159
:10D4900002B070470000000082B001908DF80310C8
:10D4A00001999DF8030081F8000102B07047000067
:10D4B00080B586B005900598039090F8000101466C
:10D4C000049103286DD80499DFE801F00214263E88
:10D4D000039890ED2F1A90ED450A80EE010AB0F8FE
:10D4E000C41001EE101AB8EEC11A20EE010A80ED48
:10D4F000460A5BE0039890ED2F1A90ED450A80EE06
:10D50000010AB0F8C41001EE101AB8EEC11A20EEEC
:10D51000010A80ED460A49E0039901F154000290A6
:10D5200091ED440A01F0ECFE0298039991ED370A5F
:10D5300002F096F8029801F0FBFE029802F088F8DB
:10D54000039880ED460A31E00399081D009091EDA3
:10D55000430A01F0D5FE0098039991ED470A02F0C5
:10D560007FF8009801F0E4FE009802F071F803994A
:10D5700081ED440A01F15400019091ED440A01F05B
:10D58000BFFE0198039991ED370A02F069F80198FE
:10D5900001F0CEFE019802F05BF8039880ED460A98
:10D5A00004E003990020C1F81801FFE7039800F098
:10D5B0008BF806B080BD000080B584B0039003995D
:10D5C0000291D1F8C800D1F8CC10884212D1FFE7FF
:10D5D0000298002180F8D01004309FED0C0A8DEDE8
:10D5E000010A01F099FE02989DED010A543001F004
:10D5F00093FE04E00299012081F8D000FFE7029930
:10D60000D1F8C800C1F8CC0004B080BD0000000013
:10D6100080B586B0059004918DF80F208DF80E30FE
:10D620008DED020ACDED010A05980090049800687E
:10D630004AF20001C4F20001884208D1FFE70099D4
:10D6400040F29820C2F20040C1F8B00023E00498F4
:10D6500000684AF20041C4F20001884208D1FFE7A5
:10D66000009940F2E820C2F20040C1F8B00011E099
:10D67000049800684DF20041C4F20001884208D1CC
:10D68000FFE7009940F27430C2F20040C1F8B000E8
:10D69000FFE7FFE7FFE700999DF80F0081F8B4006E
:10D6A0009DF80E0081F800010298C1F8B8000198B9
:10D6B000C1F8BC0004989DF80F10F8F749FF0099D5
:10D6C000C1F8AC0006B080BD81B00090009991ED2A
:10D6D000460ABDEEC00A10EE100A000AD1F8AC20CE
:10D6E000107091ED460ABDEEC00A10EE100AD1F896
:10D6F000AC10487001B0704780B582B001908DEDDC
:10D70000000A01980099C0F81811FFF7DDFF02B078
:10D7100080BD00000000000080B582B0019001983B
:10D72000009041F60011C0F602010831016004309A
:10D7300001F0A2FF0098543001F09EFF00980021F4
:10D74000C0F8A81080F8C0104FF40052A0F8C22012
:10D750004FF48042A0F8C420C0F8C810C0F8CC1024
:10D7600080F8D010032280F80021C0F80411C0F81E
:10D770000811C0F80C11C0F81011C0F81411C0F84D
:10D780001811C0F81C11C0F8201102B080BD0000B3
:10D7900080B58CB00B900B980590D0F888012C3098
:10D7A000079007980AA9F9F7F7FE079802300DF1DC
:10D7B0002601F9F7F1FE0798043009A9F9F7ECFE04
:10D7C000079806300DF12201F9F7E6FE059890F86A
:10D7D000A00101282CD1FFE70599BDF82800D1F858
:10D7E000E821801AADF82A00BDF92A00B1F8A2118B
:10D7F0004A42C1EBD271B0EB610F07DAFFE705993E
:10D80000D1F8F0010130C1F8F00110E00599BDF93F
:10D810002A00B1F8A211B0EB510F07DDFFE705991F
:10D82000D1F8F0010138C1F8F001FFE7FFE7FFE7A9
:10D830000598D0F89421D0F8F011B0F8A231BDF8D5
:10D8400028C001FB03C11144C0F8EC11BDF8281039
:10D85000A0F8BC11BDF8281000EE101AB8EE400A6E
:10D86000B0F8A21101EE101AB8EE411A80EE010ACA
:10D8700030EE000A9FED701A20EE010A80ED700A6A
:10D8800090ED7B0AB8EEC00AB0F8A21102EE101AB1
:10D89000B8EE422A80EE020A9FED682A20EE020AC4
:10D8A00080ED740A90ED7B0AB8EEC00AB0F8A211C0
:10D8B00002EE101AB8EE422A80EE020A30EE000A9A
:10D8C00020EE010A80ED750A00F5B070BDF9261052
:10D8D00000EE101AB8EEC00AF8F7C6FD059890EDF4
:10D8E000580A9FED571A20EE010A80ED760A90ED56
:10D8F000580AB1EE081A20EE010A80ED770ABDF948
:10D90000241000EE101AB8EEC00A80ED780ABDF9B6
:10D91000221000EE101AB8EEC00A9FED4A1A30EE3F
:10D92000010A80ED790A00F097F805988DED040A58
:10D9300000F0A2F8B0EE401A9DED040AB4EE410AE0
:10D94000F1EE10FA22DDFFE7059800F085F8059862
:10D950008DED030A00F090F89DED031A30EE410AB8
:10D960008DED060A9DED060A9FED381AB4EE410AC8
:10D97000F1EE10FA09DCFFE79DED060A9FED341A7F
:10D9800030EE010A8DED060AFFE739E0059800F058
:10D9900063F805988DED020A00F06EF8B0EE401ABB
:10D9A0009DED020AB4EE410AF1EE10FA24DCFFE725
:10D9B000059800F061F805988DED010A00F04CF82B
:10D9C000B0EE401A9DED010A30EE410A8DED060AD7
:10D9D0009DED060A9FED181AB4EE410AF1EE10FA19
:10D9E00009DBFFE79DED060A9FED171A30EE010AED
:10D9F0008DED060AFFE702E000200690FFE7FFE753
:10DA000005980699C0F85411BDF82810C0F8E8111F
:10DA1000D0F8EC11C0F8F411D0F8D011C0F8F8111A
:10DA200090F8A00128B9FFE70599012081F8A0012D
:10DA3000FFE70CB080BD00BFDB0F49400000B443DE
:10DA40005077D63D33938843DB0FC9C0DB0F49C005
:10DA5000DB0FC9400000000081B00090009890EDFD
:10DA6000750A01B07047000081B000900098B0F8CE
:10DA7000A40101B07047000081B00090009890EDC3
:10DA8000670A01B07047000082B001908DED000A76
:10DA900001990098C1F8080202B070470000000028
:10DAA00080B582B0019000910198D0F8C411013185
:10DAB000C0F8C411FFF76CFE02B080BD000000008A
:10DAC00082B001908DF8031001999DF8030081F850
:10DAD000FC0102B07047000080B586B0DDF820C0C0
:10DAE000059004918DF80F208DF80E308DED020A0F
:10DAF00005980190049800684AF20001C4F2000100
:10DB0000884208D1FFE7019940F29820C2F2004014
:10DB1000C1F8880123E0049800684AF20041C4F289
:10DB20000001884208D1FFE7019940F2E820C2F2E3
:10DB30000040C1F8880111E0049800684DF20041EE
:10DB4000C4F20001884208D1FFE7019940F2743025
:10DB5000C2F20040C1F88801FFE7FFE7FFE7019943
:10DB60009DF80F0081F88C019DF80E0081F8FC01F2
:10DB70000898C1F894010298C1F8980104989DF89A
:10DB80000F10F8F7E5FC01460198C0F8901100F578
:10DB9000BE700521F8F708FC019800F5B0709FED04
:10DBA000030AF8F719FC06B080BD00BF00000000B2
:10DBB00080B582B001900198009001F05DFD009861
:10DBC000503001F059FD0098A03001F055FD00984B
:10DBD000F03001F069FD00980021C0F854114FF0B9
:10DBE0007E52C0F85821C0F85C1180F8A0114FF4A3
:10DBF0000052A0F8A2214FF47A52A0F8A421C0F854
:10DC0000A811C0F8AC11C0F8B011C0F8B411C0F838
:10DC1000B811A0F8BC11C0F8C011C0F8C411C0F808
:10DC2000C81180F8CC11052280F8FC21C0F8001240
:10DC3000C0F80412C0F80812C0F80C12C0F8101294
:10DC4000C0F8141202B080BD81B00090009800F6B8
:10DC5000983090ED000A01B070470000000000000D
:10DC600082B001908DED000A01990098C1F83C0B3B
:10DC700002B070470000000082B001908DED000AF4
:10DC800001990098C1F8400B02B0704700000000F5
:10DC900081B00090009800F5396090ED000A01B065
:10DCA000704700000000000081B00090009800F66E
:10DCB000943090ED000A01B07047000000000000B1
:10DCC00081B00090009890F88C0B01B07047000074
:10DCD00080B58AB00890089805900990FBF788FBFA
:10DCE00005981C30FBF784FB05983830FBF780FB68
:10DCF00005985430FDF78CFC05989C30FEF70CFC21
:10DD0000059901F5AE7001F2EC5106910790FFE71D
:10DD100007980490FFF700FD0498069A00F59271A9
:10DD2000084691420790F3D1FFE7059901F2EC50C4
:10DD300001F6EC2102910390FFE70398019000F0B7
:10DD40001FF90198029A00F5A071084691420390CC
:10DD5000F3D1FFE7059800F6EC2001F08DFC059962
:10DD60004FF07C50C1F8480B4FF08140C1F84C0B8C
:10DD700046F20000C4F2EA60C1F8500B4FF08D404B
:10DD8000C1F8540B0020C1F8580BC1F8780BC1F84A
:10DD90007C0BC1F8800BC1F8840BC1F8880B81F8AB
:10DDA0008C0B81F88D0BC1F8900BC1F8940BC1F866
:10DDB000980BC1F89C0BC1F8A00BC1F8A40B0998F3
:10DDC0000AB080BD0000000080B582B001900198CB
:10DDD000009000F05DFE009802B080BD00000000E1
:10DDE00081B0009000984FF40071018001B070473D
:10DDF00080B582B001900198009000F049FE009833
:10DE00000021C4F2164181654FF07C51C1650021AB
:10DE10000166416602B080BD80B588B00790079862
:10DE2000059090F8000101460691062800F29D80B9
:10DE30000699DFE801F0041628409A9A6D000598CB
:10DE400090ED2F1A90ED450A80EE010AB0F8C4104B
:10DE500001EE101AB8EEC11A20EE010A80ED460A52
:10DE600088E0059890ED2F1A90ED450A80EE010AA2
:10DE7000B0F8C41001EE101AB8EEC11A20EE010A73
:10DE800080ED460A76E0059901F15400049091ED89
:10DE9000440A01F035FA0498059991ED370A01F02A
:10DEA000DFFB049801F044FA049801F0D1FB0598D7
:10DEB00080ED460A5EE00599081D029091ED430A47
:10DEC00001F01EFA0298059991ED360A01F0C8FB9F
:10DED000029801F02DFA029801F0BAFB059981ED44
:10DEE000440A01F15400039091ED440A01F008FA4C
:10DEF0000398059991ED370A01F0B2FB039801F000
:10DF000017FA039801F0A4FB059880ED460A31E06A
:10DF10000599081D009091ED430A01F0F1F9009870
:10DF2000059991ED4C0A01F09BFB009801F000FA75
:10DF3000009801F08DFB059981ED440A01F1540030
:10DF4000019091ED440A01F0DBF90198059991EDFA
:10DF5000370A01F085FB019801F0EAF9019801F018
:10DF600077FB059880ED460A04E005990020C1F88A
:10DF70001801FFE70598FFF7A7FB08B080BD000078
:10DF800080B582B0019001980090FFF7C5FB009822
:10DF900041F60C11C0F60201083101600021C0F801
:10DFA0003011C0F83411C0F83811C0F83C1102B07B
:10DFB00080BD00000000000080B588B006908DEDA7
:10DFC000050ACDED040A8DED031ACDED021A9DED83
:10DFD000030A9DED041A30EE410A01F081FB9FED2A
:10DFE0001F1AB4EE410AF1EE10FA03DAFFE700203F
:10DFF00007902FE09DED050A9DED042A30EE420AC0
:10E000009DED031A31EE421A80EE010A8DED010AF0
:10E010009DED010AB5EE400AF1EE10FA03DAFFE7D2
:10E0200000200190FFE79DED010AB7EE001AB4EE63
:10E03000410AF1EE10FA04DDFFE74FF07E50019047
:10E04000FFE79DED010A9DED021A20EE010A8DED1C
:10E05000070AFFE79DED070A08B080BD6F12833AFB
:10E0600080B586B005900598029090F8511000EBAD
:10E07000C10251680131516090F85100014603918D
:10E08000052800F22B810399DFE801F0032970983D
:10E09000DFEA0298406D00F515700221FFF7FCF9E8
:10E0A0000299486D00F5157091ED170AFFF7E8F930
:10E0B0000298406D00F51570FFF79EF901F010FB16
:10E0C000029890ED161AB4EE410AF1EE10FA05DD51
:10E0D000FFE70298012100F08FFCFFE7FEE00298C5
:10E0E00090F8511000EBC1004068652826D3FFE787
:10E0F0000298406D00F51570FFF776F9029880EDF3
:10E10000180A406D00F515700121FFF7C5F9029856
:10E11000406D00F515709FED720A8DED010AFFF755
:10E1200087F99DED010A0298406D00F51570FFF723
:10E13000E3FA0298022100F05FFC16E00298406DBD
:10E1400000F51570FFF758F901F0CAFA029890ED42
:10E15000161AB4EE410AF1EE10FA05DAFFE702985A
:10E16000002100F049FCFFE7FFE7B7E00298406DAF
:10E1700000F515700221FFF78FF90299486D00F53F
:10E18000157091ED170AB1EE400AFFF779F9029880
:10E19000406D00F51570FFF72FF901F0A1FA029814
:10E1A00090ED161AB4EE410AF1EE10FA05DDFFE724
:10E1B0000298032100F020FCFFE78FE0029890F81E
:10E1C000511000EBC1004068652826D3FFE7029894
:10E1D000406D00F51570FFF707F9029880ED190AF8
:10E1E000406D00F515700121FFF756F90298406D5A
:10E1F00000F515709FED3A0A8DED000AFFF718F94A
:10E200009DED000A0298406D00F51570FFF774FA55
:10E210000298042100F0F0FB16E00298406D00F532
:10E220001570FFF7E9F801F05BFA029890ED161A05
:10E23000B4EE410AF1EE10FA05DAFFE70298022186
:10E2400000F0DAFBFFE7FFE748E0029840F20052F7
:10E25000C2F2004201211170052100F0CDFB3DE02A
:10E260000298406D00F51570FFF7BEF8029890ED2A
:10E27000181AD0ED190AF7EE001AFFF79DFE029862
:10E280008DED040A406D9DED040AFCF781F90298BA
:10E29000406D00F515709DED040AFFF7E5F840F2BA
:10E2A0000150C2F200400078C007B0B1FFE740F271
:10E2B0000050C2F200400078C00770B1FFE740F2A2
:10E2C0000510C2F200400078C00730B1FFE70298A5
:10E2D000406D0121FCF77CF9FFE7FFE706B080BD48
:10E2E000000000000000000080B582B0019001989D
:10E2F000009000F0CDFB009848F20001C4F2D44138
:10E3000081650021C4F22021C165002101664166BA
:10E3100002B080BD0000000080B588B006908DED91
:10E32000050ACDED040A8DED031ACDED021A9DED1F
:10E33000030A9DED041A30EE410A01F0D1F99FED78
:10E340001F1AB4EE410AF1EE10FA03DAFFE70020DB
:10E3500007902FE09DED050A9DED042A30EE420A5C
:10E360009DED031A31EE421A80EE010A8DED010A8D
:10E370009DED010AB5EE400AF1EE10FA03DAFFE76F
:10E3800000200190FFE79DED010AB7EE001AB4EE00
:10E39000410AF1EE10FA04DDFFE74FF07E500190E4
:10E3A000FFE79DED010A9DED021A20EE010A8DEDB9
:10E3B000070AFFE79DED070A08B080BD6F12833A98
:10E3C00080B594B0139013980E9090F8511000EB14
:10E3D000C10251680131516090F8510001460F911E
:10E3E000052800F26C820F99DFE811F006004D005D
:10E3F000F3003E01E60104020E98406D00F55E70E8
:10E4000002210D91FFF748F80D990E98406D00F22A
:10E410009C40FFF741F80E99486D00F55E7091ED54
:10E42000180AFFF72DF80E99486D00F29C4091ED07
:10E43000180AFFF725F80E98406D00F55E70FEF79C
:10E44000DBFF01F04DF90E9890ED161AB4EE410A7B
:10E45000F1EE10FA16DDFFE70E98406D00F29C40D9
:10E46000FEF7CAFF01F03CF90E9890ED161AB4EED3
:10E47000410AF1EE10FA05DDFFE70E98012100F0E8
:10E48000BBFAFFE71BE20E9890F8511000EBC100B9
:10E490004068652826D3FFE70E98406D00F55E7052
:10E4A000FEF7A2FF0E9880ED190A406D00F55E7030
:10E4B00001210C91FEF7F0FF0E98406D00F55E70A3
:10E4C0009FEDCB0A8DED0B0AFEF7B2FF9DED0B0A17
:10E4D0000E98406D00F55E70FFF70EF90E990C98DE
:10E4E00048671BE00E98406D00F55E70FEF784FFF4
:10E4F00001F0F6F80E9890ED161AB4EE410AF1EE1E
:10E5000010FA0ADAFFE70E9800210A9100F074FA77
:10E510000E990A9848678867FFE7FFE70E9890F81A
:10E52000511000EBC1004068652826D3FFE70E9824
:10E53000406D00F29C40FEF757FF0E9880ED1B0ADD
:10E54000406D00F29C4001210991FEF7A5FF0E9855
:10E55000406D00F29C409FEDDB0A8DED080AFEF74E
:10E5600067FF9DED080A0E98406D00F29C40FFF792
:10E57000C3F80E99099888671BE00E98406D00F269
:10E580009C40FEF739FF01F0ABF80E9890ED161A9B
:10E59000B4EE410AF1EE10FA0ADAFFE70E98002114
:10E5A000079100F029FA0E99079848678867FFE7F6
:10E5B000FFE70E98406F01280AD1FFE70E98806FA1
:10E5C000012805D1FFE70E98022100F015FAFFE7B8
:10E5D00075E10E98406D00F55E7002210691FEF720
:10E5E0005BFF06990E98406D00F29C40FEF754FFC9
:10E5F0000E99486D00F55E7091ED180AB1EE400A73
:10E60000FEF73EFF0E99486D00F29C4091ED180A0E
:10E61000B1EE400AFEF734FF0E98406D00F55E70D3
:10E62000FEF7EAFE01F05CF80E9890ED171AB4EED2
:10E63000410AF1EE10FA16DDFFE70E98406D00F288
:10E640009C40FEF7D9FE01F04BF80E9890ED171A9A
:10E65000B4EE410AF1EE10FA05DDFFE70E98032152
:10E6600000F0CAF9FFE72AE10E9890F8511000EB8C
:10E67000C1004068652826D3FFE70E98406D00F57D
:10E680005E70FEF7B1FE0E9880ED1A0A406D00F53F
:10E690005E7001210591FEF7FFFE0E98406D00F5BA
:10E6A0005E709FED880A8DED040AFEF7C1FE9DEDB8
:10E6B000040A0E98406D00F55E70FFF71DF80E9984
:10E6C0000598C8671BE00E98406D00F55E70FEF778
:10E6D00093FE01F005F80E9890ED171AB4EE410A7A
:10E6E000F1EE10FA0ADAFFE70E98022100F084F941
:10E6F0000E990020C867C1F88000FFE7FFE70E9879
:10E7000090F8511000EBC1004068652827D3FFE75F
:10E710000E98406D00F29C40FEF766FE0E9880ED6C
:10E720001C0A406D00F29C4001210391FEF7B4FEEB
:10E730000E98406D00F29C409FED620A8DED020A3A
:10E74000FEF776FE9DED020A0E98406D00F29C40A9
:10E75000FEF7D2FF0E990398C1F880001BE00E98D7
:10E76000406D00F29C40FEF747FE00F0B9FF0E98A6
:10E7700090ED171AB4EE410AF1EE10FA0ADAFFE74B
:10E780000E98022100F038F90E990020C867C1F8F0
:10E790008000FFE7FFE70E98C06F01280BD1FFE76D
:10E7A0000E98D0F88000012805D1FFE70E980421CB
:10E7B00000F022F9FFE782E00E98416D01F5057047
:10E7C00001F5126191ED000AFAF75EFD0E9846F22E
:10E7D0006022C2F200420021116040F20152C2F2F6
:10E7E000004201211170052100F006F967E000BF29
:10E7F000000000000E98406D00F55E70FEF7F4FD1D
:10E800000E9890ED191AD0ED1A0AF7EE001ACDED18
:10E81000011AFFF781FD0E988DED120A406D00F28E
:10E820009C40FEF7E1FDDDED011A0E9890ED1B1AFC
:10E83000D0ED1C0AFFF770FD0E988DED110A9DEDCD
:10E84000120A9DED111A30EE010AB0EE001A80EEA8
:10E85000010A8DED100A406D9DED100AFBF7A4FE34
:10E860000E98406D00F55E709DED100AFEF7FCFD00
:10E870000E98406D00F29C409DED100AFEF7F4FDED
:10E8800040F20150C2F200400078C007B0B1FFE78B
:10E8900040F20050C2F200400078C00770B1FFE7BC
:10E8A00040F20510C2F200400078C00730B1FFE727
:10E8B0000E98406D0121FBF78BFEFFE7FFE714B0D8
:10E8C00080BD00BF0000000080B582B001900198BB
:10E8D000009000F0DDF8009848F20001C4F23B51CE
:10E8E00081654AF20001C4F20C61C1650021C4F2E5
:10E8F00070210166002141668166C166016741673A
:10E900008167C167C0F8801002B080BD00000000C0
:10E9100080B582B001900198009000F0B9F800989D
:10E920000021C4F2164181654FF07C51C165002180
:10E93000016641668166C166016741678167C1679B
:10E9400002B080BD0000000080B582B00190019847
:10E95000009000F09DF80098002180F8521002B05D
:10E9600080BD00000000000080B582B001900198D9
:10E97000009000F08DF8009848F20001C4F289413F
:10E9800081650021C4F27011C165002101664166F4
:10E9900002B080BD0000000081B00090009840F2FD
:10E9A0000111018001B0704781B0009000984FF4D0
:10E9B0008171018001B0704781B00090009840F2F1
:10E9C0000311018001B0704781B0009000984FF4AE
:10E9D0008271018001B0704781B0009000984FF4BF
:10E9E0008071018001B0704781B0009000984FF4B1
:10E9F0008871018001B0704782B001908DF80310DA
:10EA0000019991F85120002001F8320091F851202D
:10EA100001EBC20250609DF80320012001F8320092
:10EA20009DF8030081F8510002B07047000000001B
:10EA300084B003908DF80B108DF80A200399009193
:10EA40009DF80B0081F850009DF80A0081F85100F4
:10EA500000200190FFE70099019891F8501088423A
:10EA60000EDAFFE70099019A002001F83200019ABE
:10EA700001EBC2014860FFE7019801300190EAE72D
:10EA800000999DF80A20012001F8320004B0704777
:10EA900081B000900098002180F8511001B07047BB
:10EAA00084B0039002918DF80720ADF80430BDF8D2
:10EAB000040002990968C96A884206D9FFE70298EA
:10EAC0000068C06AADF80400FFE7BDF80400B0F1CB
:10EAD000FF3F04DCFFE70020ADF80400FFE79DF8EE
:10EAE0000700014600910C2821D80099DFE801F0C9
:10EAF000071F1F1F0D1F1F1F131F1F1F1900BDF80A
:10EB0000040002990968486311E0BDF80400029905
:10EB1000096888630BE0BDF8040002990968C863BE
:10EB200005E0BDF80400029909680864FFE704B035
:10EB3000704700000000000081B00090009890ED48
:10EB4000410A01B07047000084B003900291019225
:10EB50000093009890ED002A90ED014A90ED026A32
:10EB600090ED035AB6EE001AB0EE417AA6EE467A60
:10EB7000A5EE457A029822EE050A94EE060AD0ED3B
:10EB8000000AD0ED011A90ED023A20EE210AA7EE1C
:10EB9000200A22EE062AA4EE052AA2EE030A30EE8F
:10EBA000000A019880ED000A009890ED002A90ED8F
:10EBB000016A90ED024A90ED035A22EE057AA6EE24
:10EBC000047A0298B0EE410AA6EE460AA5EE450A7E
:10EBD000D0ED000AD0ED011A90ED023A20EE210AA4
:10EBE000A7EE200A22EE062A94EE052AA2EE030AD8
:10EBF00030EE000A019880ED010A009890ED000ABD
:10EC000090ED014A90ED023A90ED032A20EE035A6E
:10EC100094EE025A029820EE040AA3EE020A90ED46
:10EC2000006A90ED017A90ED022A20EE070AA5EE27
:10EC3000060AA4EE441AA3EE431AA1EE020A30EE2D
:10EC4000000A019880ED020A04B07047000000003D
:10EC500084B00390029101920093009890ED002AF5
:10EC600090ED014A90ED026A90ED035AB6EE001A5B
:10EC7000B0EE417AA6EE467AA5EE457A029822EEEB
:10EC8000050AA4EE060AD0ED000AD0ED011A90EDB7
:10EC9000023A20EE210AA7EE200A22EE062A94EE7E
:10ECA000052AA2EE030A30EE000A019880ED000A60
:10ECB000009890ED002A90ED016A90ED024A90EDE7
:10ECC000035A22EE057A96EE047A0298B0EE410AD3
:10ECD000A6EE460AA5EE450AD0ED000AD0ED011ACF
:10ECE00090ED023A20EE210AA7EE200A22EE062A33
:10ECF000A4EE052AA2EE030A30EE000A019880ED88
:10ED0000010A009890ED000A90ED014A90ED023A58
:10ED100090ED032A20EE035AA4EE025A029820EE48
:10ED2000040A93EE020A90ED006A90ED017A90EDEC
:10ED3000022A20EE070AA5EE060AA4EE441AA3EE64
:10ED4000431AA1EE020A30EE000A019880ED020A91
:10ED500004B070470000000080B586B005900598AB
:10ED6000029042F62D22C2F2004211780131117058
:10ED700000F56F70F7F750FB029981EDED0A91ED08
:10ED8000ED1A91EDEE0A30EE010A81EDEE0A01F185
:10ED9000280001F53C71FCF7ABFC0298D0F8F012AA
:10EDA000C0F8A810D0F8F412C0F8AC10D0F8F812DF
:10EDB000C0F8B010D0F8FC12C0F89C10D0F80013C6
:10EDC000C0F8A010D0F80413C0F8A41090ED270AE2
:10EDD000D0ED280A90ED291AD0ED2A1A90ED2B2AB1
:10EDE000D0ED2C2A90EDED3A00F58870F8F708FC8C
:10EDF0000298D0F86012D0F86422D0F86832D0F8C7
:10EE00006CC2C0F898C0C0F89430C0F89020034697
:10EE100043F88C1F039300F5567100F1D002FFF701
:10EE200093FE0298039B00F5597100F1DC02FFF795
:10EE30008BFE0298039B00F55C7100F1E802FFF77E
:10EE400083FE0298039B00F5697146F2F022C2F23C
:10EE50000042FFF7FDFE00208DF81300FFE79DF84C
:10EE6000130002282CDCFFE702999DF8133001EB18
:10EE7000830046F2F022C2F2004202EB830292EDDE
:10EE8000002A90ED2A0A90ED2D1A30EE420A91EDFB
:10EE9000333A91EDED2A20EE020A33EE022A80EE9B
:10EEA000020A21EE031A81EE021A30EE010A80ED09
:10EEB0002D0AFFE79DF8130001308DF81300CEE70F
:10EEC000029800F18C0300F1B40100F1C002FFF7D9
:10EED0003BFE029800F028F942F62D20C2F20040D5
:10EEE00000784BF65001C0F21E5145F62942CCF293
:10EEF0008F2200FB02104FEA7000884235D8FFE7EE
:10EF0000029901F13800019091EDC30A00F0A8FBCD
:10EF100001989FED190A00F0F3F9019800F008FA42
:10EF2000019800F095FBB5EE400AF1EE10FA0ADC0C
:10EF3000FFE7029845F6D441C2F200410C220023BB
:10EF4000FFF7AEFD10E00298383000F081FB029828
:10EF5000BDEEC00A10EE103A45F6D441C2F20041AF
:10EF60000C22FFF79DFDFFE7FFE70299012081F8E2
:10EF7000C40306B080BD00BF0000204200000000B6
:10EF800010B582B001900198009090F8C403002859
:10EF900061D0FFE7009890EDBC1A90EDC90AB4EE7D
:10EFA000410AF1EE10FA1BD1FFE7009890EDBD1A6F
:10EFB00090EDCA0AB4EE410AF1EE10FA10D1FFE763
:10EFC000009890EDBE1A90EDCB0AB4EE410AF1EE36
:10EFD00010FA05D1FFE70099002081F8880004E0CD
:10EFE0000099012081F88800FFE70099D1F8F0022C
:10EFF000D1F8F422D1F8F832D1F8FCC2D1F800E30C
:10F00000D1F80443C1F83843C1F834E3C1F830C340
:10F01000C1F82C33C1F82823C1F82403D1F8080320
:10F02000D1F80C23D1F81033D1F814C3D1F818E378
:10F03000D1F81C43C1F85043C1F84CE3C1F848C3B0
:10F04000C1F84433C1F84023C1F83C03D1F8200390
:10F05000C1F85403FFE702B010BD0000000000003B
:10F0600080B584B003900399009101F1280001F567
:10F070003C7245F60041C2F20041FDF71DF96420E3
:10F08000E5F76EFF009800F55F71FDF721FA009833
:10F0900000F58870B2EE040ADFED1B0ACDED010A1F
:10F0A0009FED1A1AF7EE001A9FED192A8DED022A2C
:10F0B000F8F78AF90098DDED014A9DED025A44F215
:10F0C0009631C3F60B41C0F8CC1038309FED110AD1
:10F0D000DFED110A9FED112ADFED112A0021B0EEBC
:10F0E000451AF0EE451AB0EE453AF0EE453AB0EE6C
:10F0F000454A00F071FA45F6D440C2F200400C21B6
:10F10000EDF76AFB04B080BD6F12833A8096184B0E
:10F1100000000000000048430000964300007A43CE
:10F120000000FA430000000080B586B00590059805
:10F13000039044F69042C2F20042136851680133D2
:10F1400041F1000113605160D0F8B812C0F8041109
:10F15000D0F8B412C0F80011D0F8B012C0F8FC100A
:10F16000D0F8BC12C0F8081190EDDF2A90EDE01A3B
:10F1700090EDE10A90EDE23A21EE000AA2EE030AD8
:10F1800030EE000A21EE011AA2EE021AB0EE002AB9
:10F190008DED022AFFEE000ACDED010AE1EE020A32
:10F1A00001F010FA039880EDE30A90EDDF0A90ED8C
:10F1B000E01A90EDE13A90EDE22A20EE030A91EE9A
:10F1C000020AB8EE001A20EE010A01F065F9DDED41
:10F1D000010A9DED022A039880EDE40A90EDDF3AE2
:10F1E00090EDE04A90EDE10A90EDE21A20EE010A7E
:10F1F000A3EE040A30EE000A21EE011AA3EE031A70
:10F20000E1EE020A01F0DEF9039880EDE50A002044
:10F210000490FFE70498022815DCFFE7039804999F
:10F2200000EB810090EDE30A9FED081A20EE010A41
:10F230009FED071A80EE010A80EDE60AFFE70498C9
:10F2400001300490E6E706B080BD00BF0000344303
:10F25000DA0F49400000000080B582B001900198AB
:10F260000090FDF745F900982830FDF715F9009852
:10F27000383000F001FA00984FF07E52C0F8582361
:10F280000021C0F85C13C0F86013C0F86413C0F824
:10F290006823C0F86C13C0F87013C0F87413C0F87A
:10F2A0007823C0F87C13C0F88013C0F88413C0F82A
:10F2B0008813C0F88C13C0F89013C0F89413C0F8EA
:10F2C0009813C0F89C13C0F8A013C0F8A413C0F89A
:10F2D000A8134FF2C352C4F21C12C0F8AC23002290
:10F2E000C4F22022C0F8B02380F8C01380F8C11304
:10F2F00080F8C21380F8C31380F8C41302B080BD35
:10F3000082B001908DED000A01990098486402B026
:10F31000704700000000000082B001908DED000AEF
:10F3200001990098C86402B0704700000000000016
:10F3300080B58AB009900998019000210891079141
:10F340000691059190ED110A90ED121A30EE410AE6
:10F350008DED040A9DED040AF8F7EAFD01988DEDA4
:10F36000030A9DED030A90ED011AB4EE410AF1EE95
:10F3700010FA07DAFFE70199886C486400200490CE
:10F380000390FFE7019890ED080A9DED041A20EE26
:10F39000010A8DED080A90ED0E0AB5EE400AF1EE75
:10F3A00010FA0DD1FFE7019890ED0F0AB5EE400A73
:10F3B000F1EE10FA04D1FFE74FF07E50029044E0E6
:10F3C00001989DED030A90ED0E1AB4EE410AF1EE9C
:10F3D00010FA04DCFFE74FF07E50029026E001981F
:10F3E00090ED0E0A9DED031AB4EE410AF1EE10FA0B
:10F3F0001BDAFFE701989DED030A90ED0F1AB4EEBA
:10F40000410AF1EE10FA10DAFFE7019890ED0E2AAA
:10F4100090ED0F1A9DED030A31EE400A31EE421ACB
:10F4200080EE010A8DED020AFFE7FFE701989DEDEE
:10F43000030A90ED0F1AB4EE410AF1EE10FA03DB65
:10F44000FFE700200290FFE7FFE7019890ED0C0A2C
:10F45000B5EE400AF1EE10FA10D0FFE7019901F184
:10F460004C0091ED092A91ED0C1AB1EE410A80EEA3
:10F47000020AC1EE020AF7F743F8FFE7019890EDA0
:10F48000100AB5EE400AF1EE10FA18D1FFE7019824
:10F490009DED021A90ED002A90ED130A21EE021A5A
:10F4A0009DED042AA1EE020A80ED130A90ED090AEF
:10F4B00090ED131A20EE010A8DED070A28E001985D
:10F4C0009DED030A90ED101AB4EE410AF1EE10FA28
:10F4D00018DAFFE701989DED021A90ED002A90EDF1
:10F4E000130A21EE021A9DED042AA1EE020A80ED14
:10F4F000130A90ED090A90ED131A20EE010A8DED22
:10F50000070A04E001990020C8640790FFE7FFE7BD
:10F510000198007A90B9FFE7019890ED001A90EDFC
:10F52000063A90ED0A0A9DED042A32EE432A20EEB7
:10F53000020A80EE010A8DED060A11E0019890EDB5
:10F54000001A90ED053A90ED072A90ED0A0A32EE86
:10F55000432A20EE020A80EE010A8DED060AFFE73B
:10F56000019890ED042A90ED0B1A90ED110A30EEFF
:10F57000420A20EE010A8DED050A9DED080A9DED77
:10F58000071A30EE010A9DED061A30EE010A9DEDD4
:10F59000051A30EE010A80ED070A90ED0D0AB5EE6E
:10F5A000400AF1EE10FA0AD0FFE7019901F11C00C0
:10F5B000D1ED0D0AB1EE600AF6F7A2FFFFE701995F
:10F5C000886CC860486C0861C869486104988861A3
:10F5D0000AB080BD000000008EB002AA0092024670
:10F5E00000980D9280ED0A0AC0ED090A80ED081A14
:10F5F000C0ED071A80ED062AC0ED052A80ED043A19
:10F60000C0ED033A80ED024AC0ED014A80ED005A98
:10F610008DF807100D990C9808620B9848620A98AB
:10F6200088620998C8620898086307984863039835
:10F63000086002984860069888630598C863049833
:10F6400008649DF8070008720EB0704700000000C3
:10F6500081B00090009890ED070A01B0704700005B
:10F6600082B001908DED000A01990098886402B083
:10F67000704700000000000081B000900098002159
:10F68000C160016141618161C16101624162816268
:10F69000C162016341638163C16301644164816448
:10F6A000C16401B07047000081B000900098002153
:10F6B00041618161C161016241628162C162016334
:10F6C000416341F26F22C3F683228264C164002148
:10F6D000C4F24001016501B0704700000000000065
:10F6E00081B08DED000A9DED000AB0EEC00A01B0B8
:10F6F000704700000000000080B582B08DED010A67
:10F700009DED010A01F024FA02B080BD0000000066
:10F7100081B0ADF80200BDF9020000280ED4FFE769
:10F72000BDF9021001F01F02012090404A094EF27B
:10F730000011CEF2000141F82200FFE701B070474E
:10F740004EF60C50CEF200000068C0F30220704765
:10F7500082B0ADF806000091BDF9060000280AD479
:10F76000FFE700980001BDF906104EF20042CEF20C
:10F77000000288540BE000980001BDF8061001F06B
:10F780000F014EF61452CEF200028854FFE702B089
:10F79000704700000000000083B00290029800F063
:10F7A000070000904EF60C51CEF20001086801905F
:10F7B00001984FF6FF02104001900198009A40EA2C
:10F7C00002200022C0F2FA52104301900198086012
:10F7D00003B070470000000080B582B042F63011DF
:10F7E000C2F200410191002008609FED0B0ADFED9D
:10F7F0000B0ACDED000A00F0E5FEDDED000A0198F0
:10F8000080ED010A9FED060A00F0DCFE019880ED14
:10F81000020A02B080BD00BF583934BE0BEFF2BD02
:10F820005839343E0000000080B582B042F63C11E9
:10F83000C2F200410191002008609FED0B0ADFED4C
:10F840000B0ACDED000A00F0BDFEDDED000A0198C7
:10F8500080ED010A9FED060A00F0B4FE019880EDEC
:10F86000020A02B080BD00BF583934BE0BEFF2BDB2
:10F870005839343E0000000080B582B042F648118D
:10F88000C2F200410191002008609FED0B0ADFEDFC
:10F890000B0ACDED000A00F095FEDDED000A01989F
:10F8A00080ED010A9FED060A00F08CFE019880EDC4
:10F8B000020A02B080BD00BF583934BE0BEFF2BD62
:10F8C0005839343E0000000080B582B042F6541131
:10F8D000C2F200410191002008609FED0B0ADFEDAC
:10F8E0000B0ACDED000A00F06DFEDDED000A019877
:10F8F00080ED010A9FED060A00F064FE019880ED9C
:10F90000020A02B080BD00BF583934BE0BEFF2BD11
:10F910005839343E0000000080B582B042F66011D4
:10F92000C2F200410191002008609FED0B0ADFED5B
:10F930000B0ACDED000A00F045FEDDED000A01984E
:10F9400080ED010A9FED060A00F03CFE019880ED73
:10F95000020A02B080BD00BF583934BE0BEFF2BDC1
:10F960005839343E0000000080B582B042F66C1178
:10F97000C2F200410191002008609FED0B0ADFED0B
:10F980000B0ACDED000A00F01DFEDDED000A019826
:10F9900080ED010A9FED060A00F014FE019880ED4B
:10F9A000020A02B080BD00BF583934BE0BEFF2BD71
:10F9B0005839343E0000000080B59FED050AFFF77E
:10F9C0009BFE42F67810C2F2004080ED000A80BD36
:10F9D0004DB6213E0000000080B59FED050AFFF7FF
:10F9E0008BFE42F67C10C2F2004080ED000A80BD22
:10F9F0004DB6213E0000000080B59FED050AFFF7DF
:10FA00007BFE42F68010C2F2004080ED000A80BD0D
:10FA10004DB6213E0000000080B59FED050AFFF7BE
:10FA20006BFE42F68410C2F2004080ED000A80BDF9
:10FA30004DB6213E0000000080B59FED050AFFF79E
:10FA40005BFE42F68810C2F2004080ED000A80BDE5
:10FA50004DB6213E0000000080B59FED050AFFF77E
:10FA60004BFE42F68C10C2F2004080ED000A80BDD1
:10FA70004DB6213E0000000080B542F63020C2F2B3
:10FA80000040FBF7CDFC80BD4AF24000C4F200000C
:10FA9000006840F2F031C2F2004108607047000097
:10FAA00089B00890079106920898406805900798D9
:10FAB000406804900698406803900899088849882F
:10FAC0004843029002980190FFE70198A8B1FFE730
:10FAD0000598011D059190ED000A0498011D0491FF
:10FAE00090ED001A30EE010A0398011D039180ED9C
:10FAF000000A019801380190E7E700208DF8030023
:10FB00009DF9030009B0704783B00290ADF806106C
:10FB1000ADF804200093BDF8060002990880BDF8F6
:10FB200004000299488000980299486003B0704729
:10FB3000BBB0399038913998406837903898406810
:10FB40003690399800883490399840883390002056
:10FB5000329031902B903698359034982C90FFE766
:10FB60002C9858B3FFE734982C99401A2A90FFE755
:10FB70002A9848B1FFE73599081D359000200860A4
:10FB80002A9801382A90F3E73599081D35904FF0EF
:10FB90007E5008602C9801382A90FFE72A9848B1D7
:10FBA000FFE73599081D3590002008602A98013834
:10FBB0002A90F3E72C9801382C90D1E70020299067
:10FBC000FFE729983399884280F04B82FFE7299814
:10FBD0002F90399948684988299A01FB022100EB46
:10FBE0008100359035980068329029983090299896
:10FBF00001302D90FFE72D983499884225D2FFE7F8
:10FC00003999486849882D9A299B01FB023100EBFC
:10FC1000810035903598006831909DED310AB0EE45
:10FC2000C00A9DED321AB0EEC11AB4EE410AF1EEEF
:10FC300010FA05DDFFE72D98309031983290FFE7FC
:10FC4000FFE72D9801302D90D5E79DED320AB5EEF6
:10FC5000400AF1EE10FA76D0FFE7309829998842F1
:10FC600071D0FFE739984068259039984068249012
:10FC700039984088239023982999401A22902F98E8
:10FC80002399299A00FB0121259800EB81002590FA
:10FC900030982399299A00FB0121249800EB8100D8
:10FCA000249000202790FFE727982299884213DAB2
:10FCB000FFE72598006826902498006825990A1D7A
:10FCC00025920860269824990A1D24920860FFE76F
:10FCD000279801302790E7E7389840681F903898B8
:10FCE00040681E90389840881D901D981C902F9851
:10FCF0001D9941431F9800EB81001F9030981D997A
:10FD000041431E9800EB81001E9000202190FFE7E8
:10FD100021981C99884213DAFFE71F980068209009
:10FD20001E9800681F990A1D1F92086020981E994E
:10FD30000A1D1E920860FFE7219801302190E7E735
:10FD400001202B90FFE72B9801280CD0FFE79DEDB9
:10FD5000320AB5EE400AF1EE10FA04D1FFE7FB20BB
:10FD60008DF8EB00BCE19DED321AB7EE000A80EE93
:10FD7000010A8DED320A399840681A903998408806
:10FD8000199019982999401A18902F981999299A19
:10FD900000FB01211A9800EB81001A9000201B90B3
:10FDA000FFE71B981899884210DAFFE79DED321A99
:10FDB0001A98011D1A9190ED000A20EE010A80EDBB
:10FDC000000AFFE71B9801301B90EAE7389840686B
:10FDD0001690389840881590159814902F9815997A
:10FDE0004143169800EB8100169000201790FFE722
:10FDF00017981499884210DAFFE79DED321A169889
:10FE0000011D169190ED000A20EE010A80ED000A16
:10FE1000FFE7179801301790EAE700202D90FFE7E1
:10FE20002D982F99884280F08780FFE7399948689C
:10FE300049882D9A299B01FB023100EB8100359006
:10FE40003598006832903998406812903998406827
:10FE5000119039984088109010982999401A0F9065
:10FE600012982D99109A514300EB8100299900EBCB
:10FE70008100129011982F99109A514300EB810044
:10FE8000299900EB8100119000201390FFE713984F
:10FE90000F99884215DAFFE79DED321A1198011D7E
:10FEA000119190ED002A1298011D129190ED000A17
:10FEB000A1EE420A80ED000AFFE71398013013908B
:10FEC000E5E7389840680D90389840680C9038986D
:10FED00040880B900B980A900D982D990B9A5143DE
:10FEE00000EB81000D900C982F990B9A514300EB79
:10FEF00081000C9000200E90FFE70E980A9988422E
:10FF000015DAFFE79DED321A0C98011D0C9190ED6A
:10FF1000002A0D98011D0D9190ED000AA1EE420AF4
:10FF200080ED000AFFE70E9801300E90E5E7FFE74D
:10FF30002D9801302D9073E72F9801302D90FFE719
:10FF40002D983499884280F08780FFE73999486876
:10FF500049882D9A299B01FB023100EB81003590E5
:10FF60003598006832903998406808903998406810
:10FF7000079039984088069006982999401A05906C
:10FF800008982D99069A514300EB8100299900EBBE
:10FF90008100089007982F99069A514300EB810041
:10FFA000299900EB8100079000200990FFE709984C
:10FFB0000599884215DAFFE79DED321A0798011D71
:10FFC000079190ED002A0898011D089190ED000A14
:10FFD000A1EE420A80ED000AFFE70998013009907E
:10FFE000E5E7389840680390389840680290389860
:10FFF000408801900198009003982D99019A5143EF
:020000040802F0
:1000000000EB8100039002982F99019A514300EB75
:100010008100029000200490FFE704980099884234
:1000200015DAFFE79DED321A0298011D029190ED5D
:10003000002A0398011D039190ED000AA1EE420AE7
:1000400080ED000AFFE7049801300490E5E7FFE740
:100050002D9801302D9073E7FFE729980130299002
:10006000AFE500208DF8A3002B98012833D0FFE7DF
:100070009DED320AB5EE400AF1EE10FA2BD1FFE702
:1000800039984068379000202E90FFE72E983499D9
:10009000339A5143884212D2FFE737982E9900EBEA
:1000A000810090ED000AB5EE400AF1EE10FA01D0A1
:1000B000FFE704E0FFE72E9801302E90E6E72E9848
:1000C0003499339A5143884204D1FFE7FB208DF8DD
:1000D000A300FFE7FFE79DF8A3008DF8EB00FFE723
:1000E0009DF9EB003BB0704792B008AB00931190C4
:1000F00010910F92119840680E90109840680D90E2
:10010000119840680C90109840680B900F984068C8
:100110000A9011980088ADF81E0010984088ADF83C
:100120001C0011984088ADF81A0000200490BDF81A
:100130001E000390FFE70A98049900EB81000990E4
:10014000BDF81C000590109840680D90FFE7002056
:1001500008900C980E90BDF81A000290FFE70298E4
:10016000C8B1FFE700980E990A1D0E9291ED001A92
:100170000D9991ED002A90ED000AA1EE020A80EDA2
:10018000000ABDF81C100D9800EB81000D9002983C
:1001900001380290E3E7089809990A1D099208605E
:1001A0000598013805900B98BDF81C10059A891A1E
:1001B00000EB81000D90FFE705980028C7D1FFE70D
:1001C0000498BDF81C10084404900C98BDF81A104F
:1001D00000EB81000C90039801380390FFE703982F
:1001E0000028A8D1FFE700208DF807009DF907003F
:1001F00012B070470000000089B008900791069285
:1002000008984068059007984068049006984068F0
:100210000390089908884988484302900298019001
:10022000FFE70198A8B1FFE70598011D059190ED42
:10023000000A0498011D049190ED001A30EE410A65
:100240000398011D039180ED000A01980138019087
:10025000E7E700208DF803009DF9030009B070471F
:100260008AB00990089109984068079008984068FA
:10027000069009980088ADF8120009984088ADF8FA
:100280001000BDF81200029000200190FFE70698D0
:10029000019900EB81000590BDF810000390FFE785
:1002A000039880B1FFE70798011D07910068059941
:1002B0000860BDF81210059800EB810005900398C6
:1002C00001380390ECE70198013001900298013861
:1002D0000290FFE702980028D9D1FFE700208DF8AF
:1002E00003009DF903000AB0704700000000000001
:1002F00080B582B000200190E6F7BAFBEFF744FF2B
:10030000EEF7EEFAEEF79CF9EEF72AFAEEF768FA56
:10031000EEF7A6FAEEF7A0FBEEF756FCEEF79CFD23
:10032000EEF7BEFEEEF770FEEEF74EFFEEF744FD81
:10033000EEF7FEFCEEF7B8FCEEF7D6FDEEF71CFE8E
:10034000EEF76EFBEEF7C4FBEEF7F2FEF0F7BCFE45
:10035000FFE7F0F731FFFCE74100080218BF042077
:100360000A0E18BF40F001004FF07F4232EA01014F
:1003700008BF40F00200012808BF052070470000B8
:1003800010B510EE104A4FF01A402DED028B00EB25
:100390004400B0F1C85F4AD84FF0FC40B0EB440FC6
:1003A00022D2B0EEC00AF7EE000A30EEC00AF6EE36
:1003B000000A20EE208A18EE100A00F0A7FC00EEDA
:1003C000100A14F0004F1DBF9FED281ADFED280A18
:1003D000B1EE400A9FED271A08BFF0EE410AF8EE91
:1003E000001A20EE210A05E020EE008A9FED221A75
:1003F000DFED220ADFED221A9FED222A70EEC00AFD
:1004000020EE080A08EE212ADFED1F1A48EE021A34
:100410009FED1E2A08EE212ADFED1D1A48EE021A72
:10042000BDEC028B40EE610A30EE810A10BD4FF048
:10043000CC40B0EB440F82BF9FED160ABDEC028B9F
:1004400010BD4FF07F40B0EB440F05D2BDEC028BE6
:10045000BDE8104000F099BB0120E0F7E1F9BDECE8
:10046000028BBDE8104000F097BB0000000049403F
:1004700022AA7D3A000000000000C93F22AAFD39EF
:1004800024FE1C3DC78AD83C1E67383D1B93993D0E
:10049000AFAA2A3EDB0FC93F10B54FF00E402DED3D
:1004A000028BB0EE408A18EE104A00EB4400B0F127
:1004B000506F4AD84FF0FC40B0EB440F22D2B0EE60
:1004C000C80AF7EE000A30EEC00AF6EE000A60EE47
:1004D000208A18EE900A00F019FC01EE100A14F0C0
:1004E000004F1DBFDFED2D0A9FED2D0AB1EE411A21
:1004F000DFED2C0A08BF9FED2C0AF8EE001A21EE62
:10050000218A05E0DFED290A68EE088AB0EE600A6C
:100510009FED271ADFED271A30EE080A48EE811A00
:100520009FED251A08EEA11ADFED241A48EE811A74
:100530009FED231A08EEA11A68EE281ABDEC028B73
:1005400001EE810A30EE200A10BD4FF0E440B0EB1E
:10055000440F0CD918EE100AFFF7FEFE042808BF5E
:1005600000F022FBB0EE480ABDEC028B10BD4FF04C
:100570007F40B0EB440F07D2B0EE480ABDEC028BCF
:10058000BDE8104000F001BB0120E0F749F9BDECE7
:10059000028BBDE8104000F0FFBA00000000C9BFA8
:1005A00022AAFDB90000C93F22AAFD3900000000BF
:1005B00024FE1C3DC78AD83C1E67383D1B93993DDD
:1005C000AFAA2A3E70B54FF068422DED048BF0EED5
:1005D000408A18EE900AB0EE608A18EE101A02EB0C
:1005E0004003B3F1654F3CBF02EB4102B2F1654FEE
:1005F0007DD200BFC0F3C753C1F3C7529A1A1B2A5A
:1006000009DD10F0004F14BF9FED830A9FED830AB0
:10061000BDEC048B70BD12F11A0F36DA11F0004FE9
:1006200009D010F0004F0CBF9FED7D0A9FED7D0AB1
:10063000BDEC048B70BD88EE889A19EE100AFFF7A6
:100640008BFE042808BF00F0AFFA18EE900AFFF7FF
:1006500083FE054618EE100AFFF77EFE044619EEEB
:10066000100AFFF779FE042D18BF052D08D1042CC0
:1006700018BF052C04D1002804BF0220E0F7D0F8F1
:10068000B0EE490ABDEC048B70BD4200B2EB410FE5
:100690003AD910F0004F19BFDFED630A9FED630AEE
:1006A000DFED630A9FED630AB0EE481A0A46B1EE29
:1006B000688A80F00041F0EE418A10460A1A520022
:1006C000B2F1807F34D2484010F0004FDFED5A1A6B
:1006D0009FED5A2A1DBFBEEE001A70EEE10A30EE01
:1006E000420AB6EE001A08BF70EEA10A00E040E030
:1006F00008BF30EE020AB0EE682A01EE482A08EE82
:10070000818AC2EE081A15E011F0004F04BF9FED78
:100710004C0AF0EE400AD1D010F0004F19BFDFEDC7
:10072000490A9FED490ADFED490A9FED490AC5E7ED
:10073000C8EE881A21EEA11A9FED462ADFED462A5F
:1007400041EE022A9FED452A01EE222ADFED442ADE
:1007500041EE022A9FED432ABDEC048B01EE222AD2
:1007600021EE811A01EE020A30EE210A30EE200A53
:1007700070BD4FF07F42B2EB400F28BFB2EB410F8C
:1007800009D2F0EE480AB0EE680ABDEC048BBDE871
:10079000704000F0FDB940EA01035B0008BF41F082
:1007A000FF410BD0B2EB400F08BFB2EB410F08D1B5
:1007B00020F0804008EE900A21F0804108EE101AE7
:1007C00018E7B2EB400F12BF5FEA410340F0FF4071
:1007D00001F000413FF40EAFB2EB410F12BF5FEAF0
:1007E000400200F0004041F0FF413FF403AF4A00F7
:1007F00092EA40033FF5FEAE002AACBF9FED1A0A15
:100800009FED1A0A68EE808A28EE008A18EE900A98
:1008100018EE101AEEE60000DB0FC9BFDB0FC93F70
:10082000DB0F4940DB0F49C00000C9BF22AAFDB958
:100830000000C93F22AAFD390060ED3EC30ACE3751
:1008400000000000000049C022AA7DBA0000494013
:1008500022AA7D3A2DAD65BD8FB8D53D0FB511BE2D
:1008600061C84C3EA8AAAABE0000804F0000802F9D
:1008700010EE101A08B5444A6846B2EB410F28D969
:100880004FF0E640B0EB410F94BF00204FF0FF3037
:1008900000900098002861DB60EE000A10F0010F64
:1008A00045D010F0020FDFED391A9FED391A00EE36
:1008B000A11ADFED381A40EE811A21EEA01AF0EEEF
:1008C000400A40EE010A08BFF1EE600AB0EE600A8D
:1008D00008BD314B21F0004293423CD911F0004F4A
:1008E000DFED2E0A20EE201ADFED2D0A19BF31EEC2
:1008F000601A71EE200A31EE201A71EE600ABDEE28
:10090000E01A11EE100A9FED271A00F0030000EE26
:10091000C10A9FED251A009000EEC10A9FED231A2F
:1009200000EEC10A9FED221A00EEC10AB1E79FED69
:10093000211A9FED210A10F0020F00EE810A9FEDAF
:100940001F1A00EE801AB7EE000A00EE810A18BFE7
:10095000B1EE400A08BD00F02FF99AE710EE100A38
:100960004000B0F17F4F3CBFB7EE000A08BD07D191
:100970004FF00100DFF754FFBDE8084000F00CB96C
:10098000BDE8084000F001B9B61F927E336D4CB946
:10099000DA82083CA0AA2ABE490E494683F9223FC2
:1009A0000000004B0000C93F00A0FD390020A23329
:1009B0001A61342CB93AB2BACA9F2A3DDDFFFFBE94
:1009C00000B510EE101A2DED028B81B0524A684628
:1009D000B2EB410F2ED94FF0E640B0EB410F94BF80
:1009E00000204FF0FF3000900098B0EE408A0028C1
:1009F0006ADB10F0010F4BD068EE080A9FED471A32
:100A00009FED470A00EE810A9FED461A10F0020F93
:100A100000EE801AB7EE000A00EE810A02BF01B0B4
:100A2000BDEC028B00BD00BF01B0B1EE400ABDECD1
:100A3000028B00BD3C4B21F00042934241D911F0A2
:100A4000004FDFED3A0A20EE201ADFED390A19BF18
:100A500031EE601A71EE200A31EE201A71EE600A52
:100A6000BDEEE01A11EE100A9FED321A00F00300FD
:100A700000EEC10A9FED301A009000EEC10A9FED12
:100A80002F1A00EEC10A9FED2E1A00EEC10AABE745
:100A900028EE080A9FED2B1ADFED2B0A10F0020F4B
:100AA00040EE010A9FED291A00EE201A61EE000ABD
:100AB000B0EE480A08EE200AB6D101B0BDEC028BB8
:100AC00000BD00F079F88FE718EE100A4000B0F191
:100AD0007F4F0DD218EE100AFFF73EFC042808BF26
:100AE00000F062F8B0EE480A01B0BDEC028B00BD28
:100AF00009D10120DFF794FE01B0BDEC028B5DF857
:100B000004EB00F049B801B0B0EE480ABDEC028B2E
:100B10005DF804EB00F039B8B61F927EB93AB2BA6C
:100B2000CA9F2A3DDDFFFFBE490E494683F9223F99
:100B30000000004B0000C93F00A0FD390020A23397
:100B40001A61342C336D4CB9DA82083CA0AA2ABE53
:100B500010B52DED028BB1EEC08A18EE100A20F010
:100B60000040C0F1FF40C00F0AD010EE100A20F084
:100B70000040C0F1FF40C00F04BF0120DFF750FE6E
:100B8000B0EE480ABDEC028B10BD30EE000A704793
:100B900030EE200A70470000DFED020A80EEA00A66
:100BA00070470000000000009FED020A20EE000ADE
:100BB00070470000000000102DE9F0014FF07F4267
:100BC000B2EB410F9FBF4FF0FF310160BDE8F00174
:100BD00070474FF0004242EA0123C1F3C752783A0E
:100BE000551112F01F0C434CCCF120067C44C1F38C
:100BF000C752A2F178024FEA621204EB820254F863
:100C0000254008BFD2E9015612D0556804FA0CF409
:100C100025FA06F73C43976805FA0CF527FA06F81B
:100C2000D26807FA0CFCF24045EA08054CEA0206D5
:100C3000A4FB034CA5FB0352A6FB03631D449D428A
:100C400034BF012600261319334416B1934202D94A
:100C500003E0934201D2012200E00022624402F14B
:100C6000200C9206DC0C42EA443200EE102A5B03B0
:100C7000DFED210AF8EEC01A00EE103A4FEA9C1C94
:100C800011F0004FB8EE400AC0F800C020EE201A64
:100C900000EE105ADFED190AB8EE400A20EE200AE5
:100CA00071EE810A70EE800A10EE902A02F5006261
:100CB0006FF30B0200EE902A70EEE11A31EEC11ACA
:100CC000DFED101A30EE411A9FED0D0A20EE800A7A
:100CD00001EE210A9FED0C1A00EE810A04BFBDE867
:100CE000F0017047CCF180510160BDE8F001B1EE38
:100CF000400A7047C4090000000000360000802C44
:100D000022AAFD29DB0FC92F0000C92F10B500EE64
:100D1000100A2DED028BB1EEC08A18EE100A20F0F9
:100D20000040C0F1FF40C00F0AD010EE100A20F0C2
:100D30000040C0F1FF40C00F04BF0120DFF770FD8D
:100D400018EE100ABDEC028B10BD000021F000422D
:100D500001F00043A2F16052B2F5801F28BFD2F12A
:100D60007F6C0BD95FEA001C43EAC20242EB507071
:100D700018BF704728BF20F001007047B2F5801FF0
:100D8000BCBF184670474FEA410C1CF5001F02D249
:100D9000084600F009BC70B500F01CFA000000899C
:100DA000FFF7F6BF4FF00040A0F58000704700004D
:100DB00010B591EA030F48BF83F0004300F166824B
:100DC000841A71EB030C05D2121943EB0C03001BC0
:100DD00061EB0C014FEA1154A4EB135CDFF81CE14A
:100DE0001EEA430F18BF9EEA445F00F0748021EAB8
:100DF000045123EA0E0343F48013DCF1200E32D3B6
:100E000022FA0CFE10EB0E0023FA0CFE41EB0E0151
:100E1000CCF1200E03FA0EFE10EB0E00CCF1200EEA
:100E200051F10001B1F5801F32D201EB045112FAE9
:100E30000EF2BDE8104058BF7047401C38BF5FEA53
:100E4000420218BF7047002814BF20F0010041F192
:100E500000014FEA410313F5001F38BF7047A1F1AD
:100E6000C04100F005BA012A43EB0302ACF1200CAB
:100E7000DCF11F0E32BF4FF0000E23FA0CF310EB23
:100E8000030041EB0451B4EB115FD0D0A1EB04514E
:100E900001F58011490801EB04515FEA30000ED3DF
:100EA00050F1000038BF12FA0EFE08D1BDE8104024
:100EB000C9E7401C38BF5FEA4202CAD1C3E7BDE8B8
:100EC00010404FEA410313F5001F38BF7047A1F1EE
:100ED000C04100F0CDB99EEA445F08D011EA5E0F30
:100EE000BDE8104004BF01F0004100207047BDE89C
:100EF000104070B500F06EF964FBBE3E0000E0FFEC
:100F0000491058BFC1F140415B1058BFC3F1404385
:100F10008B42EFF30080704751EA030C17D41CF5A5
:100F2000801F58BFBCF5801F00F10680994218BF92
:100F3000704708BF9042704707D711F5801F58BF10
:100F400013F5801F19D499427047894270471CF5E8
:100F5000801F08D5BCF5801FF7D58B4218BF70479E
:100F600008BF824270474FF4001C1CEB410F38BF92
:100F70001CEB430F01D28B42704770B500F02AF989
:100F8000922449004FF000514FF08053FFF7B8BF53
:100F900051EA030C17D41CF5801F58BFBCF5801F05
:100FA00000F10680994218BF704708BF9042704711
:100FB00007D711F5801F58BF13F5801F19D4994228
:100FC0007047894270471CF5801F08D5BCF5801F0B
:100FD000F7D58B4218BF704708BF824270474FF465
:100FE000001C1CEB410F38BF1CEB430F01D28B429E
:100FF000704770B500F0EEF8922449004FF0805130
:101000004FF00053FFF77CBF51EA030C17D41CF5D7
:10101000801F58BFBCF5801F00F10680994218BFA1
:10102000704708BF9042704707D711F5801F58BF1F
:1010300013F5801F19D499427047894270471CF5F7
:10104000801F08D5BCF5801FF7D58B4218BF7047AD
:1010500008BF824270474FF4001C1CEB410F38BFA1
:101060001CEB430F01D28B42704770B500F0B2F811
:10107000922449004FF000514FF08053FFF740BFDA
:1010800070B5DFF848C11CEA111E1EBF1CEA13151B
:101090009EEA0C0F95EA0C0F00F06F8081EA0304C2
:1010A0004EEAD47EAE4421EA4C1123EA4C1341F4BB
:1010B000801143F48013AEF17F7EA1FB024CA0FBB4
:1010C0000365361955EB0C05A1FB034C4CF10003ED
:1010D000A0FB021C16EB0C06654153F1000309420C
:1010E00018BF46F0010613F4007F0BD14FEA03311D
:1010F0004FEA053041EA155140EA165034036FF0CB
:1011000003020AE04FEAC3214FEAC52041EA5551E4
:1011100040EA5650F4026FF0020202EB2E4201EB5D
:10112000025585EACE710AD05FEA440C18BF24F05C
:10113000004450F1000041F1000120EAD47040F277
:10114000FE7C624500D270BDA84214BF4FF08044BF
:101150004FF04044002E08BF0024BEF1806FA8BFAE
:10116000A1F1C041BDE8704080F2828001F1C04130
:1011700001F000414FF0000070470CEA13159EEAA1
:101180000C0F18BF95EA0C0F06D081EA030E4FF042
:1011900000000EF0004170BD00F01CF88900013E17
:1011A00000F007B800F009B84FEA430C5FEA5C5C56
:1011B00008D081EA030100F05BB84FEA410C5FEA16
:1011C0005C5CF6D102494FF0000070470000FF0759
:1011D0000000F87F0EF1020E2EF0030E5EF8046B95
:1011E000364205D4012A43EB030515F5001F12D83A
:1011F000012841EB010C1CF5001F0CD80ED14FEA61
:10120000D17C0CEB4C0C0CF1020C15F5001F08BF47
:101210004CEBD37C04E04FF0080C01E04FEAD37CA8
:101220000CEB4C0526FA05F606F00706B6F1040CA1
:1012300006D20EEB860CBDE870404CF0010C604706
:10124000DFE80CF0090B02024FF00041A1F500218C
:101250004FF0000070BD19461046012851EB010403
:1012600018BFD4F5001484BF002001F0004170BD08
:101270000808A0F500114FEA3101704710B591EA56
:10128000030F48BF83F000433FF59AAD841A71EB1A
:10129000030C07D28CF0004C121943EB0C03001B1B
:1012A00061EB0C014FEA1154A4EB135CDFF8A4E1ED
:1012B0001EEA430F18BF9EEA445F00F0B48021EAA3
:1012C000045123EA6E035242C3EB6E0338BF5B1E28
:1012D000DCF1200E25D322FA0CFE10EB0E0043FAAF
:1012E0000CFE41EB0E01CCF1200E03FA0EFE10EBCA
:1012F0000E00CCF1200E51F1000129D401EB045174
:1013000012FA0EF2BDE8104058BF7047401C1CBFD7
:10131000B2F1004F704700280CBF491C20F00100BB
:10132000704712EB020E43EB030218BF4FF0010EA1
:101330004EEA4202ACF1200CDCF11E0E56D943FA03
:101340000CFE10EB0E00CCF11E0E51F1FF31D5D585
:101350000EF1010E12FA0EFE404141EB010101EBCC
:10136000445C5FEA5C5C10D901EB045110EBDE7069
:1013700038BFBEF1004FBDE8104018BF70470028CD
:101380000CBF491C20F00100704734D24FEAD42C26
:1013900024F4006411F500111BD0B1FA81F20B3A6C
:1013A000A41AA41ED2F12003914030FA03F319438A
:1013B000904001EBCC7101EB0451002CBDE81040D2
:1013C000A8BF704701F1C04101F000414FF000009B
:1013D0007047B0FA80F310FA03F102D1BDE8104073
:1013E0007047E41A173C4805C90AE2E701EB0451CB
:1013F000BDE81040704749104FEA300001EB04513E
:10140000BDE8104002E04FF0000170474A0008BFFD
:101410000042F8D0B2F5001F28BF704701F000412C
:101420004FF0000070479EEA445F07D011EA5E0F5C
:10143000BDE8104004BF002100207047BDE8104007
:1014400070B5FFF7C7FE00BF40DFF63E104683F0E1
:10145000004170470000E0FF43004FEAD30C4FEA21
:101460003C0C43401FBF40070CF1605113F0FE4F8E
:1014700070471CF0006F03D10CF000410020704752
:101480000CF0004343EA507040EACC0010B500F085
:1014900038F800BF000000924FEA0001FFF7E8BEF5
:1014A0004FF00041A1F500214FF00000704710B54A
:1014B000FFF732FD0CBF0120002010BD10B5FFF773
:1014C0002BFD14BF0120002010BD10B5FFF760FDFB
:1014D0008CBF0120002010BD10B5FFF759FD2CBFB7
:1014E0000120002010BD10B5FFF78EFD94BF012034
:1014F000002010BD10B5FFF787FD34BF012000208C
:1015000010BD0EF1020E2EF0030E5EF8044B2442C5
:1015100004D44FEA4102B2F17F4F11D84FEA4003A1
:10152000B3F17F4F0CD80ED14FEAD07C0CEB4C0CB2
:101530000CF1020CB2F17F4F08BF4CEBD17C04E000
:101540004FF0080C01E04FEAD17C0CEB4C0324FA7D
:1015500003F404F00704B4F1040C06D20EEB840C7F
:10156000BDE810404CF0010C6047DFE80CF00708C4
:1015700002024FF00040A0F5800010BD0846420076
:1015800018BFD2F1807288BF00F0004010BDF1EEAC
:10159000100A4FF6FF71C0F2C03120EA010040F09E
:1015A0004070E1EE100A7047FF2141EAD050C005BB
:1015B00070470000000000006E83F9A22915444E18
:1015C000D15727FCC0DD34F5999562DB4190433C4F
:1015D000AB6351FE000000000000000000000000AE
:1015E00000000000000000000100000002000000F8
:1015F00003000000040000000000000005000000DF
:1016000000000000000000000000000006000000D4
:1016100000000000000000000000000007000000C3
:101620000000000001020304010203040607080988
:101630000001020304050607080C101418203040AE
:101640000006101600061016080402040801010125
:10165000010101030701000001000200040006006F
:1016600008000A000C00100020004000800000016B
:101670000000891112239B322446AD573665BF7492
:10168000488CC19D5AAFD3BE6CCAE5DB7EE9F7F842
:101690008110080193331A22A5562C47B7753E6472
:1016A000C99C408DDBBF52AEEDDA64CBFFF976E822
:1016B00002218B30100299132667AF763444BD5552
:1016C0004AADC3BC588ED19F6EEBE7FA7CC8F5D902
:1016D00083310A2091121803A7772E66B5543C4532
:1016E000CBBD42ACD99E508FEFFB66EAFDD874C9E2
:1016F00004428D5316619F702004A9153227BB3612
:101700004CCEC5DF5EEDD7FC6888E1997AABF3BAC1
:1017100085520C4397711E60A1142805B3373A26F1
:10172000CDDE44CFDFFD56ECE9986089FBBB72AAA1
:1017300006638F7214409D512225AB343006B917D1
:101740004EEFC7FE5CCCD5DD6AA9E3B8788AF19B81
:1017500087730E6295501C41A3352A24B1163807B1
:10176000CFFF46EEDDDC54CDEBB962A8F99A708B61
:10177000088481951AA793B62CC2A5D33EE1B7F091
:101780004008C919522BDB3A644EED5F766DFF7C41
:10179000899400859BB712A6ADD224C3BFF136E071
:1017A000C1184809D33B5A2AE55E6C4FF77D7E6C21
:1017B0000AA583B4188691972EE3A7F23CC0B5D151
:1017C0004229CB38500AD91B666FEF7E744CFD5D01
:1017D0008BB502A499961087AFF326E2BDD034C131
:1017E000C3394A28D11A580BE77F6E6EF55C7C4DE1
:1017F0000CC685D71EE597F42880A1913AA3B3B211
:10180000444ACD5B5669DF78600CE91D722FFB3EC0
:101810008DD604C79FF516E4A9902081BBB332A2F0
:10182000C55A4C4BD7795E68E11C680DF33F7A2EA0
:101830000EE787F61CC495D52AA1A3B03882B193D0
:10184000466BCF7A5448DD59622DEB3C700EF91F80
:101850008FF706E69DD414C5ABB122A0B9923083B0
:10186000C77B4E6AD5585C49E33D6A2CF11E780F60
:101870000000803F000000000000000000000000A9
:101880000000000000000000000000000000803F99
:101890000000000000000000000000000000000048
:1018A00000000000000000000000803F0000000079
:1018B0000000000000000000000000000000000028
:1018C000000000000000803F000000000000000059
:1018D0000000000000000000000000000000000008
:1018E0000000803F00000000000000000000000039
:1018F0000000000000000000000000000000803F29
:101900000000000000000000B1D401080000000049
:101910000000000019DE010843444320496E74654D
:1019200072666163650043444320436F6E66696776
:101930000053544D6963726F656C656374726F6EAA
:101940006963730053544D33322056697274756164
:101950006C20436F6D506F7274000000A019020874
:10196000000000242002000030030008E01A0208F2
:1019700020020024E0400100900300081D4AFFFF00
:10198000094AFFFFC549FFFFF149FFFFCD49FFFFAE
:10199000D949FFFF00000000000000000000000027
:1019A000100CE7416B3A58A08B3A828101180E9ACD
:1019B00099193EA93A0108193B010839041A610432
:1019C0001AB1041A59141AC9045108081250C3470D
:1019D000CDCCCC3D0409531C110B1AC8421C1D95DB
:1019E000BFD633082241238743237A441A110813B0
:1019F0001644244083451AE0181FA0436891ED3C2B
:101A0000B9190C1ABE1C1AAF041A2A043AC8283293
:101A10001F3301012C90D003041B092DFC4E2A0119
:101A2000086930F0480B292B0108D1280108C92981
:101A300010811E292C0108B91C1A99081AA1081432
:101A40000902431302011DC0320904511A020B138B
:101A500005241610010524011009010424020205C1
:101A60002406170107058203081510090401330233
:101A70000A2E0705010240072A810711130A0632C0
:101A8000022A408F1A12231B0202C61C0440575917
:101A90001B02031513E10B1B08D9041A790413194F
:101AA0000C1B0869040718040309041A03157D04B4
:101AB000017C160240AB0341180A0553080658047E
:101AC0000770179F29F4312A1074041CD723BB0018
:101AD0000000000000000000000000000000000006
:04000005080002CD20
:00000001FF
